date,ticker,source_symbol,open,high,low,close,adj_close,volume,raw_open,raw_high,raw_low,raw_close,adjustment_factor,source_high,source_low,ohlc_repaired,raw_volume,trades,financial_volume,quotation_factor,bdi_code,market_type,isin,distribution_number,specification,issuer_name
2017-11-10,SUZB3,SUZB3,21.12,21.32,19.8,20.56,20.56,2195500,21.12,21.32,19.8,20.56,1.0,21.32,19.8,0,2195500,6705,44286032.0,1,02,010,BRSUZBACNOR0,121,ON      NM,SUZANO PAPEL
2017-11-13,SUZB3,SUZB3,20.44,20.45,19.01,20.39,20.39,10730000,20.44,20.45,19.01,20.39,1.0,20.45,19.01,0,10730000,37341,212922383.0,1,02,010,BRSUZBACNOR0,121,ON      NM,SUZANO PAPEL
2017-11-21,SUZB3,SUZB3,20.38,20.93,19.08,19.35,19.35,11397600,20.38,20.93,19.08,19.35,1.0,20.93,19.08,0,11397600,34791,227455516.0,1,02,010,BRSUZBACNOR0,121,ON      NM,SUZANO PAPEL
2017-11-27,SUZB3,SUZB3,19.19,19.45,17.03,17.74,17.74,26182300,19.19,19.45,17.03,17.74,1.0,19.45,17.03,0,26182300,79559,469112222.0,1,02,010,BRSUZBACNOR0,122,ON  EJ  NM,SUZANO PAPEL
2017-12-04,SUZB3,SUZB3,17.79,19.28,17.21,18.78,18.78,18277000,17.79,19.28,17.21,18.78,1.0,19.28,17.21,0,18277000,65862,333963977.0,1,02,010,BRSUZBACNOR0,122,ON  EJ  NM,SUZANO PAPEL
2017-12-11,SUZB3,SUZB3,18.78,18.78,17.92,18.27,18.27,16053300,18.78,18.78,17.92,18.27,1.0,18.78,17.92,0,16053300,60837,293608293.0,1,02,010,BRSUZBACNOR0,122,ON      NM,SUZANO PAPEL
2017-12-18,SUZB3,SUZB3,18.19,18.98,17.82,18.64,18.64,8707000,18.19,18.98,17.82,18.64,1.0,18.98,17.82,0,8707000,25969,159588694.0,1,02,010,BRSUZBACNOR0,122,ON      NM,SUZANO PAPEL
2017-12-26,SUZB3,SUZB3,18.64,18.69,18.15,18.69,18.69,5260300,18.64,18.69,18.15,18.69,1.0,18.69,18.15,0,5260300,20013,96938127.0,1,02,010,BRSUZBACNOR0,122,ON      NM,SUZANO PAPEL
2018-01-02,SUZB3,SUZB3,18.62,19.11,18.41,18.65,18.65,11082100,18.62,19.11,18.41,18.65,1.0,19.11,18.41,0,11082100,45767,207644344.0,1,02,010,BRSUZBACNOR0,122,ON      NM,SUZANO PAPEL
2018-01-08,SUZB3,SUZB3,18.8,19.65,18.77,19.27,19.27,17091600,18.8,19.65,18.77,19.27,1.0,19.65,18.77,0,17091600,50782,329364640.0,1,02,010,BRSUZBACNOR0,122,ON      NM,SUZANO PAPEL
2018-01-15,SUZB3,SUZB3,19.4,21.8,19.29,21.2,21.2,17035700,19.4,21.8,19.29,21.2,1.0,21.8,19.29,0,17035700,53848,346348779.0,1,02,010,BRSUZBACNOR0,122,ON      NM,SUZANO PAPEL
2018-01-22,SUZB3,SUZB3,21.36,21.53,20.31,20.59,20.59,13602700,21.36,21.53,20.31,20.59,1.0,21.53,20.31,0,13602700,51938,285458199.0,1,02,010,BRSUZBACNOR0,122,ON      NM,SUZANO PAPEL
2018-01-29,SUZB3,SUZB3,21.31,21.66,20.33,21.2,21.2,17638200,21.31,21.66,20.33,21.2,1.0,21.66,20.33,0,17638200,53931,369137722.0,1,02,010,BRSUZBACNOR0,122,ON      NM,SUZANO PAPEL
2018-02-05,SUZB3,SUZB3,21.36,21.64,19.3,19.92,19.92,21607800,21.36,21.64,19.3,19.92,1.0,21.64,19.3,0,21607800,70940,442986302.0,1,02,010,BRSUZBACNOR0,122,ON      NM,SUZANO PAPEL
2018-02-14,SUZB3,SUZB3,20.12,21.36,19.99,21.34,21.34,11476300,20.12,21.36,19.99,21.34,1.0,21.36,19.99,0,11476300,29712,236250366.0,1,02,010,BRSUZBACNOR0,122,ON      NM,SUZANO PAPEL
2018-02-19,SUZB3,SUZB3,21.42,23.47,21.41,22.15,22.15,22799800,21.42,23.47,21.41,22.15,1.0,23.47,21.41,0,22799800,78430,511605284.0,1,02,010,BRSUZBACNOR0,122,ON      NM,SUZANO PAPEL
2018-02-26,SUZB3,SUZB3,22.15,22.29,21.11,21.8,21.8,21603800,22.15,22.29,21.11,21.8,1.0,22.29,21.11,0,21603800,70781,466396509.0,1,02,010,BRSUZBACNOR0,122,ON      NM,SUZANO PAPEL
2018-03-05,SUZB3,SUZB3,21.93,23.45,21.34,23.14,23.14,18166100,21.93,23.45,21.34,23.14,1.0,23.45,21.34,0,18166100,60422,406957455.0,1,02,010,BRSUZBACNOR0,122,ON      NM,SUZANO PAPEL
2018-03-12,SUZB3,SUZB3,22.75,30.6,21.76,28.5,28.5,69665500,22.75,30.6,21.76,28.5,1.0,30.6,21.76,0,69665500,124856,1829347188.0,1,02,010,BRSUZBACNOR0,122,ON      NM,SUZANO PAPEL
2018-03-19,SUZB3,SUZB3,29.22,34.2,29.05,33.19,33.19,64986800,29.22,34.2,29.05,33.19,1.0,34.2,29.05,0,64986800,172131,2035791008.0,1,02,010,BRSUZBACNOR0,122,ON      NM,SUZANO PAPEL
2018-03-26,SUZB3,SUZB3,33.51,34.76,32.4,33.36,33.36,22706700,33.51,34.76,32.4,33.36,1.0,34.76,32.4,0,22706700,81441,760583088.0,1,02,010,BRSUZBACNOR0,122,ON      NM,SUZANO PAPEL
2018-04-02,SUZB3,SUZB3,33.4,37.99,32.77,37.99,37.99,28763800,33.4,37.99,32.77,37.99,1.0,37.99,32.77,0,28763800,96087,1017597442.0,1,02,010,BRSUZBACNOR0,122,ON      NM,SUZANO PAPEL
2018-04-09,SUZB3,SUZB3,38.05,38.78,35.44,36.25,36.25,21344300,38.05,38.78,35.44,36.25,1.0,38.78,35.44,0,21344300,77005,780328761.0,1,02,010,BRSUZBACNOR0,122,ON      NM,SUZANO PAPEL
2018-04-16,SUZB3,SUZB3,35.9,38.0,35.72,37.63,37.63,18347800,35.9,38.0,35.72,37.63,1.0,38.0,35.72,0,18347800,73262,683735758.0,1,02,010,BRSUZBACNOR0,122,ON      NM,SUZANO PAPEL
2018-04-23,SUZB3,SUZB3,37.69,42.2,37.69,40.25,40.25,21091400,37.69,42.2,37.69,40.25,1.0,42.2,37.69,0,21091400,76705,828842517.0,1,02,010,BRSUZBACNOR0,123,ON  ED  NM,SUZANO PAPEL
2018-04-30,SUZB3,SUZB3,40.5,42.99,39.51,39.85,39.85,18578800,40.5,42.99,39.51,39.85,1.0,42.99,39.51,0,18578800,64590,765259055.0,1,02,010,BRSUZBACNOR0,123,ON  ED  NM,SUZANO PAPEL
2018-05-07,SUZB3,SUZB3,39.83,43.85,39.09,43.1,43.1,21305500,39.83,43.85,39.09,43.1,1.0,43.85,39.09,0,21305500,69030,885699107.0,1,02,010,BRSUZBACNOR0,123,ON      NM,SUZANO PAPEL
2018-05-14,SUZB3,SUZB3,43.0,47.84,42.95,46.19,46.19,25631600,43.0,47.84,42.95,46.19,1.0,47.84,42.95,0,25631600,99530,1166246253.0,1,02,010,BRSUZBACNOR0,123,ON      NM,SUZANO PAPEL
2018-05-21,SUZB3,SUZB3,45.6,47.25,41.7,44.32,44.32,27979700,45.6,47.25,41.7,44.32,1.0,47.25,41.7,0,27979700,96778,1245053403.0,1,02,010,BRSUZBACNOR0,123,ON      NM,SUZANO PAPEL
2018-05-28,SUZB3,SUZB3,45.12,46.51,42.0,44.48,44.48,23627100,45.12,46.51,42.0,44.48,1.0,46.51,42.0,0,23627100,85326,1029928604.0,1,02,010,BRSUZBACNOR0,123,ON      NM,SUZANO PAPEL
2018-06-04,SUZB3,SUZB3,44.0,54.71,43.61,44.73,44.73,38440900,44.0,54.71,43.61,44.73,1.0,54.71,43.61,0,38440900,126991,1859654833.0,1,02,010,BRSUZBACNOR0,123,ON      NM,SUZANO PAPEL
2018-06-11,SUZB3,SUZB3,44.93,49.25,43.15,47.3,47.3,27054300,44.93,49.25,43.15,47.3,1.0,49.25,43.15,0,27054300,96405,1254312739.0,1,02,010,BRSUZBACNOR0,123,ON      NM,SUZANO PAPEL
2018-06-18,SUZB3,SUZB3,47.01,47.78,42.3,43.88,43.88,25229600,47.01,47.78,42.3,43.88,1.0,47.78,42.3,0,25229600,96345,1115025467.0,1,02,010,BRSUZBACNOR0,123,ON      NM,SUZANO PAPEL
2018-06-25,SUZB3,SUZB3,43.63,45.22,42.84,44.97,44.97,15197100,43.63,45.22,42.84,44.97,1.0,45.22,42.84,0,15197100,52613,673644560.0,1,02,010,BRSUZBACNOR0,123,ON      NM,SUZANO PAPEL
2018-07-02,SUZB3,SUZB3,44.97,48.15,44.1,45.64,45.64,9783900,44.97,48.15,44.1,45.64,1.0,48.15,44.1,0,9783900,46421,447068588.0,1,02,010,BRSUZBACNOR0,123,ON      NM,SUZANO PAPEL
2018-07-10,SUZB3,SUZB3,45.6,45.6,43.05,44.24,44.24,14407600,45.6,45.6,43.05,44.24,1.0,45.6,43.05,0,14407600,50096,639766115.0,1,02,010,BRSUZBACNOR0,123,ON      NM,SUZANO PAPEL
2018-07-16,SUZB3,SUZB3,44.6,45.09,39.63,39.81,39.81,31324400,44.6,45.09,39.63,39.81,1.0,45.09,39.63,0,31324400,100545,1322596570.0,1,02,010,BRSUZBACNOR0,123,ON      NM,SUZANO PAPEL
2018-07-23,SUZB3,SUZB3,40.02,43.4,39.95,43.4,43.4,19528300,40.02,43.4,39.95,43.4,1.0,43.4,39.95,0,19528300,62239,814733921.0,1,02,010,BRSUZBACNOR0,123,ON      NM,SUZANO PAPEL
2018-07-30,SUZB3,SUZB3,43.5,45.07,42.11,42.84,42.84,15711800,43.5,45.07,42.11,42.84,1.0,45.07,42.11,0,15711800,65846,686902280.0,1,02,010,BRSUZBACNOR0,123,ON      NM,SUZANO PAPEL
2018-08-06,SUZB3,SUZB3,42.91,45.89,41.68,45.68,45.68,22445000,42.91,45.89,41.68,45.68,1.0,45.89,41.68,0,22445000,76662,977333476.0,1,02,010,BRSUZBACNOR0,123,ON      NM,SUZANO PAPEL
2018-08-13,SUZB3,SUZB3,46.1,47.5,42.9,43.94,43.94,25848300,46.1,47.5,42.9,43.94,1.0,47.5,42.9,0,25848300,89390,1171455505.0,1,02,010,BRSUZBACNOR0,123,ON      NM,SUZANO PAPEL
2018-08-20,SUZB3,SUZB3,44.05,51.43,43.6,50.89,50.89,29077900,44.05,51.43,43.6,50.89,1.0,51.43,43.6,0,29077900,101854,1394068912.0,1,02,010,BRSUZBACNOR0,123,ON      NM,SUZANO PAPEL
2018-08-27,SUZB3,SUZB3,50.8,50.8,47.0,47.31,47.31,23419900,50.8,50.8,47.0,47.31,1.0,50.8,47.0,0,23419900,77765,1143131193.0,1,02,010,BRSUZBACNOR0,123,ON      NM,SUZANO PAPEL
2018-09-03,SUZB3,SUZB3,48.21,55.2,48.15,54.42,54.42,22424500,48.21,55.2,48.15,54.42,1.0,55.2,48.15,0,22424500,73049,1177647690.0,1,02,010,BRSUZBACNOR0,123,ON      NM,SUZANO PAPEL
2018-09-10,SUZB3,SUZB3,54.0,54.7,49.96,52.0,52.0,25108200,54.0,54.7,49.96,52.0,1.0,54.7,49.96,0,25108200,81017,1303433723.0,1,02,010,BRSUZBACNOR0,123,ON      NM,SUZANO PAPEL
2018-09-17,SUZB3,SUZB3,52.34,52.58,46.71,47.05,47.05,25976200,52.34,52.58,46.71,47.05,1.0,52.58,46.71,0,25976200,84106,1272373325.0,1,02,010,BRSUZBACNOR0,123,ON      NM,SUZANO PAPEL
2018-09-24,SUZB3,SUZB3,47.4,48.68,46.72,48.08,48.08,22908800,47.4,48.68,46.72,48.08,1.0,48.68,46.72,0,22908800,74863,1094089875.0,1,02,010,BRSUZBACNOR0,123,ON      NM,SUZANO PAPEL
2018-10-01,SUZB3,SUZB3,48.27,48.27,41.02,41.88,41.88,30269600,48.27,48.27,41.02,41.88,1.0,48.27,41.02,0,30269600,106410,1335508394.0,1,02,010,BRSUZBACNOR0,123,ON      NM,SUZANO PAPEL
2018-10-08,SUZB3,SUZB3,39.9,43.07,39.4,41.54,41.54,31385500,39.9,43.07,39.4,41.54,1.0,43.07,39.4,0,31385500,97632,1291120263.0,1,02,010,BRSUZBACNOR0,123,ON      NM,SUZANO PAPEL
2018-10-15,SUZB3,SUZB3,42.1,42.14,39.33,40.29,40.29,24492900,42.1,42.14,39.33,40.29,1.0,42.14,39.33,0,24492900,83907,997778991.0,1,02,010,BRSUZBACNOR0,123,ON      NM,SUZANO PAPEL
2018-10-22,SUZB3,SUZB3,40.42,42.65,39.3,39.5,39.5,23596000,40.42,42.65,39.3,39.5,1.0,42.65,39.3,0,23596000,88412,966217691.0,1,02,010,BRSUZBACNOR0,123,ON      NM,SUZANO PAPEL
2018-10-29,SUZB3,SUZB3,39.2,39.89,35.9,37.04,37.04,25583700,39.2,39.89,35.9,37.04,1.0,39.89,35.9,0,25583700,87112,962916486.0,1,02,010,BRSUZBACNOR0,123,ON      NM,SUZANO PAPEL
2018-11-05,SUZB3,SUZB3,37.24,38.94,34.0,34.4,34.4,27155900,37.24,38.94,34.0,34.4,1.0,38.94,34.0,0,27155900,81984,988973709.0,1,02,010,BRSUZBACNOR0,123,ON      NM,SUZANO PAPEL
2018-11-12,SUZB3,SUZB3,34.53,39.15,33.7,38.6,38.6,27004200,34.53,39.15,33.7,38.6,1.0,39.15,33.7,0,27004200,104010,990343565.0,1,02,010,BRSUZBACNOR0,123,ON      NM,SUZANO PAPEL
2018-11-19,SUZB3,SUZB3,38.9,39.43,35.55,37.15,37.15,18067300,38.9,39.43,35.55,37.15,1.0,39.43,35.55,0,18067300,62862,670294764.0,1,02,010,BRSUZBACNOR0,123,ON      NM,SUZANO PAPEL
2018-11-26,SUZB3,SUZB3,37.51,42.0,36.24,40.89,40.89,31028000,37.51,42.0,36.24,40.89,1.0,42.0,36.24,0,31028000,97122,1202671276.0,1,02,010,BRSUZBACNOR0,123,ON      NM,SUZANO PAPEL
2018-12-03,SUZB3,SUZB3,41.5,41.81,37.8,38.15,38.15,29976300,41.5,41.81,37.8,38.15,1.0,41.81,37.8,0,29976300,83320,1188085909.0,1,02,010,BRSUZBACNOR0,123,ON      NM,SUZANO PAPEL
2018-12-10,SUZB3,SUZB3,38.15,38.67,35.7,37.1,37.1,25692200,38.15,38.67,35.7,37.1,1.0,38.67,35.7,0,25692200,77381,945547416.0,1,02,010,BRSUZBACNOR0,123,ON      NM,SUZANO PAPEL
2018-12-17,SUZB3,SUZB3,37.12,38.8,36.14,38.8,38.8,24871900,37.12,38.8,36.14,38.8,1.0,38.8,36.14,0,24871900,56939,930381466.0,1,02,010,BRSUZBACNOR0,123,ON      NM,SUZANO PAPEL
2018-12-26,SUZB3,SUZB3,38.6,39.24,36.62,38.08,38.08,10143600,38.6,39.24,36.62,38.08,1.0,39.24,36.62,0,10143600,33597,383730029.0,1,02,010,BRSUZBACNOR0,123,ON      NM,SUZANO PAPEL
2019-01-02,SUZB3,SUZB3,37.95,39.49,35.62,37.57,37.57,35117800,37.95,39.49,35.62,37.57,1.0,39.49,35.62,0,35117800,73598,1305105113.0,1,02,010,BRSUZBACNOR0,123,ON      NM,SUZANO PAPEL
2019-01-07,SUZB3,SUZB3,37.52,39.9,35.78,38.86,38.86,31410600,37.52,39.9,35.78,38.86,1.0,39.9,35.78,0,31410600,95530,1181094103.0,1,02,010,BRSUZBACNOR0,123,ON      NM,SUZANO PAPEL
2019-01-14,SUZB3,SUZB3,38.34,44.85,38.34,44.37,44.37,46915700,38.34,44.85,38.34,44.37,1.0,44.85,38.34,0,46915700,130626,1986130347.0,1,02,010,BRSUZBACNOR0,123,ON      NM,SUZANO PAPEL
2019-01-21,SUZB3,SUZB3,44.4,47.95,42.8,47.95,47.95,27327200,44.4,47.95,42.8,47.95,1.0,47.95,42.8,0,27327200,85588,1249545382.0,1,02,010,BRSUZBACNOR0,123,ON      NM,SUZANO PAPEL
2019-01-28,SUZB3,SUZB3,47.4,49.79,45.39,46.61,46.61,37459300,47.4,49.79,45.39,46.61,1.0,49.79,45.39,0,37459300,103148,1782256753.0,1,02,010,BRSUZBACNOR0,123,ON      NM,SUZANO PAPEL
2019-02-04,SUZB3,SUZB3,46.34,50.0,46.32,47.96,47.96,24490700,46.34,50.0,46.32,47.96,1.0,50.0,46.32,0,24490700,75545,1180442268.0,1,02,010,BRSUZBACNOR0,123,ON      NM,SUZANO PAPEL
2019-02-11,SUZB3,SUZB3,48.0,48.66,44.71,45.68,45.68,29039800,48.0,48.66,44.71,45.68,1.0,48.66,44.71,0,29039800,86890,1334532142.0,1,02,010,BRSUZBACNOR0,123,ON      NM,SUZANO PAPEL
2019-02-18,SUZB3,SUZB3,46.0,48.08,45.66,47.5,47.5,20567300,46.0,48.08,45.66,47.5,1.0,48.08,45.66,0,20567300,65936,965381750.0,1,02,010,BRSUZBACNOR0,123,ON      NM,SUZANO PAPEL
2019-02-25,SUZB3,SUZB3,47.35,50.5,47.27,48.56,48.56,28615200,47.35,50.5,47.27,48.56,1.0,50.5,47.27,0,28615200,90372,1399367605.0,1,02,010,BRSUZBACNOR0,123,ON      NM,SUZANO PAPEL
2019-03-06,SUZB3,SUZB3,49.19,49.68,46.83,47.04,47.04,17155700,49.19,49.68,46.83,47.04,1.0,49.68,46.83,0,17155700,51282,819269980.0,1,02,010,BRSUZBACNOR0,123,ON      NM,SUZANO PAPEL
2019-03-11,SUZB3,SUZB3,47.15,47.8,45.48,46.7,46.7,19446700,47.15,47.8,45.48,46.7,1.0,47.8,45.48,0,19446700,54451,905245281.0,1,02,010,BRSUZBACNOR0,123,ON      NM,SUZANO PAPEL
2019-03-18,SUZB3,SUZB3,46.91,47.69,43.8,45.79,45.79,34468600,46.91,47.69,43.8,45.79,1.0,47.69,43.8,0,34468600,97732,1574356319.0,1,02,010,BRSUZBACNOR0,123,ON      NM,SUZANO PAPEL
2019-03-25,SUZB3,SUZB3,45.96,47.81,45.35,46.55,46.55,32000200,45.96,47.81,45.35,46.55,1.0,47.81,45.35,0,32000200,100485,1491498551.0,1,02,010,BRSUZBACNOR0,123,ON      NM,SUZANO PAPEL
2019-04-01,SUZB3,SUZB3,46.26,48.38,45.01,45.2,45.2,18071400,46.26,48.38,45.01,45.2,1.0,48.38,45.01,0,18071400,61956,844086519.0,1,02,010,BRSUZBACNOR0,123,ON      NM,SUZANO S.A.
2019-04-08,SUZB3,SUZB3,45.42,45.72,41.88,42.49,42.49,19705300,45.42,45.72,41.88,42.49,1.0,45.72,41.88,0,19705300,75695,857079412.0,1,02,010,BRSUZBACNOR0,123,ON      NM,SUZANO S.A.
2019-04-15,SUZB3,SUZB3,42.67,43.09,40.62,41.03,41.03,24204400,42.67,43.09,40.62,41.03,1.0,43.09,40.62,0,24204400,72056,1003620308.0,1,02,010,BRSUZBACNOR0,123,ON      NM,SUZANO S.A.
2019-04-22,SUZB3,SUZB3,40.48,43.35,40.25,42.75,42.75,26284300,40.48,43.35,40.25,42.75,1.0,43.35,40.25,0,26284300,88910,1097831581.0,1,02,010,BRSUZBACNOR0,124,ON  ED  NM,SUZANO S.A.
2019-04-29,SUZB3,SUZB3,42.91,43.0,40.64,41.99,41.99,25000100,42.91,43.0,40.64,41.99,1.0,43.0,40.64,0,25000100,66131,1042118650.0,1,02,010,BRSUZBACNOR0,124,ON      NM,SUZANO S.A.
2019-05-06,SUZB3,SUZB3,42.2,44.16,40.31,40.31,40.31,30841500,42.2,44.16,40.31,40.31,1.0,44.16,40.31,0,30841500,93480,1292084518.0,1,02,010,BRSUZBACNOR0,124,ON      NM,SUZANO S.A.
2019-05-13,SUZB3,SUZB3,40.35,40.41,35.28,38.0,38.0,44630600,40.35,40.41,35.28,38.0,1.0,40.41,35.28,0,44630600,129133,1666144526.0,1,02,010,BRSUZBACNOR0,124,ON      NM,SUZANO S.A.
2019-05-20,SUZB3,SUZB3,37.68,38.1,34.02,34.09,34.09,48890700,37.68,38.1,34.02,34.09,1.0,38.1,34.02,0,48890700,144116,1770812010.0,1,02,010,BRSUZBACNOR0,124,ON      NM,SUZANO S.A.
2019-05-27,SUZB3,SUZB3,34.4,35.24,31.85,32.08,32.08,41249700,34.4,35.24,31.85,32.08,1.0,35.24,31.85,0,41249700,115030,1388438618.0,1,02,010,BRSUZBACNOR0,124,ON      NM,SUZANO S.A.
2019-06-03,SUZB3,SUZB3,32.28,32.6,29.17,30.36,30.36,46672900,32.28,32.6,29.17,30.36,1.0,32.6,29.17,0,46672900,134234,1430573619.0,1,02,010,BRSUZBACNOR0,124,ON      NM,SUZANO S.A.
2019-06-10,SUZB3,SUZB3,30.5,32.5,30.12,32.5,32.5,37477900,30.5,32.5,30.12,32.5,1.0,32.5,30.12,0,37477900,108470,1169725449.0,1,02,010,BRSUZBACNOR0,124,ON      NM,SUZANO S.A.
2019-06-17,SUZB3,SUZB3,32.66,33.8,32.35,33.76,33.76,29886000,32.66,33.8,32.35,33.76,1.0,33.8,32.35,0,29886000,68895,990997795.0,1,02,010,BRSUZBACNOR0,124,ON      NM,SUZANO S.A.
2019-06-24,SUZB3,SUZB3,33.71,35.0,32.17,32.85,32.85,38854400,33.71,35.0,32.17,32.85,1.0,35.0,32.17,0,38854400,97596,1306524144.0,1,02,010,BRSUZBACNOR0,124,ON      NM,SUZANO S.A.
2019-07-01,SUZB3,SUZB3,32.7,33.3,30.37,32.7,32.7,44188300,32.7,33.3,30.37,32.7,1.0,33.3,30.37,0,44188300,113969,1402661424.0,1,02,010,BRSUZBACNOR0,124,ON      NM,SUZANO S.A.
2019-07-08,SUZB3,SUZB3,32.6,32.92,31.05,32.0,32.0,27344800,32.6,32.92,31.05,32.0,1.0,32.92,31.05,0,27344800,71148,872160603.0,1,02,010,BRSUZBACNOR0,124,ON      NM,SUZANO S.A.
2019-07-15,SUZB3,SUZB3,32.3,35.16,32.08,33.08,33.08,55071600,32.3,35.16,32.08,33.08,1.0,35.16,32.08,0,55071600,131442,1863822552.0,1,02,010,BRSUZBACNOR0,124,ON      NM,SUZANO S.A.
2019-07-22,SUZB3,SUZB3,32.86,33.04,30.9,31.2,31.2,29520500,32.86,33.04,30.9,31.2,1.0,33.04,30.9,0,29520500,71819,941759931.0,1,02,010,BRSUZBACNOR0,124,ON      NM,SUZANO S.A.
2019-07-29,SUZB3,SUZB3,31.28,32.17,29.96,30.21,30.21,41249500,31.28,32.17,29.96,30.21,1.0,32.17,29.96,0,41249500,111071,1264508308.0,1,02,010,BRSUZBACNOR0,124,ON      NM,SUZANO S.A.
2019-08-05,SUZB3,SUZB3,30.16,32.59,29.29,30.46,30.46,39225400,30.16,32.59,29.29,30.46,1.0,32.59,29.29,0,39225400,102133,1202398204.0,1,02,010,BRSUZBACNOR0,124,ON      NM,SUZANO S.A.
2019-08-12,SUZB3,SUZB3,30.5,33.3,30.19,32.04,32.04,43759000,30.5,33.3,30.19,32.04,1.0,33.3,30.19,0,43759000,113530,1397054395.0,1,02,010,BRSUZBACNOR0,124,ON      NM,SUZANO S.A.
2019-08-19,SUZB3,SUZB3,32.0,32.28,27.55,28.0,28.0,48107300,32.0,32.28,27.55,28.0,1.0,32.28,27.55,0,48107300,140911,1439704652.0,1,02,010,BRSUZBACNOR0,124,ON      NM,SUZANO S.A.
2019-08-26,SUZB3,SUZB3,28.25,29.71,27.59,29.08,29.08,34578100,28.25,29.71,27.59,29.08,1.0,29.71,27.59,0,34578100,101571,989733759.0,1,02,010,BRSUZBACNOR0,124,ON      NM,SUZANO S.A.
2019-09-02,SUZB3,SUZB3,29.05,30.09,28.41,29.67,29.67,28091900,29.05,30.09,28.41,29.67,1.0,30.09,28.41,0,28091900,78572,823042577.0,1,02,010,BRSUZBACNOR0,124,ON      NM,SUZANO S.A.
2019-09-09,SUZB3,SUZB3,29.7,33.62,29.38,33.3,33.3,46651000,29.7,33.62,29.38,33.3,1.0,33.62,29.38,0,46651000,136978,1488203665.0,1,02,010,BRSUZBACNOR0,124,ON      NM,SUZANO S.A.
2019-09-16,SUZB3,SUZB3,32.55,34.31,31.55,31.9,31.9,43137400,32.55,34.31,31.55,31.9,1.0,34.31,31.55,0,43137400,111751,1423340842.0,1,02,010,BRSUZBACNOR0,124,ON      NM,SUZANO S.A.
2019-09-23,SUZB3,SUZB3,31.9,34.09,31.9,33.75,33.75,29361500,31.9,34.09,31.9,33.75,1.0,34.09,31.9,0,29361500,84302,969964723.0,1,02,010,BRSUZBACNOR0,124,ON      NM,SUZANO S.A.
2019-09-30,SUZB3,SUZB3,33.8,33.95,31.94,32.83,32.83,23965000,33.8,33.95,31.94,32.83,1.0,33.95,31.94,0,23965000,75170,789359462.0,1,02,010,BRSUZBACNOR0,124,ON      NM,SUZANO S.A.
2019-10-07,SUZB3,SUZB3,32.7,35.5,31.57,35.24,35.24,30273800,32.7,35.5,31.57,35.24,1.0,35.5,31.57,0,30273800,98227,1019861992.0,1,02,010,BRSUZBACNOR0,124,ON      NM,SUZANO S.A.
2019-10-14,SUZB3,SUZB3,34.99,35.88,33.63,33.81,33.81,23957900,34.99,35.88,33.63,33.81,1.0,35.88,33.63,0,23957900,75713,830598053.0,1,02,010,BRSUZBACNOR0,124,ON      NM,SUZANO S.A.
2019-10-21,SUZB3,SUZB3,33.85,35.71,32.57,32.7,32.7,30648700,33.85,35.71,32.57,32.7,1.0,35.71,32.57,0,30648700,95116,1046541146.0,1,02,010,BRSUZBACNOR0,124,ON      NM,SUZANO S.A.
2019-10-28,SUZB3,SUZB3,32.88,35.5,31.86,35.01,35.01,36944700,32.88,35.5,31.86,35.01,1.0,35.5,31.86,0,36944700,96868,1252911069.0,1,02,010,BRSUZBACNOR0,124,ON      NM,SUZANO S.A.
2019-11-04,SUZB3,SUZB3,34.9,38.89,34.51,38.0,38.0,47548800,34.9,38.89,34.51,38.0,1.0,38.89,34.51,0,47548800,158113,1770004920.0,1,02,010,BRSUZBACNOR0,124,ON      NM,SUZANO S.A.
2019-11-11,SUZB3,SUZB3,37.9,39.26,36.21,36.65,36.65,25441900,37.9,39.26,36.21,36.65,1.0,39.26,36.21,0,25441900,83021,964494783.0,1,02,010,BRSUZBACNOR0,124,ON      NM,SUZANO S.A.
2019-11-18,SUZB3,SUZB3,36.91,38.69,36.35,38.31,38.31,21742700,36.91,38.69,36.35,38.31,1.0,38.69,36.35,0,21742700,67790,823768596.0,1,02,010,BRSUZBACNOR0,124,ON      NM,SUZANO S.A.
2019-11-25,SUZB3,SUZB3,38.62,39.5,37.8,38.56,38.56,27655600,38.62,39.5,37.8,38.56,1.0,39.5,37.8,0,27655600,85088,1063785913.0,1,02,010,BRSUZBACNOR0,124,ON      NM,SUZANO S.A.
2019-12-02,SUZB3,SUZB3,38.56,39.15,37.64,38.2,38.2,19724100,38.56,39.15,37.64,38.2,1.0,39.15,37.64,0,19724100,70931,756575244.0,1,02,010,BRSUZBACNOR0,124,ON      NM,SUZANO S.A.
2019-12-09,SUZB3,SUZB3,38.1,39.88,37.7,38.88,38.88,19071100,38.1,39.88,37.7,38.88,1.0,39.88,37.7,0,19071100,67053,738496990.0,1,02,010,BRSUZBACNOR0,124,ON      NM,SUZANO S.A.
2019-12-16,SUZB3,SUZB3,39.0,40.5,38.93,40.18,40.18,27067800,39.0,40.5,38.93,40.18,1.0,40.5,38.93,0,27067800,78549,1074917335.0,1,02,010,BRSUZBACNOR0,124,ON      NM,SUZANO S.A.
2019-12-23,SUZB3,SUZB3,40.25,40.95,39.47,40.0,40.0,9185300,40.25,40.95,39.47,40.0,1.0,40.95,39.47,0,9185300,31612,368844024.0,1,02,010,BRSUZBACNOR0,124,ON      NM,SUZANO S.A.
2019-12-30,SUZB3,SUZB3,40.0,41.36,39.68,40.65,40.65,10828000,40.0,41.36,39.68,40.65,1.0,41.36,39.68,0,10828000,36184,438757726.0,1,02,010,BRSUZBACNOR0,124,ON      NM,SUZANO S.A.
2020-01-06,SUZB3,SUZB3,40.36,43.58,40.08,43.11,43.11,30420300,40.36,43.58,40.08,43.11,1.0,43.58,40.08,0,30420300,99744,1284952881.0,1,02,010,BRSUZBACNOR0,124,ON      NM,SUZANO S.A.
2020-01-13,SUZB3,SUZB3,43.5,45.27,43.26,43.78,43.78,32842800,43.5,45.27,43.26,43.78,1.0,45.27,43.26,0,32842800,114748,1457289411.0,1,02,010,BRSUZBACNOR0,124,ON      NM,SUZANO S.A.
2020-01-20,SUZB3,SUZB3,43.8,44.85,42.31,43.87,43.87,22987900,43.8,44.85,42.31,43.87,1.0,44.85,42.31,0,22987900,89907,1000192347.0,1,02,010,BRSUZBACNOR0,124,ON      NM,SUZANO S.A.
2020-01-27,SUZB3,SUZB3,42.45,42.63,39.44,39.67,39.67,29533700,42.45,42.63,39.44,39.67,1.0,42.63,39.44,0,29533700,100761,1207963402.0,1,02,010,BRSUZBACNOR0,124,ON      NM,SUZANO S.A.
2020-02-03,SUZB3,SUZB3,38.97,40.3,37.64,37.64,37.64,27595100,38.97,40.3,37.64,37.64,1.0,40.3,37.64,0,27595100,102398,1074203866.0,1,02,010,BRSUZBACNOR0,124,ON      NM,SUZANO S.A.
2020-02-10,SUZB3,SUZB3,37.69,42.07,36.4,39.81,39.81,42830700,37.69,42.07,36.4,39.81,1.0,42.07,36.4,0,42830700,128263,1702122819.0,1,02,010,BRSUZBACNOR0,124,ON      NM,SUZANO S.A.
2020-02-17,SUZB3,SUZB3,40.0,41.42,39.0,41.42,41.42,21638800,40.0,41.42,39.0,41.42,1.0,41.42,39.0,0,21638800,84923,873345552.0,1,02,010,BRSUZBACNOR0,124,ON      NM,SUZANO S.A.
2020-02-26,SUZB3,SUZB3,39.5,40.06,36.69,38.14,38.14,24975200,39.5,40.06,36.69,38.14,1.0,40.06,36.69,0,24975200,99261,960220203.0,1,02,010,BRSUZBACNOR0,124,ON      NM,SUZANO S.A.
2020-03-02,SUZB3,SUZB3,38.7,44.28,38.13,40.03,40.03,43730200,38.7,44.28,38.13,40.03,1.0,44.28,38.13,0,43730200,140599,1813880816.0,1,02,010,BRSUZBACNOR0,124,ON      NM,SUZANO S.A.
2020-03-09,SUZB3,SUZB3,39.0,39.71,28.63,31.58,31.58,64888100,39.0,39.71,28.63,31.58,1.0,39.71,28.63,0,64888100,197104,2177073643.0,1,02,010,BRSUZBACNOR0,124,ON      NM,SUZANO S.A.
2020-03-16,SUZB3,SUZB3,28.84,31.58,22.68,27.39,27.39,61456400,28.84,31.58,22.68,27.39,1.0,31.58,22.68,0,61456400,206894,1674060841.0,1,02,010,BRSUZBACNOR0,124,ON      NM,SUZANO S.A.
2020-03-23,SUZB3,SUZB3,27.93,34.66,25.24,32.87,32.87,51654400,27.93,34.66,25.24,32.87,1.0,34.66,25.24,0,51654400,174093,1535640903.0,1,02,010,BRSUZBACNOR0,124,ON      NM,SUZANO S.A.
2020-03-30,SUZB3,SUZB3,34.02,40.84,33.53,39.8,39.8,60070800,34.02,40.84,33.53,39.8,1.0,40.84,33.53,0,60070800,178877,2247021918.0,1,02,010,BRSUZBACNOR0,124,ON      NM,SUZANO S.A.
2020-04-06,SUZB3,SUZB3,40.63,41.4,35.2,35.4,35.4,40909700,40.63,41.4,35.2,35.4,1.0,41.4,35.2,0,40909700,142148,1548483146.0,1,02,010,BRSUZBACNOR0,124,ON      NM,SUZANO S.A.
2020-04-13,SUZB3,SUZB3,35.4,38.71,34.81,35.84,35.84,30026800,35.4,38.71,34.81,35.84,1.0,38.71,34.81,0,30026800,106974,1101195027.0,1,02,010,BRSUZBACNOR0,124,ON      NM,SUZANO S.A.
2020-04-20,SUZB3,SUZB3,35.32,39.34,34.7,39.13,39.13,40359400,35.32,39.34,34.7,39.13,1.0,39.34,34.7,0,40359400,128519,1477460779.0,1,02,010,BRSUZBACNOR0,124,ON      NM,SUZANO S.A.
2020-04-27,SUZB3,SUZB3,39.5,40.74,38.25,39.41,39.41,30178800,39.5,40.74,38.25,39.41,1.0,40.74,38.25,0,30178800,103456,1186930061.0,1,02,010,BRSUZBACNOR0,124,ON      NM,SUZANO S.A.
2020-05-04,SUZB3,SUZB3,38.73,48.2,38.39,47.35,47.35,54188000,38.73,48.2,38.39,47.35,1.0,48.2,38.39,0,54188000,176156,2394958658.0,1,02,010,BRSUZBACNOR0,124,ON      NM,SUZANO S.A.
2020-05-11,SUZB3,SUZB3,47.0,51.2,44.03,45.03,45.03,62380400,47.0,51.2,44.03,45.03,1.0,51.2,44.03,0,62380400,225991,2994377338.0,1,02,010,BRSUZBACNOR0,124,ON      NM,SUZANO S.A.
2020-05-18,SUZB3,SUZB3,44.8,45.22,38.0,38.61,38.61,63646400,44.8,45.22,38.0,38.61,1.0,45.22,38.0,0,63646400,210774,2593164402.0,1,02,010,BRSUZBACNOR0,124,ON      NM,SUZANO S.A.
2020-05-25,SUZB3,SUZB3,38.99,39.37,36.57,37.86,37.86,54455600,38.99,39.37,36.57,37.86,1.0,39.37,36.57,0,54455600,173119,2075913526.0,1,02,010,BRSUZBACNOR0,124,ON      NM,SUZANO S.A.
2020-06-01,SUZB3,SUZB3,38.31,40.0,37.41,38.3,38.3,50719300,38.31,40.0,37.41,38.3,1.0,40.0,37.41,0,50719300,170962,1955732907.0,1,02,010,BRSUZBACNOR0,124,ON      NM,SUZANO S.A.
2020-06-08,SUZB3,SUZB3,38.15,39.2,36.2,37.01,37.01,39485000,38.15,39.2,36.2,37.01,1.0,39.2,36.2,0,39485000,139684,1499752028.0,1,02,010,BRSUZBACNOR0,124,ON      NM,SUZANO S.A.
2020-06-15,SUZB3,SUZB3,36.62,40.15,36.41,39.5,39.5,51671800,36.62,40.15,36.41,39.5,1.0,40.15,36.41,0,51671800,138725,2004927015.0,1,02,010,BRSUZBACNOR0,124,ON      NM,SUZANO S.A.
2020-06-22,SUZB3,SUZB3,39.61,39.78,37.51,37.88,37.88,25906800,39.61,39.78,37.51,37.88,1.0,39.78,37.51,0,25906800,93198,994737015.0,1,02,010,BRSUZBACNOR0,124,ON      NM,SUZANO S.A.
2020-06-29,SUZB3,SUZB3,37.82,38.16,36.14,37.27,37.27,33014400,37.82,38.16,36.14,37.27,1.0,38.16,36.14,0,33014400,108579,1220059339.0,1,02,010,BRSUZBACNOR0,124,ON      NM,SUZANO S.A.
2020-07-06,SUZB3,SUZB3,37.27,37.27,35.9,36.68,36.68,31303700,37.27,37.27,35.9,36.68,1.0,37.27,35.9,0,31303700,103365,1144224669.0,1,02,010,BRSUZBACNOR0,124,ON      NM,SUZANO S.A.
2020-07-13,SUZB3,SUZB3,36.76,39.9,35.71,39.85,39.85,41897400,36.76,39.9,35.71,39.85,1.0,39.9,35.71,0,41897400,143121,1592711838.0,1,02,010,BRSUZBACNOR0,124,ON      NM,SUZANO S.A.
2020-07-20,SUZB3,SUZB3,39.55,43.07,38.92,42.3,42.3,43123500,39.55,43.07,38.92,42.3,1.0,43.07,38.92,0,43123500,121431,1753023761.0,1,02,010,BRSUZBACNOR0,124,ON      NM,SUZANO S.A.
2020-07-27,SUZB3,SUZB3,41.7,42.96,40.9,42.0,42.0,21260100,41.7,42.96,40.9,42.0,1.0,42.96,40.9,0,21260100,76942,888328917.0,1,02,010,BRSUZBACNOR0,124,ON      NM,SUZANO S.A.
2020-08-03,SUZB3,SUZB3,42.4,47.44,41.42,46.18,46.18,36381900,42.4,47.44,41.42,46.18,1.0,47.44,41.42,0,36381900,133060,1627061903.0,1,02,010,BRSUZBACNOR0,124,ON      NM,SUZANO S.A.
2020-08-10,SUZB3,SUZB3,46.0,52.2,46.0,50.49,50.49,43366100,46.0,52.2,46.0,50.49,1.0,52.2,46.0,0,43366100,150614,2118396104.0,1,02,010,BRSUZBACNOR0,124,ON      NM,SUZANO S.A.
2020-08-17,SUZB3,SUZB3,50.0,53.75,50.0,52.15,52.15,37493700,50.0,53.75,50.0,52.15,1.0,53.75,50.0,0,37493700,143578,1942442404.0,1,02,010,BRSUZBACNOR0,124,ON      NM,SUZANO S.A.
2020-08-24,SUZB3,SUZB3,52.2,52.38,49.82,50.99,50.99,26663400,52.2,52.38,49.82,50.99,1.0,52.38,49.82,0,26663400,114592,1365834443.0,1,02,010,BRSUZBACNOR0,124,ON      NM,SUZANO S.A.
2020-08-31,SUZB3,SUZB3,50.55,51.81,47.0,47.54,47.54,30147100,50.55,51.81,47.0,47.54,1.0,51.81,47.0,0,30147100,107496,1476062059.0,1,02,010,BRSUZBACNOR0,124,ON      NM,SUZANO S.A.
2020-09-08,SUZB3,SUZB3,47.34,47.91,44.82,45.6,45.6,16242800,47.34,47.91,44.82,45.6,1.0,47.91,44.82,0,16242800,69364,755655406.0,1,02,010,BRSUZBACNOR0,124,ON      NM,SUZANO S.A.
2020-09-14,SUZB3,SUZB3,45.51,51.7,45.38,50.05,50.05,32247200,45.51,51.7,45.38,50.05,1.0,51.7,45.38,0,32247200,103595,1575967459.0,1,02,010,BRSUZBACNOR0,124,ON      NM,SUZANO S.A.
2020-09-21,SUZB3,SUZB3,49.49,49.97,45.38,48.14,48.14,26504100,49.49,49.97,45.38,48.14,1.0,49.97,45.38,0,26504100,91418,1252901775.0,1,02,010,BRSUZBACNOR0,124,ON      NM,SUZANO S.A.
2020-09-28,SUZB3,SUZB3,48.08,49.23,45.07,46.33,46.33,48508400,48.08,49.23,45.07,46.33,1.0,49.23,45.07,0,48508400,147362,2273467014.0,1,02,010,BRSUZBACNOR0,124,ON      NM,SUZANO S.A.
2020-10-05,SUZB3,SUZB3,46.05,49.59,46.04,48.95,48.95,76595700,46.05,49.59,46.04,48.95,1.0,49.59,46.04,0,76595700,166011,3691266738.0,1,02,010,BRSUZBACNOR0,124,ON      NM,SUZANO S.A.
2020-10-13,SUZB3,SUZB3,49.37,51.59,47.15,50.59,50.59,31515200,49.37,51.59,47.15,50.59,1.0,51.59,47.15,0,31515200,112441,1549607922.0,1,02,010,BRSUZBACNOR0,124,ON      NM,SUZANO S.A.
2020-10-19,SUZB3,SUZB3,51.69,52.22,49.82,51.21,51.21,28225600,51.69,52.22,49.82,51.21,1.0,52.22,49.82,0,28225600,105873,1433100950.0,1,02,010,BRSUZBACNOR0,124,ON      NM,SUZANO S.A.
2020-10-26,SUZB3,SUZB3,51.26,52.97,48.0,50.05,50.05,39391100,51.26,52.97,48.0,50.05,1.0,52.97,48.0,0,39391100,149877,1988942173.0,1,02,010,BRSUZBACNOR0,124,ON      NM,SUZANO S.A.
2020-11-03,SUZB3,SUZB3,51.0,52.88,49.42,49.9,49.9,33332100,51.0,52.88,49.42,49.9,1.0,52.88,49.42,0,33332100,132750,1709355144.0,1,02,010,BRSUZBACNOR0,124,ON      NM,SUZANO S.A.
2020-11-09,SUZB3,SUZB3,48.35,52.14,47.3,51.94,51.94,47989500,48.35,52.14,47.3,51.94,1.0,52.14,47.3,0,47989500,179803,2367876962.0,1,02,010,BRSUZBACNOR0,124,ON      NM,SUZANO S.A.
2020-11-16,SUZB3,SUZB3,52.1,53.99,49.82,51.23,51.23,36311600,52.1,53.99,49.82,51.23,1.0,53.99,49.82,0,36311600,113432,1871637723.0,1,02,010,BRSUZBACNOR0,124,ON      NM,SUZANO S.A.
2020-11-23,SUZB3,SUZB3,51.48,56.49,49.4,55.53,55.53,37228100,51.48,56.49,49.4,55.53,1.0,56.49,49.4,0,37228100,127286,1944678320.0,1,02,010,BRSUZBACNOR0,124,ON      NM,SUZANO S.A.
2020-11-30,SUZB3,SUZB3,56.1,58.07,51.1,52.8,52.8,94587300,56.1,58.07,51.1,52.8,1.0,58.07,51.1,0,94587300,187513,5189577049.0,1,02,010,BRSUZBACNOR0,124,ON      NM,SUZANO S.A.
2020-12-07,SUZB3,SUZB3,52.68,53.64,49.52,51.42,51.42,31281700,52.68,53.64,49.52,51.42,1.0,53.64,49.52,0,31281700,110099,1616496748.0,1,02,010,BRSUZBACNOR0,124,ON      NM,SUZANO S.A.
2020-12-14,SUZB3,SUZB3,51.11,57.59,50.24,56.43,56.43,42315200,51.11,57.59,50.24,56.43,1.0,57.59,50.24,0,42315200,132725,2301319664.0,1,02,010,BRSUZBACNOR0,124,ON      NM,SUZANO S.A.
2020-12-21,SUZB3,SUZB3,55.91,58.16,55.08,56.37,56.37,25991200,55.91,58.16,55.08,56.37,1.0,58.16,55.08,0,25991200,63805,1475389999.0,1,02,010,BRSUZBACNOR0,124,ON      NM,SUZANO S.A.
2020-12-28,SUZB3,SUZB3,56.49,59.1,56.3,58.54,58.54,11142400,56.49,59.1,56.3,58.54,1.0,59.1,56.3,0,11142400,39389,643271109.0,1,02,010,BRSUZBACNOR0,124,ON      NM,SUZANO S.A.
2021-01-04,SUZB3,SUZB3,59.74,63.18,57.34,62.78,62.78,41197000,59.74,63.18,57.34,62.78,1.0,63.18,57.34,0,41197000,146562,2475274922.0,1,02,010,BRSUZBACNOR0,125,ON  ATZ NM,SUZANO S.A.
2021-01-11,SUZB3,SUZB3,62.32,64.11,58.91,61.15,61.15,39013800,62.32,64.11,58.91,61.15,1.0,64.11,58.91,0,39013800,131944,2388791462.0,1,02,010,BRSUZBACNOR0,125,ON  ATZ NM,SUZANO S.A.
2021-01-18,SUZB3,SUZB3,61.15,67.8,61.15,64.36,64.36,70932800,61.15,67.8,61.15,64.36,1.0,67.8,61.15,0,70932800,158150,4601277090.0,1,02,010,BRSUZBACNOR0,125,ON      NM,SUZANO S.A.
2021-01-26,SUZB3,SUZB3,64.4,66.6,61.68,62.05,62.05,31151700,64.4,66.6,61.68,62.05,1.0,66.6,61.68,0,31151700,120081,1990021928.0,1,02,010,BRSUZBACNOR0,125,ON      NM,SUZANO S.A.
2021-02-01,SUZB3,SUZB3,62.73,66.92,61.71,66.5,66.5,32878600,62.73,66.92,61.71,66.5,1.0,66.92,61.71,0,32878600,136317,2101336833.0,1,02,010,BRSUZBACNOR0,125,ON      NM,SUZANO S.A.
2021-02-08,SUZB3,SUZB3,66.65,71.5,65.26,70.72,70.72,35737000,66.65,71.5,65.26,70.72,1.0,71.5,65.26,0,35737000,127185,2453939592.0,1,02,010,BRSUZBACNOR0,125,ON      NM,SUZANO S.A.
2021-02-17,SUZB3,SUZB3,72.0,75.48,71.74,75.03,75.03,34989000,72.0,75.48,71.74,75.03,1.0,75.48,71.74,0,34989000,140394,2573958687.0,1,02,010,BRSUZBACNOR0,125,ON      NM,SUZANO S.A.
2021-02-22,SUZB3,SUZB3,75.5,78.85,72.88,73.17,73.17,52472800,75.5,78.85,72.88,73.17,1.0,78.85,72.88,0,52472800,187923,3983292795.0,1,02,010,BRSUZBACNOR0,125,ON      NM,SUZANO S.A.
2021-03-01,SUZB3,SUZB3,74.17,77.18,71.75,76.1,76.1,46638000,74.17,77.18,71.75,76.1,1.0,77.18,71.75,0,46638000,195385,3467658108.0,1,02,010,BRSUZBACNOR0,125,ON      NM,SUZANO S.A.
2021-03-08,SUZB3,SUZB3,75.51,79.81,71.52,74.25,74.25,56581900,75.51,79.81,71.52,74.25,1.0,79.81,71.52,0,56581900,228086,4247568550.0,1,02,010,BRSUZBACNOR0,125,ON      NM,SUZANO S.A.
2021-03-15,SUZB3,SUZB3,74.0,76.7,71.85,74.0,74.0,40389700,74.0,76.7,71.85,74.0,1.0,76.7,71.85,0,40389700,163169,3018022610.0,1,02,010,BRSUZBACNOR0,125,ON      NM,SUZANO S.A.
2021-03-22,SUZB3,SUZB3,73.2,76.18,71.12,72.58,72.58,34722000,73.2,76.18,71.12,72.58,1.0,76.18,71.12,0,34722000,150580,2544144832.0,1,02,010,BRSUZBACNOR0,125,ON      NM,SUZANO S.A.
2021-03-29,SUZB3,SUZB3,71.61,74.03,68.02,69.25,69.25,37876300,71.61,74.03,68.02,69.25,1.0,74.03,68.02,0,37876300,133985,2655329582.0,1,02,010,BRSUZBACNOR0,125,ON      NM,SUZANO S.A.
2021-04-05,SUZB3,SUZB3,69.46,72.36,67.63,71.38,71.38,28056900,69.46,72.36,67.63,71.38,1.0,72.36,67.63,0,28056900,111714,1961115416.0,1,02,010,BRSUZBACNOR0,125,ON      NM,SUZANO S.A.
2021-04-12,SUZB3,SUZB3,71.15,73.8,70.75,71.12,71.12,31377700,71.15,73.8,70.75,71.12,1.0,73.8,70.75,0,31377700,121018,2262001111.0,1,02,010,BRSUZBACNOR0,125,ON      NM,SUZANO S.A.
2021-04-19,SUZB3,SUZB3,72.0,73.23,68.33,70.05,70.05,23626200,72.0,73.23,68.33,70.05,1.0,73.23,68.33,0,23626200,106159,1673248130.0,1,02,010,BRSUZBACNOR0,125,ON      NM,SUZANO S.A.
2021-04-26,SUZB3,SUZB3,70.0,70.87,67.26,68.67,68.67,40630800,70.0,70.87,67.26,68.67,1.0,70.87,67.26,0,40630800,155066,2801632261.0,1,02,010,BRSUZBACNOR0,125,ON      NM,SUZANO S.A.
2021-05-03,SUZB3,SUZB3,68.28,69.12,66.0,67.42,67.42,28586100,68.28,69.12,66.0,67.42,1.0,69.12,66.0,0,28586100,142473,1928218525.0,1,02,010,BRSUZBACNOR0,125,ON      NM,SUZANO S.A.
2021-05-10,SUZB3,SUZB3,67.33,70.75,64.61,65.15,65.15,38483700,67.33,70.75,64.61,65.15,1.0,70.75,64.61,0,38483700,153615,2607981146.0,1,02,010,BRSUZBACNOR0,125,ON      NM,SUZANO S.A.
2021-05-17,SUZB3,SUZB3,65.71,67.08,63.0,64.85,64.85,32291100,65.71,67.08,63.0,64.85,1.0,67.08,63.0,0,32291100,137338,2098052158.0,1,02,010,BRSUZBACNOR0,125,ON      NM,SUZANO S.A.
2021-05-24,SUZB3,SUZB3,64.69,65.32,61.4,61.54,61.54,37536600,64.69,65.32,61.4,61.54,1.0,65.32,61.4,0,37536600,133505,2370664974.0,1,02,010,BRSUZBACNOR0,125,ON      NM,SUZANO S.A.
2021-05-31,SUZB3,SUZB3,61.55,61.92,58.41,58.6,58.6,36171500,61.55,61.92,58.41,58.6,1.0,61.92,58.41,0,36171500,137397,2162551404.0,1,02,010,BRSUZBACNOR0,125,ON      NM,SUZANO S.A.
2021-06-07,SUZB3,SUZB3,58.71,60.84,57.69,58.96,58.96,39536100,58.71,60.84,57.69,58.96,1.0,60.84,57.69,0,39536100,152790,2338833528.0,1,02,010,BRSUZBACNOR0,125,ON      NM,SUZANO S.A.
2021-06-14,SUZB3,SUZB3,58.9,59.36,55.25,57.0,57.0,36788400,58.9,59.36,55.25,57.0,1.0,59.36,55.25,0,36788400,117836,2104413930.0,1,02,010,BRSUZBACNOR0,125,ON      NM,SUZANO S.A.
2021-06-21,SUZB3,SUZB3,56.7,60.89,56.4,58.41,58.41,34723800,56.7,60.89,56.4,58.41,1.0,60.89,56.4,0,34723800,128032,2043097387.0,1,02,010,BRSUZBACNOR0,125,ON      NM,SUZANO S.A.
2021-06-28,SUZB3,SUZB3,58.88,61.44,58.32,59.2,59.2,30981600,58.88,61.44,58.32,59.2,1.0,61.44,58.32,0,30981600,113617,1855838600.0,1,02,010,BRSUZBACNOR0,125,ON      NM,SUZANO S.A.
2021-07-05,SUZB3,SUZB3,59.08,61.73,58.77,60.98,60.98,24153000,59.08,61.73,58.77,60.98,1.0,61.73,58.77,0,24153000,93321,1453605907.0,1,02,010,BRSUZBACNOR0,125,ON      NM,SUZANO S.A.
2021-07-12,SUZB3,SUZB3,60.78,61.5,56.06,56.35,56.35,35597000,60.78,61.5,56.06,56.35,1.0,61.5,56.06,0,35597000,130830,2084602708.0,1,02,010,BRSUZBACNOR0,125,ON      NM,SUZANO S.A.
2021-07-19,SUZB3,SUZB3,56.16,57.45,55.11,56.36,56.36,25202900,56.16,57.45,55.11,56.36,1.0,57.45,55.11,0,25202900,90301,1419815248.0,1,02,010,BRSUZBACNOR0,125,ON      NM,SUZANO S.A.
2021-07-26,SUZB3,SUZB3,56.44,57.08,54.02,54.07,54.07,25064100,56.44,57.08,54.02,54.07,1.0,57.08,54.02,0,25064100,85290,1390801744.0,1,02,010,BRSUZBACNOR0,125,ON      NM,SUZANO S.A.
2021-08-02,SUZB3,SUZB3,54.54,56.46,53.83,54.3,54.3,29384000,54.54,56.46,53.83,54.3,1.0,56.46,53.83,0,29384000,108413,1609822547.0,1,02,010,BRSUZBACNOR0,125,ON      NM,SUZANO S.A.
2021-08-09,SUZB3,SUZB3,54.86,57.78,54.5,56.81,56.81,38092000,54.86,57.78,54.5,56.81,1.0,57.78,54.5,0,38092000,128260,2145483245.0,1,02,010,BRSUZBACNOR0,125,ON      NM,SUZANO S.A.
2021-08-16,SUZB3,SUZB3,56.7,58.65,54.5,56.85,56.85,45811600,56.7,58.65,54.5,56.85,1.0,58.65,54.5,0,45811600,168351,2598555443.0,1,02,010,BRSUZBACNOR0,125,ON      NM,SUZANO S.A.
2021-08-23,SUZB3,SUZB3,56.04,62.91,56.04,61.9,61.9,40525000,56.04,62.91,56.04,61.9,1.0,62.91,56.04,0,40525000,144299,2444024286.0,1,02,010,BRSUZBACNOR0,125,ON      NM,SUZANO S.A.
2021-08-30,SUZB3,SUZB3,61.6,62.61,60.2,61.71,61.71,30535900,61.6,62.61,60.2,61.71,1.0,62.61,60.2,0,30535900,112985,1872763574.0,1,02,010,BRSUZBACNOR0,125,ON      NM,SUZANO S.A.
2021-09-06,SUZB3,SUZB3,62.27,63.93,60.27,60.66,60.66,32333000,62.27,63.93,60.27,60.66,1.0,63.93,60.27,0,32333000,119761,2009876585.0,1,02,010,BRSUZBACNOR0,125,ON      NM,SUZANO S.A.
2021-09-13,SUZB3,SUZB3,60.78,61.06,52.5,52.61,52.61,54913800,60.78,61.06,52.5,52.61,1.0,61.06,52.5,0,54913800,175708,3088450751.0,1,02,010,BRSUZBACNOR0,125,ON      NM,SUZANO S.A.
2021-09-20,SUZB3,SUZB3,51.0,56.33,50.31,55.5,55.5,43756600,51.0,56.33,50.31,55.5,1.0,56.33,50.31,0,43756600,141659,2331720748.0,1,02,010,BRSUZBACNOR0,125,ON      NM,SUZANO S.A.
2021-09-27,SUZB3,SUZB3,55.37,55.84,52.1,52.47,52.47,40752600,55.37,55.84,52.1,52.47,1.0,55.84,52.1,0,40752600,117978,2189241423.0,1,02,010,BRSUZBACNOR0,125,ON      NM,SUZANO S.A.
2021-10-04,SUZB3,SUZB3,52.33,52.35,48.69,49.31,49.31,43525500,52.33,52.35,48.69,49.31,1.0,52.35,48.69,0,43525500,128848,2174041395.0,1,02,010,BRSUZBACNOR0,125,ON      NM,SUZANO S.A.
2021-10-11,SUZB3,SUZB3,49.4,52.49,48.82,50.91,50.91,32269100,49.4,52.49,48.82,50.91,1.0,52.49,48.82,0,32269100,105393,1635285516.0,1,02,010,BRSUZBACNOR0,125,ON      NM,SUZANO S.A.
2021-10-18,SUZB3,SUZB3,50.2,54.0,47.13,52.8,52.8,62014400,50.2,54.0,47.13,52.8,1.0,54.0,47.13,0,62014400,179988,3134605719.0,1,02,010,BRSUZBACNOR0,125,ON      NM,SUZANO S.A.
2021-10-25,SUZB3,SUZB3,52.98,52.98,47.96,49.23,49.23,55389100,52.98,52.98,47.96,49.23,1.0,52.98,47.96,0,55389100,155649,2768012832.0,1,02,010,BRSUZBACNOR0,125,ON      NM,SUZANO S.A.
2021-11-01,SUZB3,SUZB3,49.77,50.42,47.9,49.35,49.35,23553400,49.77,50.42,47.9,49.35,1.0,50.42,47.9,0,23553400,89079,1159366160.0,1,02,010,BRSUZBACNOR0,125,ON      NM,SUZANO S.A.
2021-11-08,SUZB3,SUZB3,49.0,52.54,48.05,51.37,51.37,29889100,49.0,52.54,48.05,51.37,1.0,52.54,48.05,0,29889100,112392,1497429300.0,1,02,010,BRSUZBACNOR0,125,ON      NM,SUZANO S.A.
2021-11-16,SUZB3,SUZB3,51.84,55.0,51.53,53.58,53.58,31227900,51.84,55.0,51.53,53.58,1.0,55.0,51.53,0,31227900,111645,1653073232.0,1,02,010,BRSUZBACNOR0,125,ON      NM,SUZANO S.A.
2021-11-22,SUZB3,SUZB3,53.58,56.26,52.08,54.81,54.81,29629100,53.58,56.26,52.08,54.81,1.0,56.26,52.08,0,29629100,119063,1606624930.0,1,02,010,BRSUZBACNOR0,125,ON      NM,SUZANO S.A.
2021-11-29,SUZB3,SUZB3,55.4,59.49,54.5,57.1,57.1,49138600,55.4,59.49,54.5,57.1,1.0,59.49,54.5,0,49138600,180537,2797017928.0,1,02,010,BRSUZBACNOR0,125,ON      NM,SUZANO S.A.
2021-12-06,SUZB3,SUZB3,57.26,59.28,57.09,58.5,58.5,26116900,57.26,59.28,57.09,58.5,1.0,59.28,57.09,0,26116900,101362,1520766421.0,1,02,010,BRSUZBACNOR0,125,ON      NM,SUZANO S.A.
2021-12-13,SUZB3,SUZB3,58.62,61.95,57.58,61.51,61.51,34335500,58.62,61.95,57.58,61.51,1.0,61.95,57.58,0,34335500,116186,2047631381.0,1,02,010,BRSUZBACNOR0,125,ON      NM,SUZANO S.A.
2021-12-20,SUZB3,SUZB3,60.92,61.35,58.71,60.19,60.19,15810100,60.92,61.35,58.71,60.19,1.0,61.35,58.71,0,15810100,60778,946380045.0,1,02,010,BRSUZBACNOR0,125,ON      NM,SUZANO S.A.
2021-12-27,SUZB3,SUZB3,60.39,60.98,58.94,60.11,60.11,11697600,60.39,60.98,58.94,60.11,1.0,60.98,58.94,0,11697600,50153,700334868.0,1,02,010,BRSUZBACNOR0,125,ON      NM,SUZANO S.A.
2022-01-03,SUZB3,SUZB3,60.34,61.37,58.83,59.32,59.32,24359700,60.34,61.37,58.83,59.32,1.0,61.37,58.83,0,24359700,108688,1463033699.0,1,02,010,BRSUZBACNOR0,125,ON      NM,SUZANO S.A.
2022-01-10,SUZB3,SUZB3,59.39,63.42,57.9,62.77,62.77,35338100,59.39,63.42,57.9,62.77,1.0,63.42,57.9,0,35338100,146132,2152509732.0,1,02,010,BRSUZBACNOR0,125,ON      NM,SUZANO S.A.
2022-01-17,SUZB3,SUZB3,62.37,62.96,59.41,59.59,59.59,30150100,62.37,62.96,59.41,59.59,1.0,62.96,59.41,0,30150100,120282,1847424561.0,1,02,010,BRSUZBACNOR0,126,ON  ED  NM,SUZANO S.A.
2022-01-24,SUZB3,SUZB3,59.45,59.68,55.4,59.3,59.3,43442200,59.45,59.68,55.4,59.3,1.0,59.68,55.4,0,43442200,161850,2485098817.0,1,02,010,BRSUZBACNOR0,126,ON  ED  NM,SUZANO S.A.
2022-01-31,SUZB3,SUZB3,59.54,60.88,58.13,60.58,60.58,24778300,59.54,60.88,58.13,60.58,1.0,60.88,58.13,0,24778300,88662,1477253846.0,1,02,010,BRSUZBACNOR0,126,ON      NM,SUZANO S.A.
2022-02-07,SUZB3,SUZB3,60.41,61.81,57.3,57.72,57.72,33056600,60.41,61.81,57.3,57.72,1.0,61.81,57.3,0,33056600,115559,1955075342.0,1,02,010,BRSUZBACNOR0,126,ON      NM,SUZANO S.A.
2022-02-14,SUZB3,SUZB3,57.4,59.47,56.82,57.04,57.04,25481500,57.4,59.47,56.82,57.04,1.0,59.47,56.82,0,25481500,89928,1472977615.0,1,02,010,BRSUZBACNOR0,126,ON      NM,SUZANO S.A.
2022-02-21,SUZB3,SUZB3,56.89,58.08,52.1,55.07,55.07,41038300,56.89,58.08,52.1,55.07,1.0,58.08,52.1,0,41038300,114294,2238941800.0,1,02,010,BRSUZBACNOR0,126,ON      NM,SUZANO S.A.
2022-03-02,SUZB3,SUZB3,55.14,57.33,52.71,57.33,57.33,23893800,55.14,57.33,52.71,57.33,1.0,57.33,52.71,0,23893800,77382,1309672171.0,1,02,010,BRSUZBACNOR0,126,ON      NM,SUZANO S.A.
2022-03-07,SUZB3,SUZB3,57.2,62.57,56.27,61.08,61.08,38345800,57.2,62.57,56.27,61.08,1.0,62.57,56.27,0,38345800,123788,2267782874.0,1,02,010,BRSUZBACNOR0,126,ON      NM,SUZANO S.A.
2022-03-14,SUZB3,SUZB3,60.96,64.56,57.36,64.25,64.25,40330100,60.96,64.56,57.36,64.25,1.0,64.56,57.36,0,40330100,116786,2463505733.0,1,02,010,BRSUZBACNOR0,126,ON      NM,SUZANO S.A.
2022-03-21,SUZB3,SUZB3,64.17,64.17,56.75,56.75,56.75,44191200,64.17,64.17,56.75,56.75,1.0,64.17,56.75,0,44191200,170904,2654292520.0,1,02,010,BRSUZBACNOR0,126,ON      NM,SUZANO S.A.
2022-03-28,SUZB3,SUZB3,57.28,57.9,53.85,54.21,54.21,35726300,57.28,57.9,53.85,54.21,1.0,57.9,53.85,0,35726300,121703,1998589373.0,1,02,010,BRSUZBACNOR0,126,ON      NM,SUZANO S.A.
2022-04-04,SUZB3,SUZB3,54.39,55.76,53.52,54.5,54.5,28944800,54.39,55.76,53.52,54.5,1.0,55.76,53.52,0,28944800,110854,1583858236.0,1,02,010,BRSUZBACNOR0,126,ON      NM,SUZANO S.A.
2022-04-11,SUZB3,SUZB3,54.52,54.99,53.08,53.61,53.61,16160900,54.52,54.99,53.08,53.61,1.0,54.99,53.08,0,16160900,67198,870144738.0,1,02,010,BRSUZBACNOR0,126,ON      NM,SUZANO S.A.
2022-04-18,SUZB3,SUZB3,53.35,53.35,51.08,51.57,51.57,21644600,53.35,53.35,51.08,51.57,1.0,53.35,51.08,0,21644600,75346,1124649346.0,1,02,010,BRSUZBACNOR0,126,ON      NM,SUZANO S.A.
2022-04-25,SUZB3,SUZB3,51.72,52.95,49.61,49.61,49.61,37303800,51.72,52.95,49.61,49.61,1.0,52.95,49.61,0,37303800,114590,1900834384.0,1,02,010,BRSUZBACNOR0,126,ON      NM,SUZANO S.A.
2022-05-02,SUZB3,SUZB3,49.68,53.63,49.26,51.8,51.8,37588300,49.68,53.63,49.26,51.8,1.0,53.63,49.26,0,37588300,139857,1945424339.0,1,02,010,BRSUZBACNOR0,127,ON  ED  NM,SUZANO S.A.
2022-05-09,SUZB3,SUZB3,51.55,51.98,48.16,51.58,51.58,31381300,51.55,51.98,48.16,51.58,1.0,51.98,48.16,0,31381300,104681,1577980018.0,1,02,010,BRSUZBACNOR0,127,ON  ED  NM,SUZANO S.A.
2022-05-16,SUZB3,SUZB3,51.9,52.95,50.43,51.35,51.35,25005600,51.9,52.95,50.43,51.35,1.0,52.95,50.43,0,25005600,95802,1290999886.0,1,02,010,BRSUZBACNOR0,127,ON      NM,SUZANO S.A.
2022-05-23,SUZB3,SUZB3,51.78,54.28,51.1,53.58,53.58,22453800,51.78,54.28,51.1,53.58,1.0,54.28,51.1,0,22453800,88070,1175505391.0,1,02,010,BRSUZBACNOR0,127,ON      NM,SUZANO S.A.
2022-05-30,SUZB3,SUZB3,54.5,54.71,52.75,52.83,52.83,21150900,54.5,54.71,52.75,52.83,1.0,54.71,52.75,0,21150900,63327,1133115798.0,1,02,010,BRSUZBACNOR0,127,ON      NM,SUZANO S.A.
2022-06-06,SUZB3,SUZB3,53.12,54.69,50.75,51.69,51.69,18103600,53.12,54.69,50.75,51.69,1.0,54.69,50.75,0,18103600,75486,953657049.0,1,02,010,BRSUZBACNOR0,127,ON      NM,SUZANO S.A.
2022-06-13,SUZB3,SUZB3,51.35,52.28,48.06,49.09,49.09,41996300,51.35,52.28,48.06,49.09,1.0,52.28,48.06,0,41996300,116244,2103686731.0,1,02,010,BRSUZBACNOR0,127,ON      NM,SUZANO S.A.
2022-06-20,SUZB3,SUZB3,49.19,49.75,44.91,47.85,47.85,36979700,49.19,49.75,44.91,47.85,1.0,49.75,44.91,0,36979700,130307,1746313870.0,1,02,010,BRSUZBACNOR0,127,ON      NM,SUZANO S.A.
2022-06-27,SUZB3,SUZB3,48.16,50.8,47.95,50.45,50.45,30312500,48.16,50.8,47.95,50.45,1.0,50.8,47.95,0,30312500,122494,1505425370.0,1,02,010,BRSUZBACNOR0,127,ON      NM,SUZANO S.A.
2022-07-04,SUZB3,SUZB3,50.3,50.58,47.55,47.59,47.59,20747900,50.3,50.58,47.55,47.59,1.0,50.58,47.55,0,20747900,91289,1018645174.0,1,02,010,BRSUZBACNOR0,127,ON      NM,SUZANO S.A.
2022-07-11,SUZB3,SUZB3,47.03,48.11,43.81,43.94,43.94,28175500,47.03,48.11,43.81,43.94,1.0,48.11,43.81,0,28175500,96002,1293336986.0,1,02,010,BRSUZBACNOR0,127,ON      NM,SUZANO S.A.
2022-07-18,SUZB3,SUZB3,44.1,47.05,43.51,46.91,46.91,28877200,44.1,47.05,43.51,46.91,1.0,47.05,43.51,0,28877200,113735,1303276935.0,1,02,010,BRSUZBACNOR0,127,ON      NM,SUZANO S.A.
2022-07-25,SUZB3,SUZB3,46.8,48.98,45.4,48.29,48.29,26035900,46.8,48.98,45.4,48.29,1.0,48.98,45.4,0,26035900,105276,1224461302.0,1,02,010,BRSUZBACNOR0,127,ON      NM,SUZANO S.A.
2022-08-01,SUZB3,SUZB3,48.36,48.76,46.69,47.79,47.79,24528900,48.36,48.76,46.69,47.79,1.0,48.76,46.69,0,24528900,119721,1166999801.0,1,02,010,BRSUZBACNOR0,127,ON      NM,SUZANO S.A.
2022-08-08,SUZB3,SUZB3,48.36,50.49,47.74,50.17,50.17,20036600,48.36,50.49,47.74,50.17,1.0,50.49,47.74,0,20036600,92754,985947380.0,1,02,010,BRSUZBACNOR0,127,ON      NM,SUZANO S.A.
2022-08-15,SUZB3,SUZB3,49.78,51.4,48.45,49.97,49.97,24950500,49.78,51.4,48.45,49.97,1.0,51.4,48.45,0,24950500,104773,1248666491.0,1,02,010,BRSUZBACNOR0,127,ON      NM,SUZANO S.A.
2022-08-22,SUZB3,SUZB3,50.07,50.28,45.26,45.35,45.35,46260900,50.07,50.28,45.26,45.35,1.0,50.28,45.26,0,46260900,174460,2203423413.0,1,02,010,BRSUZBACNOR0,127,ON      NM,SUZANO S.A.
2022-08-29,SUZB3,SUZB3,45.6,46.2,43.26,43.52,43.52,32746300,45.6,46.2,43.26,43.52,1.0,46.2,43.26,0,32746300,126731,1460384684.0,1,02,010,BRSUZBACNOR0,127,ON      NM,SUZANO S.A.
2022-09-05,SUZB3,SUZB3,43.86,45.49,43.5,45.11,45.11,18132200,43.86,45.49,43.5,45.11,1.0,45.49,43.5,0,18132200,73938,809206719.0,1,02,010,BRSUZBACNOR0,127,ON      NM,SUZANO S.A.
2022-09-12,SUZB3,SUZB3,45.13,45.91,43.36,43.61,43.61,23133800,45.13,45.91,43.36,43.61,1.0,45.91,43.36,0,23133800,100718,1025162915.0,1,02,010,BRSUZBACNOR0,127,ON      NM,SUZANO S.A.
2022-09-19,SUZB3,SUZB3,43.8,44.51,42.15,42.54,42.54,24117400,43.8,44.51,42.15,42.54,1.0,44.51,42.15,0,24117400,86106,1049014525.0,1,02,010,BRSUZBACNOR0,127,ON      NM,SUZANO S.A.
2022-09-26,SUZB3,SUZB3,42.44,44.77,41.9,44.5,44.5,28597000,42.44,44.77,41.9,44.5,1.0,44.77,41.9,0,28597000,111591,1242724934.0,1,02,010,BRSUZBACNOR0,127,ON      NM,SUZANO S.A.
2022-10-03,SUZB3,SUZB3,44.68,47.27,44.22,46.39,46.39,21636300,44.68,47.27,44.22,46.39,1.0,47.27,44.22,0,21636300,92835,998524770.0,1,02,010,BRSUZBACNOR0,127,ON      NM,SUZANO S.A.
2022-10-10,SUZB3,SUZB3,46.65,49.1,46.32,47.79,47.79,16792900,46.65,49.1,46.32,47.79,1.0,49.1,46.32,0,16792900,72618,803633967.0,1,02,010,BRSUZBACNOR0,127,ON      NM,SUZANO S.A.
2022-10-17,SUZB3,SUZB3,47.86,50.48,47.83,49.69,49.69,22520500,47.86,50.48,47.83,49.69,1.0,50.48,47.83,0,22520500,94144,1112353535.0,1,02,010,BRSUZBACNOR0,127,ON      NM,SUZANO S.A.
2022-10-24,SUZB3,SUZB3,49.93,55.29,49.93,55.11,55.11,50099000,49.93,55.29,49.93,55.11,1.0,55.29,49.93,0,50099000,163298,2656342838.0,1,02,010,BRSUZBACNOR0,127,ON      NM,SUZANO S.A.
2022-10-31,SUZB3,SUZB3,55.14,55.57,51.72,54.48,54.48,24620700,55.14,55.57,51.72,54.48,1.0,55.57,51.72,0,24620700,110001,1322245836.0,1,02,010,BRSUZBACNOR0,127,ON      NM,SUZANO S.A.
2022-11-07,SUZB3,SUZB3,54.49,59.21,53.62,58.25,58.25,38386000,54.49,59.21,53.62,58.25,1.0,59.21,53.62,0,38386000,166171,2161279599.0,1,02,010,BRSUZBACNOR0,127,ON      NM,SUZANO S.A.
2022-11-14,SUZB3,SUZB3,58.98,59.88,56.23,57.57,57.57,37470700,58.98,59.88,56.23,57.57,1.0,59.88,56.23,0,37470700,139178,2176771445.0,1,02,010,BRSUZBACNOR0,127,ON      NM,SUZANO S.A.
2022-11-21,SUZB3,SUZB3,57.83,57.83,54.48,54.94,54.94,32356400,57.83,57.83,54.48,54.94,1.0,57.83,54.48,0,32356400,136376,1811119270.0,1,02,010,BRSUZBACNOR0,127,ON      NM,SUZANO S.A.
2022-11-28,SUZB3,SUZB3,55.1,55.7,50.11,51.38,51.38,39727100,55.1,55.7,50.11,51.38,1.0,55.7,50.11,0,39727100,156587,2104744511.0,1,02,010,BRSUZBACNOR0,127,ON      NM,SUZANO S.A.
2022-12-05,SUZB3,SUZB3,51.66,55.1,51.31,54.99,54.99,28055200,51.66,55.1,51.31,54.99,1.0,55.1,51.31,0,28055200,118256,1488755268.0,1,02,010,BRSUZBACNOR0,127,ON      NM,SUZANO S.A.
2022-12-12,SUZB3,SUZB3,55.06,55.46,51.0,51.43,51.43,40270300,55.06,55.46,51.0,51.43,1.0,55.46,51.0,0,40270300,146376,2110669879.0,1,02,010,BRSUZBACNOR0,127,ON      NM,SUZANO S.A.
2022-12-19,SUZB3,SUZB3,49.9,50.34,46.5,46.84,46.84,42258300,49.9,50.34,46.5,46.84,1.0,50.34,46.5,0,42258300,127274,2036767325.0,1,02,010,BRSUZBACNOR0,128,ON  ED  NM,SUZANO S.A.
2022-12-26,SUZB3,SUZB3,46.82,48.8,46.0,48.24,48.24,15768200,46.82,48.8,46.0,48.24,1.0,48.8,46.0,0,15768200,62320,750523204.0,1,02,010,BRSUZBACNOR0,128,ON      NM,SUZANO S.A.
2023-01-02,SUZB3,SUZB3,48.24,50.73,47.61,49.94,49.94,24866200,48.24,50.73,47.61,49.94,1.0,50.73,47.61,0,24866200,91732,1237467438.0,1,02,010,BRSUZBACNOR0,128,ON      NM,SUZANO S.A.
2023-01-09,SUZB3,SUZB3,49.75,51.06,48.48,50.43,50.43,23158100,49.75,51.06,48.48,50.43,1.0,51.06,48.48,0,23158100,106357,1158423929.0,1,02,010,BRSUZBACNOR0,128,ON      NM,SUZANO S.A.
2023-01-16,SUZB3,SUZB3,50.51,51.7,47.14,47.14,47.14,34776100,50.51,51.7,47.14,47.14,1.0,51.7,47.14,0,34776100,119877,1726536563.0,1,02,010,BRSUZBACNOR0,128,ON      NM,SUZANO S.A.
2023-01-23,SUZB3,SUZB3,47.09,48.15,44.15,45.08,45.08,35558900,47.09,48.15,44.15,45.08,1.0,48.15,44.15,0,35558900,127016,1641022763.0,1,02,010,BRSUZBACNOR0,128,ON      NM,SUZANO S.A.
2023-01-30,SUZB3,SUZB3,45.22,48.31,44.4,46.31,46.31,38904500,45.22,48.31,44.4,46.31,1.0,48.31,44.4,0,38904500,153754,1798797971.0,1,02,010,BRSUZBACNOR0,128,ON      NM,SUZANO S.A.
2023-02-06,SUZB3,SUZB3,46.63,47.09,45.52,46.4,46.4,20590200,46.63,47.09,45.52,46.4,1.0,47.09,45.52,0,20590200,77448,951528952.0,1,02,010,BRSUZBACNOR0,128,ON      NM,SUZANO S.A.
2023-02-13,SUZB3,SUZB3,46.39,48.84,46.24,46.96,46.96,26824600,46.39,48.84,46.24,46.96,1.0,48.84,46.24,0,26824600,94270,1268768628.0,1,02,010,BRSUZBACNOR0,128,ON      NM,SUZANO S.A.
2023-02-22,SUZB3,SUZB3,46.66,46.68,45.64,46.15,46.15,8735600,46.66,46.68,45.64,46.15,1.0,46.68,45.64,0,8735600,41774,403109323.0,1,02,010,BRSUZBACNOR0,128,ON      NM,SUZANO S.A.
2023-02-27,SUZB3,SUZB3,46.15,48.43,45.76,48.2,48.2,29153800,46.15,48.43,45.76,48.2,1.0,48.43,45.76,0,29153800,114049,1379589514.0,1,02,010,BRSUZBACNOR0,128,ON      NM,SUZANO S.A.
2023-03-06,SUZB3,SUZB3,48.38,48.68,45.01,45.07,45.07,24304200,48.38,48.68,45.01,45.07,1.0,48.68,45.01,0,24304200,92719,1141564081.0,1,02,010,BRSUZBACNOR0,128,ON      NM,SUZANO S.A.
2023-03-13,SUZB3,SUZB3,44.9,45.56,43.32,43.59,43.59,21983800,44.9,45.56,43.32,43.59,1.0,45.56,43.32,0,21983800,82061,972470261.0,1,02,010,BRSUZBACNOR0,128,ON      NM,SUZANO S.A.
2023-03-20,SUZB3,SUZB3,43.73,43.85,41.85,42.63,42.63,17786000,43.73,43.85,41.85,42.63,1.0,43.85,41.85,0,17786000,75416,761482704.0,1,02,010,BRSUZBACNOR0,128,ON      NM,SUZANO S.A.
2023-03-27,SUZB3,SUZB3,42.63,44.0,41.6,41.6,41.6,31499200,42.63,44.0,41.6,41.6,1.0,44.0,41.6,0,31499200,121193,1336146801.0,1,02,010,BRSUZBACNOR0,128,ON      NM,SUZANO S.A.
2023-04-03,SUZB3,SUZB3,41.8,43.36,40.26,40.36,40.36,28921500,41.8,43.36,40.26,40.36,1.0,43.36,40.26,0,28921500,89456,1199912966.0,1,02,010,BRSUZBACNOR0,128,ON      NM,SUZANO S.A.
2023-04-10,SUZB3,SUZB3,40.25,43.0,39.9,40.49,40.49,33538900,40.25,43.0,39.9,40.49,1.0,43.0,39.9,0,33538900,127331,1397619630.0,1,02,010,BRSUZBACNOR0,128,ON      NM,SUZANO S.A.
2023-04-17,SUZB3,SUZB3,40.51,41.79,40.06,40.3,40.3,19312900,40.51,41.79,40.06,40.3,1.0,41.79,40.06,0,19312900,74150,787177791.0,1,02,010,BRSUZBACNOR0,128,ON      NM,SUZANO S.A.
2023-04-24,SUZB3,SUZB3,40.0,40.21,37.15,39.8,39.8,57262700,40.0,40.21,37.15,39.8,1.0,40.21,37.15,0,57262700,146807,2230056238.0,1,02,010,BRSUZBACNOR0,128,ON      NM,SUZANO S.A.
2023-05-02,SUZB3,SUZB3,40.35,41.98,39.53,41.61,41.61,46155800,40.35,41.98,39.53,41.61,1.0,41.98,39.53,0,46155800,142456,1876114029.0,1,02,010,BRSUZBACNOR0,128,ON      NM,SUZANO S.A.
2023-05-08,SUZB3,SUZB3,41.75,42.81,40.86,42.44,42.44,40616700,41.75,42.81,40.86,42.44,1.0,42.81,40.86,0,40616700,108863,1699241707.0,1,02,010,BRSUZBACNOR0,128,ON      NM,SUZANO S.A.
2023-05-15,SUZB3,SUZB3,42.77,45.98,42.6,45.42,45.42,36504400,42.77,45.98,42.6,45.42,1.0,45.98,42.6,0,36504400,113333,1616950758.0,1,02,010,BRSUZBACNOR0,128,ON      NM,SUZANO S.A.
2023-05-22,SUZB3,SUZB3,45.62,47.56,44.09,45.35,45.35,30147900,45.62,47.56,44.09,45.35,1.0,47.56,44.09,0,30147900,114144,1374787582.0,1,02,010,BRSUZBACNOR0,128,ON      NM,SUZANO S.A.
2023-05-29,SUZB3,SUZB3,45.67,46.9,44.51,46.42,46.42,33313600,45.67,46.9,44.51,46.42,1.0,46.9,44.51,0,33313600,91101,1511070684.0,1,02,010,BRSUZBACNOR0,128,ON      NM,SUZANO S.A.
2023-06-05,SUZB3,SUZB3,47.05,47.43,45.09,45.24,45.24,27250900,47.05,47.43,45.09,45.24,1.0,47.43,45.09,0,27250900,86272,1259029125.0,1,02,010,BRSUZBACNOR0,128,ON      NM,SUZANO S.A.
2023-06-12,SUZB3,SUZB3,45.53,48.8,45.23,48.3,48.3,49720300,45.53,48.8,45.23,48.3,1.0,48.8,45.23,0,49720300,136436,2364083043.0,1,02,010,BRSUZBACNOR0,128,ON      NM,SUZANO S.A.
2023-06-19,SUZB3,SUZB3,48.15,48.43,45.12,45.94,45.94,24549800,48.15,48.43,45.12,45.94,1.0,48.43,45.12,0,24549800,90996,1142317036.0,1,02,010,BRSUZBACNOR0,128,ON      NM,SUZANO S.A.
2023-06-26,SUZB3,SUZB3,46.02,46.35,43.56,44.22,44.22,27022800,46.02,46.35,43.56,44.22,1.0,46.35,43.56,0,27022800,108527,1208898425.0,1,02,010,BRSUZBACNOR0,128,ON      NM,SUZANO S.A.
2023-07-03,SUZB3,SUZB3,44.31,45.49,43.84,44.51,44.51,27366500,44.31,45.49,43.84,44.51,1.0,45.49,43.84,0,27366500,89444,1218185477.0,1,02,010,BRSUZBACNOR0,128,ON      NM,SUZANO S.A.
2023-07-10,SUZB3,SUZB3,44.37,44.96,43.68,44.55,44.55,18485100,44.37,44.96,43.68,44.55,1.0,44.96,43.68,0,18485100,65426,817767940.0,1,02,010,BRSUZBACNOR0,128,ON      NM,SUZANO S.A.
2023-07-17,SUZB3,SUZB3,44.73,45.09,43.28,44.06,44.06,16247100,44.73,45.09,43.28,44.06,1.0,45.09,43.28,0,16247100,56150,715282054.0,1,02,010,BRSUZBACNOR0,128,ON      NM,SUZANO S.A.
2023-07-24,SUZB3,SUZB3,43.92,47.41,43.6,47.21,47.21,23420600,43.92,47.41,43.6,47.21,1.0,47.41,43.6,0,23420600,82355,1069509417.0,1,02,010,BRSUZBACNOR0,128,ON      NM,SUZANO S.A.
2023-07-31,SUZB3,SUZB3,47.39,51.5,47.34,50.27,50.27,28386600,47.39,51.5,47.34,50.27,1.0,51.5,47.34,0,28386600,107203,1399931624.0,1,02,010,BRSUZBACNOR0,128,ON      NM,SUZANO S.A.
2023-08-07,SUZB3,SUZB3,50.65,51.0,48.45,50.17,50.17,20438500,50.65,51.0,48.45,50.17,1.0,51.0,48.45,0,20438500,76482,1018412161.0,1,02,010,BRSUZBACNOR0,128,ON      NM,SUZANO S.A.
2023-08-14,SUZB3,SUZB3,50.47,51.5,49.44,50.68,50.68,27885000,50.47,51.5,49.44,50.68,1.0,51.5,49.44,0,27885000,94445,1407683470.0,1,02,010,BRSUZBACNOR0,128,ON      NM,SUZANO S.A.
2023-08-21,SUZB3,SUZB3,50.61,50.84,48.81,49.9,49.9,14316700,50.61,50.84,48.81,49.9,1.0,50.84,48.81,0,14316700,65137,710859088.0,1,02,010,BRSUZBACNOR0,128,ON      NM,SUZANO S.A.
2023-08-28,SUZB3,SUZB3,49.86,51.88,49.56,51.1,51.1,17325300,49.86,51.88,49.56,51.1,1.0,51.88,49.56,0,17325300,62936,877856963.0,1,02,010,BRSUZBACNOR0,128,ON      NM,SUZANO S.A.
2023-09-04,SUZB3,SUZB3,50.93,51.47,47.48,48.8,48.8,14476600,50.93,51.47,47.48,48.8,1.0,51.47,47.48,0,14476600,58434,718947319.0,1,02,010,BRSUZBACNOR0,128,ON      NM,SUZANO S.A.
2023-09-11,SUZB3,SUZB3,48.88,52.67,48.46,52.53,52.53,29762100,48.88,52.67,48.46,52.53,1.0,52.67,48.46,0,29762100,91211,1520714051.0,1,02,010,BRSUZBACNOR0,128,ON      NM,SUZANO S.A.
2023-09-18,SUZB3,SUZB3,52.49,56.9,51.59,55.38,55.38,49206800,52.49,56.9,51.59,55.38,1.0,56.9,51.59,0,49206800,123022,2701009455.0,1,02,010,BRSUZBACNOR0,128,ON      NM,SUZANO S.A.
2023-09-25,SUZB3,SUZB3,55.55,56.04,53.14,54.28,54.28,29506900,55.55,56.04,53.14,54.28,1.0,56.04,53.14,0,29506900,102354,1604997681.0,1,02,010,BRSUZBACNOR0,128,ON      NM,SUZANO S.A.
2023-10-02,SUZB3,SUZB3,54.1,56.37,53.88,56.2,56.2,24818400,54.1,56.37,53.88,56.2,1.0,56.37,53.88,0,24818400,93493,1372680986.0,1,02,010,BRSUZBACNOR0,128,ON      NM,SUZANO S.A.
2023-10-09,SUZB3,SUZB3,56.03,59.05,55.7,58.56,58.56,28918100,56.03,59.05,55.7,58.56,1.0,59.05,55.7,0,28918100,91107,1657203646.0,1,02,010,BRSUZBACNOR0,128,ON      NM,SUZANO S.A.
2023-10-16,SUZB3,SUZB3,58.56,58.61,54.45,54.9,54.9,36251100,58.56,58.61,54.45,54.9,1.0,58.61,54.45,0,36251100,121531,2052586623.0,1,02,010,BRSUZBACNOR0,128,ON      NM,SUZANO S.A.
2023-10-23,SUZB3,SUZB3,54.54,55.07,51.25,51.92,51.92,50775000,54.54,55.07,51.25,51.92,1.0,55.07,51.25,0,50775000,127169,2671977956.0,1,02,010,BRSUZBACNOR0,128,ON      NM,SUZANO S.A.
2023-10-30,SUZB3,SUZB3,52.06,52.74,50.41,51.16,51.16,30087000,52.06,52.74,50.41,51.16,1.0,52.74,50.41,0,30087000,95372,1550221390.0,1,02,010,BRSUZBACNOR0,128,ON      NM,SUZANO S.A.
2023-11-06,SUZB3,SUZB3,51.43,54.89,51.38,54.64,54.64,26116200,51.43,54.89,51.38,54.64,1.0,54.89,51.38,0,26116200,95488,1380023691.0,1,02,010,BRSUZBACNOR0,128,ON      NM,SUZANO S.A.
2023-11-13,SUZB3,SUZB3,54.5,55.12,52.5,52.94,52.94,32492500,54.5,55.12,52.5,52.94,1.0,55.12,52.5,0,32492500,99459,1733451005.0,1,02,010,BRSUZBACNOR0,128,ON      NM,SUZANO S.A.
2023-11-20,SUZB3,SUZB3,53.59,54.12,52.46,53.47,53.47,14277400,53.59,54.12,52.46,53.47,1.0,54.12,52.46,0,14277400,66460,758428661.0,1,02,010,BRSUZBACNOR0,128,ON      NM,SUZANO S.A.
2023-11-27,SUZB3,SUZB3,53.67,54.54,51.37,51.76,51.76,37286100,53.67,54.54,51.37,51.76,1.0,54.54,51.37,0,37286100,123258,1966573215.0,1,02,010,BRSUZBACNOR0,128,ON      NM,SUZANO S.A.
2023-12-04,SUZB3,SUZB3,51.8,52.45,49.73,50.77,50.77,53314500,51.8,52.45,49.73,50.77,1.0,52.45,49.73,0,53314500,116659,2741609784.0,1,02,010,BRSUZBACNOR0,129,ON  EJ  NM,SUZANO S.A.
2023-12-11,SUZB3,SUZB3,50.79,53.46,50.5,52.63,52.63,22580000,50.79,53.46,50.5,52.63,1.0,53.46,50.5,0,22580000,87534,1175849289.0,1,02,010,BRSUZBACNOR0,129,ON  EJ  NM,SUZANO S.A.
2023-12-18,SUZB3,SUZB3,52.66,55.44,52.06,54.94,54.94,18445800,52.66,55.44,52.06,54.94,1.0,55.44,52.06,0,18445800,79074,989870700.0,1,02,010,BRSUZBACNOR0,129,ON      NM,SUZANO S.A.
2023-12-26,SUZB3,SUZB3,54.82,56.02,54.81,55.63,55.63,7232900,54.82,56.02,54.81,55.63,1.0,56.02,54.81,0,7232900,32991,401422084.0,1,02,010,BRSUZBACNOR0,129,ON      NM,SUZANO S.A.
2024-01-02,SUZB3,SUZB3,55.7,56.29,53.76,54.05,54.05,10448900,55.7,56.29,53.76,54.05,1.0,56.29,53.76,0,10448900,49199,574355897.0,1,02,010,BRSUZBACNOR0,129,ON      NM,SUZANO S.A.
2024-01-08,SUZB3,SUZB3,53.71,55.23,53.21,53.58,53.58,14616700,53.71,55.23,53.21,53.58,1.0,55.23,53.21,0,14616700,64404,789184842.0,1,02,010,BRSUZBACNOR0,129,ON      NM,SUZANO S.A.
2024-01-15,SUZB3,SUZB3,53.61,54.05,50.98,51.8,51.8,17199000,53.61,54.05,50.98,51.8,1.0,54.05,50.98,0,17199000,59997,898716586.0,1,02,010,BRSUZBACNOR0,129,ON      NM,SUZANO S.A.
2024-01-22,SUZB3,SUZB3,51.92,53.17,51.42,52.91,52.91,11939900,51.92,53.17,51.42,52.91,1.0,53.17,51.42,0,11939900,53375,622545850.0,1,02,010,BRSUZBACNOR0,129,ON      NM,SUZANO S.A.
2024-01-29,SUZB3,SUZB3,52.02,52.7,50.31,51.34,51.34,28709100,52.02,52.7,50.31,51.34,1.0,52.7,50.31,0,28709100,104383,1473849863.0,1,02,010,BRSUZBACNOR0,129,ON      NM,SUZANO S.A.
2024-02-05,SUZB3,SUZB3,51.0,54.18,51.0,52.7,52.7,23399500,51.0,54.18,51.0,52.7,1.0,54.18,51.0,0,23399500,90701,1245377919.0,1,02,010,BRSUZBACNOR0,129,ON      NM,SUZANO S.A.
2024-02-14,SUZB3,SUZB3,52.78,53.48,51.77,53.05,53.05,7278600,52.78,53.48,51.77,53.05,1.0,53.48,51.77,0,7278600,34953,382708623.0,1,02,010,BRSUZBACNOR0,129,ON      NM,SUZANO S.A.
2024-02-19,SUZB3,SUZB3,52.9,56.48,52.23,55.27,55.27,17258200,52.9,56.48,52.23,55.27,1.0,56.48,52.23,0,17258200,70583,945884971.0,1,02,010,BRSUZBACNOR0,129,ON      NM,SUZANO S.A.
2024-02-26,SUZB3,SUZB3,55.41,58.04,54.93,57.49,57.49,31734100,55.41,58.04,54.93,57.49,1.0,58.04,54.93,0,31734100,104444,1804242586.0,1,02,010,BRSUZBACNOR0,129,ON      NM,SUZANO S.A.
2024-03-04,SUZB3,SUZB3,57.39,59.27,57.39,59.15,59.15,26181500,57.39,59.27,57.39,59.15,1.0,59.27,57.39,0,26181500,108855,1530473186.0,1,02,010,BRSUZBACNOR0,129,ON      NM,SUZANO S.A.
2024-03-11,SUZB3,SUZB3,58.72,61.0,58.09,60.8,60.8,28067100,58.72,61.0,58.09,60.8,1.0,61.0,58.09,0,28067100,92558,1673457632.0,1,02,010,BRSUZBACNOR0,129,ON      NM,SUZANO S.A.
2024-03-18,SUZB3,SUZB3,60.93,63.3,60.38,62.15,62.15,29982300,60.93,63.3,60.38,62.15,1.0,63.3,60.38,0,29982300,107598,1862512248.0,1,02,010,BRSUZBACNOR0,129,ON      NM,SUZANO S.A.
2024-03-25,SUZB3,SUZB3,62.15,64.08,61.4,63.98,63.98,22789500,62.15,64.08,61.4,63.98,1.0,64.08,61.4,0,22789500,74546,1434534123.0,1,02,010,BRSUZBACNOR0,129,ON      NM,SUZANO S.A.
2024-04-01,SUZB3,SUZB3,64.0,65.51,62.22,62.81,62.81,26496900,64.0,65.51,62.22,62.81,1.0,65.51,62.22,0,26496900,107090,1702685199.0,1,02,010,BRSUZBACNOR0,129,ON      NM,SUZANO S.A.
2024-04-08,SUZB3,SUZB3,62.8,63.29,60.73,61.2,61.2,28037100,62.8,63.29,60.73,61.2,1.0,63.29,60.73,0,28037100,112144,1729801723.0,1,02,010,BRSUZBACNOR0,129,ON      NM,SUZANO S.A.
2024-04-15,SUZB3,SUZB3,61.2,62.2,60.2,61.21,61.21,31605100,61.2,62.2,60.2,61.21,1.0,62.2,60.2,0,31605100,128697,1932365147.0,1,02,010,BRSUZBACNOR0,129,ON      NM,SUZANO S.A.
2024-04-22,SUZB3,SUZB3,61.43,61.86,59.46,59.58,59.58,22921500,61.43,61.86,59.46,59.58,1.0,61.86,59.46,0,22921500,78712,1382290700.0,1,02,010,BRSUZBACNOR0,129,ON      NM,SUZANO S.A.
2024-04-29,SUZB3,SUZB3,59.58,59.66,58.1,59.17,59.17,20999200,59.58,59.66,58.1,59.17,1.0,59.66,58.1,0,20999200,70641,1234380323.0,1,02,010,BRSUZBACNOR0,129,ON      NM,SUZANO S.A.
2024-05-06,SUZB3,SUZB3,59.25,59.95,50.05,51.7,51.7,126159800,59.25,59.95,50.05,51.7,1.0,59.95,50.05,0,126159800,181904,6718292525.0,1,02,010,BRSUZBACNOR0,129,ON      NM,SUZANO S.A.
2024-05-13,SUZB3,SUZB3,51.76,51.84,49.71,51.45,51.45,70267400,51.76,51.84,49.71,51.45,1.0,51.84,49.71,0,70267400,147481,3564238839.0,1,02,010,BRSUZBACNOR0,129,ON      NM,SUZANO S.A.
2024-05-20,SUZB3,SUZB3,51.78,52.59,47.74,48.94,48.94,75118600,51.78,52.59,47.74,48.94,1.0,52.59,47.74,0,75118600,175916,3723990387.0,1,02,010,BRSUZBACNOR0,129,ON      NM,SUZANO S.A.
2024-05-27,SUZB3,SUZB3,49.48,49.7,48.51,48.7,48.7,24528700,49.48,49.7,48.51,48.7,1.0,49.7,48.51,0,24528700,76126,1201847997.0,1,02,010,BRSUZBACNOR0,129,ON      NM,SUZANO S.A.
2024-06-03,SUZB3,SUZB3,48.7,50.12,46.18,48.65,48.65,49413300,48.7,50.12,46.18,48.65,1.0,50.12,46.18,0,49413300,129588,2350900835.0,1,02,010,BRSUZBACNOR0,130,ON  ATZ NM,SUZANO S.A.
2024-06-10,SUZB3,SUZB3,48.61,49.94,48.08,48.97,48.97,32388300,48.61,49.94,48.08,48.97,1.0,49.94,48.08,0,32388300,90365,1589950034.0,1,02,010,BRSUZBACNOR0,130,ON  ATZ NM,SUZANO S.A.
2024-06-17,SUZB3,SUZB3,48.9,49.24,47.85,48.85,48.85,33437300,48.9,49.24,47.85,48.85,1.0,49.24,47.85,0,33437300,90300,1625396346.0,1,02,010,BRSUZBACNOR0,130,ON      NM,SUZANO S.A.
2024-06-24,SUZB3,SUZB3,48.75,59.09,48.75,57.01,57.01,71391000,48.75,59.09,48.75,57.01,1.0,59.09,48.75,0,71391000,188680,3955162196.0,1,02,010,BRSUZBACNOR0,130,ON      NM,SUZANO S.A.
2024-07-01,SUZB3,SUZB3,57.17,58.12,54.56,54.75,54.75,51054300,57.17,58.12,54.56,54.75,1.0,58.12,54.56,0,51054300,164325,2892566443.0,1,02,010,BRSUZBACNOR0,130,ON      NM,SUZANO S.A.
2024-07-08,SUZB3,SUZB3,54.62,54.69,52.04,52.3,52.3,40935400,54.62,54.69,52.04,52.3,1.0,54.69,52.04,0,40935400,137366,2167534582.0,1,02,010,BRSUZBACNOR0,130,ON      NM,SUZANO S.A.
2024-07-15,SUZB3,SUZB3,52.58,55.19,52.58,53.6,53.6,37053500,52.58,55.19,52.58,53.6,1.0,55.19,52.58,0,37053500,128190,2002375290.0,1,02,010,BRSUZBACNOR0,130,ON      NM,SUZANO S.A.
2024-07-22,SUZB3,SUZB3,53.65,54.16,51.67,51.79,51.79,33429700,53.65,54.16,51.67,51.79,1.0,54.16,51.67,0,33429700,103577,1766049225.0,1,02,010,BRSUZBACNOR0,130,ON      NM,SUZANO S.A.
2024-07-29,SUZB3,SUZB3,51.72,54.67,51.45,53.0,53.0,31339000,51.72,54.67,51.45,53.0,1.0,54.67,51.45,0,31339000,96315,1668943602.0,1,02,010,BRSUZBACNOR0,130,ON      NM,SUZANO S.A.
2024-08-05,SUZB3,SUZB3,52.14,55.69,51.33,54.5,54.5,47761300,52.14,55.69,51.33,54.5,1.0,55.69,51.33,0,47761300,171255,2545223317.0,1,02,010,BRSUZBACNOR0,130,ON      NM,SUZANO S.A.
2024-08-12,SUZB3,SUZB3,54.5,55.27,53.28,54.41,54.41,35594000,54.5,55.27,53.28,54.41,1.0,55.27,53.28,0,35594000,139701,1932527770.0,1,02,010,BRSUZBACNOR0,130,ON      NM,SUZANO S.A.
2024-08-19,SUZB3,SUZB3,54.48,57.09,54.41,56.08,56.08,23662600,54.48,57.09,54.41,56.08,1.0,57.09,54.41,0,23662600,98269,1324352754.0,1,02,010,BRSUZBACNOR0,130,ON      NM,SUZANO S.A.
2024-08-26,SUZB3,SUZB3,56.2,56.4,54.73,55.0,55.0,31040600,56.2,56.4,54.73,55.0,1.0,56.4,54.73,0,31040600,99772,1720280239.0,1,02,010,BRSUZBACNOR0,130,ON      NM,SUZANO S.A.
2024-09-02,SUZB3,SUZB3,54.73,55.99,54.11,54.37,54.37,21969800,54.73,55.99,54.11,54.37,1.0,55.99,54.11,0,21969800,84861,1208092479.0,1,02,010,BRSUZBACNOR0,130,ON      NM,SUZANO S.A.
2024-09-09,SUZB3,SUZB3,54.36,55.56,54.01,54.29,54.29,21552100,54.36,55.56,54.01,54.29,1.0,55.56,54.01,0,21552100,82323,1180043758.0,1,02,010,BRSUZBACNOR0,130,ON      NM,SUZANO S.A.
2024-09-16,SUZB3,SUZB3,54.33,54.43,52.02,52.34,52.34,24667200,54.33,54.43,52.02,52.34,1.0,54.43,52.02,0,24667200,95647,1302301468.0,1,02,010,BRSUZBACNOR0,130,ON      NM,SUZANO S.A.
2024-09-23,SUZB3,SUZB3,52.05,54.93,51.17,54.38,54.38,27556100,52.05,54.93,51.17,54.38,1.0,54.93,51.17,0,27556100,104920,1459058687.0,1,02,010,BRSUZBACNOR0,130,ON      NM,SUZANO S.A.
2024-09-30,SUZB3,SUZB3,54.06,55.77,54.03,55.75,55.75,21609500,54.06,55.77,54.03,55.75,1.0,55.77,54.03,0,21609500,79570,1186428060.0,1,02,010,BRSUZBACNOR0,130,ON      NM,SUZANO S.A.
2024-10-07,SUZB3,SUZB3,55.8,56.38,53.71,54.2,54.2,25799800,55.8,56.38,53.71,54.2,1.0,56.38,53.71,0,25799800,101028,1417838685.0,1,02,010,BRSUZBACNOR0,130,ON      NM,SUZANO S.A.
2024-10-14,SUZB3,SUZB3,54.1,55.94,53.7,55.77,55.77,21430200,54.1,55.94,53.7,55.77,1.0,55.94,53.7,0,21430200,90634,1173613372.0,1,02,010,BRSUZBACNOR0,130,ON      NM,SUZANO S.A.
2024-10-21,SUZB3,SUZB3,55.58,59.92,55.55,59.0,59.0,37779200,55.58,59.92,55.55,59.0,1.0,59.92,55.55,0,37779200,133995,2183123479.0,1,02,010,BRSUZBACNOR0,130,ON      NM,SUZANO S.A.
2024-10-28,SUZB3,SUZB3,59.27,60.88,59.03,59.99,59.99,32082900,59.27,60.88,59.03,59.99,1.0,60.88,59.03,0,32082900,107365,1920114965.0,1,02,010,BRSUZBACNOR0,130,ON      NM,SUZANO S.A.
2024-11-04,SUZB3,SUZB3,60.0,61.41,57.65,58.4,58.4,30961400,60.0,61.41,57.65,58.4,1.0,61.41,57.65,0,30961400,117537,1837721011.0,1,02,010,BRSUZBACNOR0,130,ON      NM,SUZANO S.A.
2024-11-11,SUZB3,SUZB3,58.95,60.89,57.86,60.55,60.55,24081400,58.95,60.89,57.86,60.55,1.0,60.89,57.86,0,24081400,80522,1435718811.0,1,02,010,BRSUZBACNOR0,130,ON      NM,SUZANO S.A.
2024-11-18,SUZB3,SUZB3,60.3,61.34,59.98,60.7,60.7,16594200,60.3,61.34,59.98,60.7,1.0,61.34,59.98,0,16594200,67748,1006890924.0,1,02,010,BRSUZBACNOR0,130,ON      NM,SUZANO S.A.
2024-11-25,SUZB3,SUZB3,60.38,63.3,58.72,62.4,62.4,56263200,60.38,63.3,58.72,62.4,1.0,63.3,58.72,0,56263200,170903,3411836452.0,1,02,010,BRSUZBACNOR0,130,ON      NM,SUZANO S.A.
2024-12-02,SUZB3,SUZB3,62.06,65.66,61.53,65.43,65.43,46758600,62.06,65.66,61.53,65.43,1.0,65.66,61.53,0,46758600,175577,2996240429.0,1,02,010,BRSUZBACNOR0,130,ON      NM,SUZANO S.A.
2024-12-09,SUZB3,SUZB3,65.47,66.82,62.27,62.42,62.42,39460900,65.47,66.82,62.27,62.42,1.0,66.82,62.27,0,39460900,157088,2529795971.0,1,02,010,BRSUZBACNOR0,130,ON      NM,SUZANO S.A.
2024-12-16,SUZB3,SUZB3,62.9,64.21,59.17,59.62,59.62,52539800,62.9,64.21,59.17,59.62,1.0,64.21,59.17,0,52539800,167011,3234725539.0,1,02,010,BRSUZBACNOR0,131,ON  EJ  NM,SUZANO S.A.
2024-12-23,SUZB3,SUZB3,59.68,62.32,59.13,61.59,61.59,16181000,59.68,62.32,59.13,61.59,1.0,62.32,59.13,0,16181000,73489,989528285.0,1,02,010,BRSUZBACNOR0,131,ON  EJ  NM,SUZANO S.A.
2024-12-30,SUZB3,SUZB3,61.9,63.54,61.35,62.68,62.68,18644400,61.9,63.54,61.35,62.68,1.0,63.54,61.35,0,18644400,70319,1165254672.0,1,02,010,BRSUZBACNOR0,131,ON      NM,SUZANO S.A.
2025-01-06,SUZB3,SUZB3,62.31,62.84,60.54,61.44,61.44,25092300,62.31,62.84,60.54,61.44,1.0,62.84,60.54,0,25092300,100359,1549560431.0,1,02,010,BRSUZBACNOR0,131,ON      NM,SUZANO S.A.
2025-01-13,SUZB3,SUZB3,61.39,62.7,59.74,62.28,62.28,27452600,61.39,62.7,59.74,62.28,1.0,62.7,59.74,0,27452600,108813,1680877008.0,1,02,010,BRSUZBACNOR0,131,ON      NM,SUZANO S.A.
2025-01-20,SUZB3,SUZB3,62.0,63.15,61.22,62.76,62.76,20571800,62.0,63.15,61.22,62.76,1.0,63.15,61.22,0,20571800,79659,1278590140.0,1,02,010,BRSUZBACNOR0,131,ON      NM,SUZANO S.A.
2025-01-27,SUZB3,SUZB3,62.76,63.4,61.83,62.37,62.37,20558100,62.76,63.4,61.83,62.37,1.0,63.4,61.83,0,20558100,91492,1286502068.0,1,02,010,BRSUZBACNOR0,131,ON      NM,SUZANO S.A.
2025-02-03,SUZB3,SUZB3,62.55,63.51,59.15,59.52,59.52,23218400,62.55,63.51,59.15,59.52,1.0,63.51,59.15,0,23218400,92761,1407678877.0,1,02,010,BRSUZBACNOR0,131,ON      NM,SUZANO S.A.
2025-02-10,SUZB3,SUZB3,60.01,60.1,57.4,58.85,58.85,31449300,60.01,60.1,57.4,58.85,1.0,60.1,57.4,0,31449300,135366,1844621181.0,1,02,010,BRSUZBACNOR0,131,ON      NM,SUZANO S.A.
2025-02-17,SUZB3,SUZB3,58.99,59.17,57.08,57.5,57.5,34105600,58.99,59.17,57.08,57.5,1.0,59.17,57.08,0,34105600,112545,1969549383.0,1,02,010,BRSUZBACNOR0,131,ON      NM,SUZANO S.A.
2025-02-24,SUZB3,SUZB3,57.55,57.85,56.05,56.31,56.31,26109600,57.55,57.85,56.05,56.31,1.0,57.85,56.05,0,26109600,102964,1486820577.0,1,02,010,BRSUZBACNOR0,131,ON      NM,SUZANO S.A.
2025-03-05,SUZB3,SUZB3,56.19,56.61,54.45,55.34,55.34,16118700,56.19,56.61,54.45,55.34,1.0,56.61,54.45,0,16118700,72469,890874784.0,1,02,010,BRSUZBACNOR0,131,ON      NM,SUZANO S.A.
2025-03-10,SUZB3,SUZB3,55.01,56.1,53.97,54.14,54.14,24174400,55.01,56.1,53.97,54.14,1.0,56.1,53.97,0,24174400,85024,1324181281.0,1,02,010,BRSUZBACNOR0,131,ON      NM,SUZANO S.A.
2025-03-17,SUZB3,SUZB3,54.23,56.27,54.02,54.35,54.35,34558500,54.23,56.27,54.02,54.35,1.0,56.27,54.02,0,34558500,123503,1899618879.0,1,02,010,BRSUZBACNOR0,131,ON      NM,SUZANO S.A.
2025-03-24,SUZB3,SUZB3,54.46,54.75,53.01,53.2,53.2,26172300,54.46,54.75,53.01,53.2,1.0,54.75,53.01,0,26172300,109798,1402840558.0,1,02,010,BRSUZBACNOR0,131,ON      NM,SUZANO S.A.
2025-03-31,SUZB3,SUZB3,53.26,53.67,50.03,50.9,50.9,27382000,53.26,53.67,50.03,50.9,1.0,53.67,50.03,0,27382000,109934,1421404801.0,1,02,010,BRSUZBACNOR0,131,ON      NM,SUZANO S.A.
2025-04-07,SUZB3,SUZB3,50.68,53.1,50.12,51.64,51.64,42602900,50.68,53.1,50.12,51.64,1.0,53.1,50.12,0,42602900,152088,2189553151.0,1,02,010,BRSUZBACNOR0,132,ON  ATZ NM,SUZANO S.A.
2025-04-14,SUZB3,SUZB3,51.95,52.74,51.6,51.84,51.84,15774000,51.95,52.74,51.6,51.84,1.0,52.74,51.6,0,15774000,62334,821215538.0,1,02,010,BRSUZBACNOR0,132,ON  ATZ NM,SUZANO S.A.
2025-04-22,SUZB3,SUZB3,51.79,52.79,50.61,51.28,51.28,27498100,51.79,52.79,50.61,51.28,1.0,52.79,50.61,0,27498100,90126,1421716911.0,1,02,010,BRSUZBACNOR0,132,ON      NM,SUZANO S.A.
2025-04-28,SUZB3,SUZB3,51.47,51.47,49.31,50.65,50.65,23745700,51.47,51.47,49.31,50.65,1.0,51.47,49.31,0,23745700,81471,1196778023.0,1,02,010,BRSUZBACNOR0,132,ON      NM,SUZANO S.A.
2025-05-05,SUZB3,SUZB3,50.71,51.91,49.26,50.09,50.09,26757500,50.71,51.91,49.26,50.09,1.0,51.91,49.26,0,26757500,113362,1356303011.0,1,02,010,BRSUZBACNOR0,132,ON      NM,SUZANO S.A.
2025-05-12,SUZB3,SUZB3,51.5,54.15,51.31,53.67,53.67,31283400,51.5,54.15,51.31,53.67,1.0,54.15,51.31,0,31283400,120015,1659079766.0,1,02,010,BRSUZBACNOR0,132,ON      NM,SUZANO S.A.
2025-05-19,SUZB3,SUZB3,53.53,53.85,52.44,52.96,52.96,23921600,53.53,53.85,52.44,52.96,1.0,53.85,52.44,0,23921600,78702,1269410909.0,1,02,010,BRSUZBACNOR0,132,ON      NM,SUZANO S.A.
2025-05-26,SUZB3,SUZB3,53.1,53.1,49.35,49.65,49.65,41361200,53.1,53.1,49.35,49.65,1.0,53.1,49.35,0,41361200,100033,2109936403.0,1,02,010,BRSUZBACNOR0,132,ON      NM,SUZANO S.A.
2025-06-02,SUZB3,SUZB3,49.95,54.44,49.44,53.42,53.42,55172100,49.95,54.44,49.44,53.42,1.0,54.44,49.44,0,55172100,156071,2850032549.0,1,02,010,BRSUZBACNOR0,132,ON      NM,SUZANO S.A.
2025-06-09,SUZB3,SUZB3,53.39,55.42,52.13,54.11,54.11,26963500,53.39,55.42,52.13,54.11,1.0,55.42,52.13,0,26963500,90791,1447919829.0,1,02,010,BRSUZBACNOR0,132,ON      NM,SUZANO S.A.
2025-06-16,SUZB3,SUZB3,54.34,54.63,51.87,51.87,51.87,21159700,54.34,54.63,51.87,51.87,1.0,54.63,51.87,0,21159700,71288,1125821131.0,1,02,010,BRSUZBACNOR0,132,ON      NM,SUZANO S.A.
2025-06-23,SUZB3,SUZB3,51.7,52.16,50.82,51.15,51.15,26342800,51.7,52.16,50.82,51.15,1.0,52.16,50.82,0,26342800,67524,1360468118.0,1,02,010,BRSUZBACNOR0,132,ON      NM,SUZANO S.A.
2025-06-30,SUZB3,SUZB3,51.04,52.32,50.51,51.95,51.95,21695300,51.04,52.32,50.51,51.95,1.0,52.32,50.51,0,21695300,74598,1114102731.0,1,02,010,BRSUZBACNOR0,132,ON      NM,SUZANO S.A.
2025-07-07,SUZB3,SUZB3,51.91,51.91,49.15,49.9,49.9,20551500,51.91,51.91,49.15,49.9,1.0,51.91,49.15,0,20551500,71954,1033508993.0,1,02,010,BRSUZBACNOR0,132,ON      NM,SUZANO S.A.
2025-07-14,SUZB3,SUZB3,49.84,50.97,49.43,50.61,50.61,23583100,49.84,50.97,49.43,50.61,1.0,50.97,49.43,0,23583100,74112,1188316007.0,1,02,010,BRSUZBACNOR0,133,ON  ATZ NM,SUZANO S.A.
2025-07-21,SUZB3,SUZB3,50.73,52.76,50.56,52.57,52.57,17373700,50.73,52.76,50.56,52.57,1.0,52.76,50.56,0,17373700,60677,897005194.0,1,02,010,BRSUZBACNOR0,133,ON      NM,SUZANO S.A.
2025-07-28,SUZB3,SUZB3,52.59,53.1,50.95,51.74,51.74,26695800,52.59,53.1,50.95,51.74,1.0,53.1,50.95,0,26695800,76829,1387626342.0,1,02,010,BRSUZBACNOR0,133,ON      NM,SUZANO S.A.
2025-08-04,SUZB3,SUZB3,52.18,55.28,50.28,54.58,54.58,27502800,52.18,55.28,50.28,54.58,1.0,55.28,50.28,0,27502800,86660,1454261538.0,1,02,010,BRSUZBACNOR0,133,ON      NM,SUZANO S.A.
2025-08-11,SUZB3,SUZB3,54.35,54.67,53.23,53.33,53.33,18262700,54.35,54.67,53.23,53.33,1.0,54.67,53.23,0,18262700,70021,984116700.0,1,02,010,BRSUZBACNOR0,133,ON      NM,SUZANO S.A.
2025-08-18,SUZB3,SUZB3,53.07,53.89,52.01,53.76,53.76,21845500,53.07,53.89,52.01,53.76,1.0,53.89,52.01,0,21845500,80911,1157767640.0,1,02,010,BRSUZBACNOR0,133,ON      NM,SUZANO S.A.
2025-08-25,SUZB3,SUZB3,53.82,53.98,52.43,52.45,52.45,16791300,53.82,53.98,52.43,52.45,1.0,53.98,52.43,0,16791300,64231,887938175.0,1,02,010,BRSUZBACNOR0,133,ON      NM,SUZANO S.A.
2025-09-01,SUZB3,SUZB3,52.59,53.67,50.87,51.99,51.99,16182000,52.59,53.67,50.87,51.99,1.0,53.67,50.87,0,16182000,69151,841190779.0,1,02,010,BRSUZBACNOR0,133,ON      NM,SUZANO S.A.
2025-09-08,SUZB3,SUZB3,52.11,52.4,50.43,50.43,50.43,24757500,52.11,52.4,50.43,50.43,1.0,52.4,50.43,0,24757500,75094,1273253861.0,1,02,010,BRSUZBACNOR0,133,ON      NM,SUZANO S.A.
2025-09-15,SUZB3,SUZB3,50.68,51.22,50.17,50.5,50.5,22636200,50.68,51.22,50.17,50.5,1.0,51.22,50.17,0,22636200,62928,1146502227.0,1,02,010,BRSUZBACNOR0,133,ON      NM,SUZANO S.A.
2025-09-22,SUZB3,SUZB3,50.55,51.07,49.41,49.45,49.45,28145300,50.55,51.07,49.41,49.45,1.0,51.07,49.41,0,28145300,66232,1411076600.0,1,02,010,BRSUZBACNOR0,133,ON      NM,SUZANO S.A.
2025-09-29,SUZB3,SUZB3,49.76,51.14,48.7,50.7,50.7,25748800,49.76,51.14,48.7,50.7,1.0,51.14,48.7,0,25748800,74003,1284046805.0,1,02,010,BRSUZBACNOR0,134,ON  ATZ NM,SUZANO S.A.
2025-10-06,SUZB3,SUZB3,50.64,50.79,47.52,48.19,48.19,29976700,50.64,50.79,47.52,48.19,1.0,50.79,47.52,0,29976700,78541,1459118790.0,1,02,010,BRSUZBACNOR0,134,ON      NM,SUZANO S.A.
2025-10-13,SUZB3,SUZB3,48.34,48.55,47.23,47.63,47.63,23661500,48.34,48.55,47.23,47.63,1.0,48.55,47.23,0,23661500,69115,1131694353.0,1,02,010,BRSUZBACNOR0,134,ON      NM,SUZANO S.A.
2025-10-20,SUZB3,SUZB3,47.6,49.45,47.27,49.1,49.1,17612000,47.6,49.45,47.27,49.1,1.0,49.45,47.27,0,17612000,52762,849769628.0,1,02,010,BRSUZBACNOR0,134,ON      NM,SUZANO S.A.
2025-10-27,SUZB3,SUZB3,49.2,49.72,48.21,48.89,48.89,20177400,49.2,49.72,48.21,48.89,1.0,49.72,48.21,0,20177400,66710,988926782.0,1,02,010,BRSUZBACNOR0,134,ON      NM,SUZANO S.A.
2025-11-03,SUZB3,SUZB3,48.99,49.76,47.35,47.62,47.62,26333500,48.99,49.76,47.35,47.62,1.0,49.76,47.35,0,26333500,99124,1278870096.0,1,02,010,BRSUZBACNOR0,134,ON      NM,SUZANO S.A.
2025-11-10,SUZB3,SUZB3,47.91,48.37,46.47,47.36,47.36,40010800,47.91,48.37,46.47,47.36,1.0,48.37,46.47,0,40010800,147574,1887713481.0,1,02,010,BRSUZBACNOR0,134,ON      NM,SUZANO S.A.
2025-11-17,SUZB3,SUZB3,47.36,49.01,47.14,48.31,48.31,27479500,47.36,49.01,47.14,48.31,1.0,49.01,47.14,0,27479500,76026,1326027433.0,1,02,010,BRSUZBACNOR0,134,ON      NM,SUZANO S.A.
2025-11-24,SUZB3,SUZB3,48.38,48.48,47.44,47.58,47.58,22246800,48.38,48.48,47.44,47.58,1.0,48.48,47.44,0,22246800,64408,1066266330.0,1,02,010,BRSUZBACNOR0,134,ON      NM,SUZANO S.A.
2025-12-01,SUZB3,SUZB3,47.59,51.51,47.32,50.5,50.5,33908400,47.59,51.51,47.32,50.5,1.0,51.51,47.32,0,33908400,113270,1671375106.0,1,02,010,BRSUZBACNOR0,134,ON      NM,SUZANO S.A.
2025-12-08,SUZB3,SUZB3,50.5,51.72,48.68,49.06,49.06,47678700,50.5,51.72,48.68,49.06,1.0,51.72,48.68,0,47678700,133490,2383848509.0,1,02,010,BRSUZBACNOR0,134,ON      NM,SUZANO S.A.
2025-12-15,SUZB3,SUZB3,49.24,53.01,48.1,51.32,51.32,49426100,49.24,53.01,48.1,51.32,1.0,53.01,48.1,0,49426100,153180,2509656160.0,1,02,010,BRSUZBACNOR0,135,ON  ED  NM,SUZANO S.A.
2025-12-22,SUZB3,SUZB3,51.2,52.06,49.94,51.68,51.68,25281600,51.2,52.06,49.94,51.68,1.0,52.06,49.94,0,25281600,56391,1294025622.0,1,02,010,BRSUZBACNOR0,135,ON  ED  NM,SUZANO S.A.
2025-12-29,SUZB3,SUZB3,51.61,52.11,51.24,51.87,51.87,13195800,51.61,52.11,51.24,51.87,1.0,52.11,51.24,0,13195800,44792,681168052.0,1,02,010,BRSUZBACNOR0,135,ON  ED  NM,SUZANO S.A.
2026-01-05,SUZB3,SUZB3,51.94,52.24,49.03,50.99,50.99,29907400,51.94,52.24,49.03,50.99,1.0,52.24,49.03,0,29907400,72558,1504723234.0,1,02,010,BRSUZBACNOR0,135,ON      NM,SUZANO S.A.
2026-01-12,SUZB3,SUZB3,50.95,52.65,50.81,51.6,51.6,22304300,50.95,52.65,50.81,51.6,1.0,52.65,50.81,0,22304300,68746,1155210014.0,1,02,010,BRSUZBACNOR0,135,ON      NM,SUZANO S.A.
2026-01-19,SUZB3,SUZB3,51.08,53.54,50.75,52.25,52.25,30881800,51.08,53.54,50.75,52.25,1.0,53.54,50.75,0,30881800,109605,1604221997.0,1,02,010,BRSUZBACNOR0,135,ON      NM,SUZANO S.A.
2026-01-26,SUZB3,SUZB3,52.13,52.45,48.92,49.33,49.33,38177300,52.13,52.45,48.92,49.33,1.0,52.45,48.92,0,38177300,118589,1932880433.0,1,02,010,BRSUZBACNOR0,135,ON      NM,SUZANO S.A.
2026-02-02,SUZB3,SUZB3,49.42,51.02,48.35,50.2,50.2,36043600,49.42,51.02,48.35,50.2,1.0,51.02,48.35,0,36043600,120244,1790357358.0,1,02,010,BRSUZBACNOR0,135,ON      NM,SUZANO S.A.
2026-02-09,SUZB3,SUZB3,50.15,58.82,50.14,58.34,58.34,60957600,50.15,58.82,50.14,58.34,1.0,58.82,50.14,0,60957600,182129,3411859504.0,1,02,010,BRSUZBACNOR0,135,ON      NM,SUZANO S.A.
2026-02-18,SUZB3,SUZB3,58.44,58.44,56.04,56.86,56.86,15456800,58.44,58.44,56.04,56.86,1.0,58.44,56.04,0,15456800,51024,881070291.0,1,02,010,BRSUZBACNOR0,135,ON      NM,SUZANO S.A.
2026-02-23,SUZB3,SUZB3,56.86,59.65,56.22,58.0,58.0,36927000,56.86,59.65,56.22,58.0,1.0,59.65,56.22,0,36927000,107225,2156615498.0,1,02,010,BRSUZBACNOR0,135,ON      NM,SUZANO S.A.
2026-03-02,SUZB3,SUZB3,58.3,58.68,54.51,54.92,54.92,29877800,58.3,58.68,54.51,54.92,1.0,58.68,54.51,0,29877800,107537,1690912877.0,1,02,010,BRSUZBACNOR0,135,ON      NM,SUZANO S.A.
2026-03-09,SUZB3,SUZB3,54.54,56.03,53.09,53.4,53.4,20399700,54.54,56.03,53.09,53.4,1.0,56.03,53.09,0,20399700,67320,1109108789.0,1,02,010,BRSUZBACNOR0,135,ON      NM,SUZANO S.A.
2026-03-16,SUZB3,SUZB3,53.32,54.1,49.57,50.18,50.18,40240100,53.32,54.1,49.57,50.18,1.0,54.1,49.57,0,40240100,102989,2088442203.0,1,02,010,BRSUZBACNOR0,135,ON      NM,SUZANO S.A.
2026-03-23,SUZB3,SUZB3,50.51,52.07,50.1,50.44,50.44,22043900,50.51,52.07,50.1,50.44,1.0,52.07,50.1,0,22043900,80786,1125514408.0,1,02,010,BRSUZBACNOR0,135,ON      NM,SUZANO S.A.
2026-03-30,SUZB3,SUZB3,50.75,52.33,50.11,50.85,50.85,17963900,50.75,52.33,50.11,50.85,1.0,52.33,50.11,0,17963900,61166,922983176.0,1,02,010,BRSUZBACNOR0,135,ON      NM,SUZANO S.A.
2026-04-06,SUZB3,SUZB3,50.91,50.99,46.36,47.16,47.16,77124600,50.91,50.99,46.36,47.16,1.0,50.99,46.36,0,77124600,156012,3637876709.0,1,02,010,BRSUZBACNOR0,136,ON  ATZ NM,SUZANO S.A.
2026-04-13,SUZB3,SUZB3,47.2,48.74,46.92,47.93,47.93,46319500,47.2,48.74,46.92,47.93,1.0,48.74,46.92,0,46319500,115913,2222104874.0,1,02,010,BRSUZBACNOR0,136,ON  ATZ NM,SUZANO S.A.
2026-04-20,SUZB3,SUZB3,47.93,48.58,45.35,45.64,45.64,24000000,47.93,48.58,45.35,45.64,1.0,48.58,45.35,0,24000000,74978,1122686869.0,1,02,010,BRSUZBACNOR0,136,ON      NM,SUZANO S.A.
2026-04-27,SUZB3,SUZB3,45.7,45.83,43.06,43.84,43.84,31946900,45.7,45.83,43.06,43.84,1.0,45.83,43.06,0,31946900,94505,1426018591.0,1,02,010,BRSUZBACNOR0,137,ON  ED  NM,SUZANO S.A.
2026-05-04,SUZB3,SUZB3,44.02,44.09,42.31,43.7,43.7,27703400,44.02,44.09,42.31,43.7,1.0,44.09,42.31,0,27703400,97549,1191186473.0,1,02,010,BRSUZBACNOR0,137,ON  ED  NM,SUZANO S.A.
2026-05-11,SUZB3,SUZB3,43.72,44.22,41.7,41.7,41.7,37599600,43.72,44.22,41.7,41.7,1.0,44.22,41.7,0,37599600,90370,1602480219.0,1,02,010,BRSUZBACNOR0,137,ON      NM,SUZANO S.A.
2026-05-18,SUZB3,SUZB3,41.76,42.62,40.97,41.7,41.7,23857400,41.76,42.62,40.97,41.7,1.0,42.62,40.97,0,23857400,80602,997959903.0,1,02,010,BRSUZBACNOR0,137,ON      NM,SUZANO S.A.
2026-05-25,SUZB3,SUZB3,42.1,42.86,40.97,41.91,41.91,42206300,42.1,42.86,40.97,41.91,1.0,42.86,40.97,0,42206300,72780,1763363425.0,1,02,010,BRSUZBACNOR0,137,ON      NM,SUZANO S.A.
2026-06-01,SUZB3,SUZB3,41.77,42.22,40.17,41.74,41.74,27633900,41.77,42.22,40.17,41.74,1.0,42.22,40.17,0,27633900,74610,1138490333.0,1,02,010,BRSUZBACNOR0,137,ON      NM,SUZANO S.A.
2026-06-08,SUZB3,SUZB3,41.71,42.38,40.7,41.52,41.52,22240500,41.71,42.38,40.7,41.52,1.0,42.38,40.7,0,22240500,83457,926034216.0,1,02,010,BRSUZBACNOR0,138,ON  ATZ NM,SUZANO S.A.
2026-06-15,SUZB3,SUZB3,42.07,44.37,41.74,43.23,43.23,32753000,42.07,44.37,41.74,43.23,1.0,44.37,41.74,0,32753000,96580,1411582254.0,1,02,010,BRSUZBACNOR0,138,ON  ATZ NM,SUZANO S.A.
2026-06-22,SUZB3,SUZB3,43.04,43.35,39.75,40.11,40.11,36598200,43.04,43.35,39.75,40.11,1.0,43.35,39.75,0,36598200,107098,1516996357.0,1,02,010,BRSUZBACNOR0,138,ON      NM,SUZANO S.A.
2026-06-29,SUZB3,SUZB3,40.2,41.21,39.17,40.8,40.8,27648300,40.2,41.21,39.17,40.8,1.0,41.21,39.17,0,27648300,85335,1109737506.0,1,02,010,BRSUZBACNOR0,138,ON      NM,SUZANO S.A.
2026-07-06,SUZB3,SUZB3,40.51,41.87,40.1,41.55,41.55,27268800,40.51,41.87,40.1,41.55,1.0,41.87,40.1,0,27268800,79358,1118742241.0,1,02,010,BRSUZBACNOR0,138,ON      NM,SUZANO S.A.
2026-07-13,SUZB3,SUZB3,41.71,42.62,40.77,41.93,41.93,22435400,41.71,42.62,40.77,41.93,1.0,42.62,40.77,0,22435400,72522,936709021.0,1,02,010,BRSUZBACNOR0,138,ON      NM,SUZANO S.A.
2026-07-20,SUZB3,SUZB3,41.93,42.82,41.11,41.84,41.84,17810300,41.93,42.82,41.11,41.84,1.0,42.82,41.11,0,17810300,65877,748686101.0,1,02,010,BRSUZBACNOR0,138,ON      NM,SUZANO S.A.
2026-07-27,SUZB3,SUZB3,41.98,43.51,41.38,43.32,43.32,29819200,41.98,43.51,41.38,43.32,1.0,43.51,41.38,0,29819200,66729,1271814395.0,1,02,010,BRSUZBACNOR0,138,ON      NM,SUZANO S.A.
2026-08-03,SUZB3,SUZB3,43.54,43.71,41.14,41.7,41.7,22505400,43.54,43.71,41.14,41.7,1.0,43.71,41.14,0,22505400,66988,958478557.0,1,02,010,BRSUZBACNOR0,138,ON      NM,SUZANO S.A.
2026-08-10,SUZB3,SUZB3,41.57,41.92,41.22,41.29,41.29,2954300,41.57,41.92,41.22,41.29,1.0,41.92,41.22,0,2954300,8621,122629478.0,1,02,010,BRSUZBACNOR0,138,ON      NM,SUZANO S.A.
