ticker,label,strategy,params,year,start,end,strategy_return,buy_hold_return,excess_return,trades,exposure,start_equity,end_equity,bh_start_equity,bh_end_equity
GGBR3,legacy_breakout_5_55,breakout,lookback=5;exit_lookback=55,2000,2000-01-03,2000-12-29,2.3990034011841455,2.7099655428050626,-0.3109621416209172,3,0.5384615384615384,10000.0,33990.03401184145,9975.052524008677,37007.10115174286
GGBR3,legacy_breakout_5_55,breakout,lookback=5;exit_lookback=55,2001,2001-01-01,2001-12-31,0.38406648461107573,0.4230763271372273,-0.039009842526151584,4,0.8160919540229885,33990.03401184145,47044.4668865803,37007.10115174286,52663.929585018086
GGBR3,legacy_breakout_5_55,breakout,lookback=5;exit_lookback=55,2002,2002-01-01,2002-12-31,0.44066580684794476,0.4378381571006935,0.0028276497472512485,4,0.896551724137931,47044.4668865803,67775.35484488663,52663.929585018086,75722.20746020309
GGBR3,legacy_breakout_5_55,breakout,lookback=5;exit_lookback=55,2003,2003-01-01,2003-12-31,0.9980276393017649,0.9980443157725578,-1.6676470792953424e-05,0,1.0,67775.35484488663,135417.03224356828,75722.20746020309,151296.32619360916
GGBR3,legacy_breakout_5_55,breakout,lookback=5;exit_lookback=55,2004,2004-01-01,2004-12-31,0.6085218367744882,0.6085269257765804,-5.089002092173445e-06,0,1.0,135417.03224356828,217821.25343497453,151296.32619360916,243364.21445349685
GGBR3,legacy_breakout_5_55,breakout,lookback=5;exit_lookback=55,2005,2005-01-03,2005-12-29,-0.12569071099955975,0.09385740790858854,-0.2195481189081483,8,0.8674698795180723,213622.33238394913,186771.9895412263,238672.8796098613,261074.0974281215
GGBR3,legacy_breakout_5_55,breakout,lookback=5;exit_lookback=55,2006,2006-01-02,2006-12-28,0.5506574263905519,0.5833614449130697,-0.03270401852251781,2,0.9728682170542635,185702.2192503747,287960.52537780005,259578.7486169719,411006.9824788951
GGBR3,legacy_breakout_5_55,breakout,lookback=5;exit_lookback=55,2007,2007-01-02,2007-12-28,0.3661095406740906,0.36612025397867654,-1.071330458590758e-05,0,1.0,287590.76488356787,392880.4877172013,410479.2067144298,560763.9581296825
GGBR3,legacy_breakout_5_55,breakout,lookback=5;exit_lookback=55,2008,2008-01-02,2008-12-30,-0.036666623791052344,-0.41003670050090457,0.3733700767098522,6,0.7389558232931727,377627.80068259436,363781.4641819232,538993.1127164745,317986.1551854991
GGBR3,legacy_breakout_5_55,breakout,lookback=5;exit_lookback=55,2009,2009-01-02,2009-12-30,0.8927972037747349,0.7404816623758093,0.15231554139892567,2,0.9274193548387096,388536.3311901324,735420.481241577,339625.02494791977,591111.1280057811
GGBR3,legacy_breakout_5_55,breakout,lookback=5;exit_lookback=55,2010,2010-01-04,2010-12-30,-0.3345304949425181,-0.2549978439427546,-0.07953265099976348,8,0.8582995951417004,739031.9511283567,491803.22673905274,594013.9581296825,442541.67953471176
GGBR3,legacy_breakout_5_55,breakout,lookback=5;exit_lookback=55,2011,2011-01-03,2011-12-29,-0.20559043783206965,-0.28488026715632153,0.07928982932425188,10,0.7670682730923695,502360.68551552674,399080.13223077095,452041.7067144298,323263.94453982345
GGBR3,legacy_breakout_5_55,breakout,lookback=5;exit_lookback=55,2012,2012-01-02,2012-12-28,0.15959022602985318,0.23775094001323693,-0.07816071398338376,2,0.9795918367346939,405595.66293145454,470324.76645541354,328541.7021844768,406652.8007123851
GGBR3,legacy_breakout_5_55,breakout,lookback=5;exit_lookback=55,2013,2013-01-02,2013-12-30,-0.1322303540487625,-0.07195573522198473,-0.06027461882677776,8,0.7580645161290323,496267.31719851657,430645.7141425272,429083.3658311748,398208.35677126877
GGBR3,legacy_breakout_5_55,breakout,lookback=5;exit_lookback=55,2014,2014-01-02,2014-12-30,-0.41328387193160243,-0.4629258100821997,0.04964193815059725,14,0.6048387096774194,427221.15577765903,250657.54234677384,395041.7021844768,212166.70218447677
GGBR3,legacy_breakout_5_55,breakout,lookback=5;exit_lookback=55,2015,2015-01-02,2015-12-30,-0.47836789280610237,-0.5781817842154169,0.09981389140931451,5,0.7276422764227642,257204.55483418534,134166.1539180245,217708.37942103378,91833.36016873352
GGBR3,legacy_breakout_5_55,breakout,lookback=5;exit_lookback=55,2016,2016-01-04,2016-12-29,1.8551488965858276,1.3723715907875778,0.48277730579824985,1,0.9196787148594378,134166.1539180245,383064.346318212,87875.04986266128,208472.27183321945
GGBR3,legacy_breakout_5_55,breakout,lookback=5;exit_lookback=55,2017,2017-01-02,2017-12-29,0.35880973061715316,0.35202080547764303,0.006788925139510127,2,0.937007874015748,371911.8570184378,505357.4502485487,202402.8029773616,273652.8007123851
GGBR3,legacy_breakout_5_55,breakout,lookback=5;exit_lookback=55,2018,2018-01-02,2018-12-28,0.14307562969377607,0.1249999496941423,0.018075679999633776,3,0.9186991869918699,530211.0677946303,606071.3501899565,287111.1461255931,323000.02494791977
GGBR3,legacy_breakout_5_55,breakout,lookback=5;exit_lookback=55,2019,2019-01-02,2019-12-30,0.26593944543091697,0.3776167135306676,-0.11167726809975065,7,0.8911290322580645,606071.3501899565,767249.6289510406,327750.0385377788,451513.93094996444
GGBR3,legacy_breakout_5_55,breakout,lookback=5;exit_lookback=55,2020,2020-01-02,2020-12-30,0.5787672273943603,0.1503120013433703,0.42845522605098996,2,0.9435483870967742,790567.4668998397,1248122.0077856425,465236.1325357341,535166.7067144298
GGBR3,legacy_breakout_5_55,breakout,lookback=5;exit_lookback=55,2021,2021-01-04,2021-12-30,0.13174028215938027,0.05990565741564158,0.0718346247437387,2,0.7044534412955465,1304742.8285902385,1476630.0169741444,559444.4552991771,592958.3431814098
GGBR3,legacy_breakout_5_55,breakout,lookback=5;exit_lookback=55,2022,2022-01-03,2022-12-29,0.04891573306590358,0.0951742187792266,-0.04625848571332303,4,0.92,1470715.6823927693,1542656.818128532,590583.3522413158,646791.6614148997
GGBR3,legacy_breakout_5_55,breakout,lookback=5;exit_lookback=55,2023,2023-01-02,2023-12-28,-0.03270255940636502,-0.05064990577488204,0.017947346368517025,4,0.842741935483871,1549580.3080577313,1498905.0659785399,649694.4915388011,616787.526759901
GGBR3,legacy_breakout_5_55,breakout,lookback=5;exit_lookback=55,2024,2024-01-02,2024-12-30,-0.10230836847423241,0.00927274084584484,-0.11158110932007725,6,0.896414342629482,1481052.7740702757,1329528.6811309098,609583.3431814098,615235.8515466746
GGBR3,legacy_breakout_5_55,breakout,lookback=5;exit_lookback=55,2025,2025-01-02,2025-12-30,0.032472120010234695,0.08456152108633797,-0.05208940107610327,4,0.92,1298182.9627967118,1340337.7157598888,601603.356620222,652475.8515466746
GGBR3,legacy_breakout_5_55,breakout,lookback=5;exit_lookback=55,2026,2026-01-02,2026-07-17,0.10579022891554546,0.17275355099655543,-0.06696332208100997,4,0.8740740740740741,1340337.7157598888,1482132.3495342666,652475.8515466746,765193.3718408641
GGBR3,legacy_rsi_atr_21_45_75,rsi_reversion_atr,rsi_period=21;lower=45;upper=75;atr_period=14;atr_mult=2,2000,2000-01-03,2000-12-29,2.1468612812585532,2.7099655428050626,-0.5631042615465094,13,0.3,10000.0,31468.612812585532,9975.052524008677,37007.10115174286
GGBR3,legacy_rsi_atr_21_45_75,rsi_reversion_atr,rsi_period=21;lower=45;upper=75;atr_period=14;atr_mult=2,2001,2001-01-01,2001-12-31,0.273579950148124,0.4230763271372273,-0.14949637698910334,5,0.5210727969348659,31468.612812585532,40077.794337083295,37007.10115174286,52663.929585018086
GGBR3,legacy_rsi_atr_21_45_75,rsi_reversion_atr,rsi_period=21;lower=45;upper=75;atr_period=14;atr_mult=2,2002,2002-01-01,2002-12-31,0.4865959466586176,0.4378381571006935,0.04875778955792409,13,0.6973180076628352,40077.794337083295,59579.486612525725,52663.929585018086,75722.20746020309
GGBR3,legacy_rsi_atr_21_45_75,rsi_reversion_atr,rsi_period=21;lower=45;upper=75;atr_period=14;atr_mult=2,2003,2003-01-01,2003-12-31,0.4920688807525071,0.9980443157725578,-0.5059754350200507,3,0.7203065134099617,59579.486612525725,88896.69790576024,75722.20746020309,151296.32619360916
GGBR3,legacy_rsi_atr_21_45_75,rsi_reversion_atr,rsi_period=21;lower=45;upper=75;atr_period=14;atr_mult=2,2004,2004-01-01,2004-12-31,0.47197619147017655,0.6085269257765804,-0.13655073430640385,7,0.3716475095785441,88896.69790576024,130853.82281759578,151296.32619360916,243364.21445349685
GGBR3,legacy_rsi_atr_21_45_75,rsi_reversion_atr,rsi_period=21;lower=45;upper=75;atr_period=14;atr_mult=2,2005,2005-01-03,2005-12-29,0.20369461699132252,0.09385740790858854,0.10983720908273398,4,0.9919678714859438,128331.366145881,154471.7746209394,238672.8796098613,261074.0974281215
GGBR3,legacy_rsi_atr_21_45_75,rsi_reversion_atr,rsi_period=21;lower=45;upper=75;atr_period=14;atr_mult=2,2006,2006-01-02,2006-12-28,0.48890573275365723,0.5833614449130697,-0.09445571215941251,4,0.686046511627907,153587.02282660117,228676.5987630933,259578.7486169719,411006.9824788951
GGBR3,legacy_rsi_atr_21_45_75,rsi_reversion_atr,rsi_period=21;lower=45;upper=75;atr_period=14;atr_mult=2,2007,2007-01-02,2007-12-28,0.4812537424452603,0.36612025397867654,0.11513348846658378,4,0.9224489795918367,228382.9649625867,338293.1215615763,410479.2067144298,560763.9581296825
GGBR3,legacy_rsi_atr_21_45_75,rsi_reversion_atr,rsi_period=21;lower=45;upper=75;atr_period=14;atr_mult=2,2008,2008-01-02,2008-12-30,-0.2803442109628961,-0.41003670050090457,0.1296924895380085,12,0.8514056224899599,325159.89998870034,234003.20438959394,538993.1127164745,317986.1551854991
GGBR3,legacy_rsi_atr_21_45_75,rsi_reversion_atr,rsi_period=21;lower=45;upper=75;atr_period=14;atr_mult=2,2009,2009-01-02,2009-12-30,0.6772178684929204,0.7404816623758093,-0.06326379388288883,1,0.7903225806451613,249926.8093624333,419181.71047809685,339625.02494791977,591111.1280057811
GGBR3,legacy_rsi_atr_21_45_75,rsi_reversion_atr,rsi_period=21;lower=45;upper=75;atr_period=14;atr_mult=2,2010,2010-01-04,2010-12-30,-0.1949096287979637,-0.2549978439427546,0.0600882151447909,9,0.9311740890688259,419181.71047809685,337479.1588899155,594013.9581296825,442541.67953471176
GGBR3,legacy_rsi_atr_21_45_75,rsi_reversion_atr,rsi_period=21;lower=45;upper=75;atr_period=14;atr_mult=2,2011,2011-01-03,2011-12-29,-0.2866585348467682,-0.28488026715632153,-0.0017782676904466443,8,0.9839357429718876,344723.75104537205,245905.74564382364,452041.7067144298,323263.94453982345
GGBR3,legacy_rsi_atr_21_45_75,rsi_reversion_atr,rsi_period=21;lower=45;upper=75;atr_period=14;atr_mult=2,2012,2012-01-02,2012-12-28,0.2377494781941576,0.23775094001323693,-1.4618190793402874e-06,0,1.0,249920.49223348428,309338.9588520222,328541.7021844768,406652.8007123851
GGBR3,legacy_rsi_atr_21_45_75,rsi_reversion_atr,rsi_period=21;lower=45;upper=75;atr_period=14;atr_mult=2,2013,2013-01-02,2013-12-30,-0.07195539646656812,-0.07195573522198473,3.38755416606773e-07,0,1.0,326401.7042219334,302915.3401872807,429083.3658311748,398208.35677126877
GGBR3,legacy_rsi_atr_21_45_75,rsi_reversion_atr,rsi_period=21;lower=45;upper=75;atr_period=14;atr_mult=2,2014,2014-01-02,2014-12-30,-0.41979712816162185,-0.4629258100821997,0.04312868192057784,4,0.9919354838709677,300506.4922334843,174354.72979994485,395041.7021844768,212166.70218447677
GGBR3,legacy_rsi_atr_21_45_75,rsi_reversion_atr,rsi_period=21;lower=45;upper=75;atr_period=14;atr_mult=2,2015,2015-01-02,2015-12-30,-0.5965199425292382,-0.5781817842154169,-0.01833815831382135,12,0.975609756097561,178908.73848601052,72186.10808635701,217708.37942103378,91833.36016873352
GGBR3,legacy_rsi_atr_21_45_75,rsi_reversion_atr,rsi_period=21;lower=45;upper=75;atr_period=14;atr_mult=2,2016,2016-01-04,2016-12-29,1.1121773039288136,1.3723715907875778,-0.2601942868587641,4,0.6746987951807228,69074.69761539449,145898.00857898197,87875.04986266128,208472.27183321945
GGBR3,legacy_rsi_atr_21_45_75,rsi_reversion_atr,rsi_period=21;lower=45;upper=75;atr_period=14;atr_mult=2,2017,2017-01-02,2017-12-29,0.6790557673633213,0.35202080547764303,0.32703496188567827,2,0.9173228346456693,141650.47562238178,237839.0480435177,202402.8029773616,273652.8007123851
GGBR3,legacy_rsi_atr_21_45_75,rsi_reversion_atr,rsi_period=21;lower=45;upper=75;atr_period=14;atr_mult=2,2018,2018-01-02,2018-12-28,0.12499799550360313,0.1249999496941423,-1.954190539166234e-06,0,1.0,249535.8680661007,280727.35138061485,287111.1461255931,323000.02494791977
GGBR3,legacy_rsi_atr_21_45_75,rsi_reversion_atr,rsi_period=21;lower=45;upper=75;atr_period=14;atr_mult=2,2019,2019-01-02,2019-12-30,0.15652070908014815,0.3776167135306676,-0.22109600445051947,1,0.9112903225806451,284855.64890602074,329441.4570582768,327750.0385377788,451513.93094996444
GGBR3,legacy_rsi_atr_21_45_75,rsi_reversion_atr,rsi_period=21;lower=45;upper=75;atr_period=14;atr_mult=2,2020,2020-01-02,2020-12-30,0.28991810035979904,0.1503120013433703,0.13960609901642873,9,0.8346774193548387,329441.4570582768,424952.4984683767,465236.1325357341,535166.7067144298
GGBR3,legacy_rsi_atr_21_45_75,rsi_reversion_atr,rsi_period=21;lower=45;upper=75;atr_period=14;atr_mult=2,2021,2021-01-04,2021-12-30,0.5762131216960911,0.05990565741564158,0.5163074642804495,8,0.7813765182186235,444230.1260814443,700201.3537822815,559444.4552991771,592958.3431814098
GGBR3,legacy_rsi_atr_21_45_75,rsi_reversion_atr,rsi_period=21;lower=45;upper=75;atr_period=14;atr_mult=2,2022,2022-01-03,2022-12-29,0.20210482617807934,0.0951742187792266,0.10693060739885274,3,0.868,697396.8644806,838344.1365535893,590583.3522413158,646791.6614148997
GGBR3,legacy_rsi_atr_21_45_75,rsi_reversion_atr,rsi_period=21;lower=45;upper=75;atr_period=14;atr_mult=2,2023,2023-01-02,2023-12-28,-0.03431765851642399,-0.05064990577488204,0.016332247258458055,3,0.842741935483871,838344.1365535893,809574.1287560968,649694.4915388011,616787.526759901
GGBR3,legacy_rsi_atr_21_45_75,rsi_reversion_atr,rsi_period=21;lower=45;upper=75;atr_period=14;atr_mult=2,2024,2024-01-02,2024-12-30,0.11986321207527384,0.00927274084584484,0.110590471229429,6,0.8764940239043825,800118.3398919611,896023.0941517472,609583.3431814098,615235.8515466746
GGBR3,legacy_rsi_atr_21_45_75,rsi_reversion_atr,rsi_period=21;lower=45;upper=75;atr_period=14;atr_mult=2,2025,2025-01-02,2025-12-30,0.1338348916160801,0.08456152108633797,0.04927337052974212,4,0.992,874375.1022083878,991396.9992442463,601603.356620222,652475.8515466746
GGBR3,legacy_rsi_atr_21_45_75,rsi_reversion_atr,rsi_period=21;lower=45;upper=75;atr_period=14;atr_mult=2,2026,2026-01-02,2026-07-17,0.37080896783578265,0.17275355099655543,0.19805541683922723,4,0.837037037037037,991396.9992442463,1359015.8972494975,652475.8515466746,765193.3718408641
GGBR3,breakout_10_55,breakout,lookback=10;exit_lookback=55,2000,2000-01-03,2000-12-29,2.3990034011841455,2.7099655428050626,-0.3109621416209172,3,0.5384615384615384,10000.0,33990.03401184145,9975.052524008677,37007.10115174286
GGBR3,breakout_10_55,breakout,lookback=10;exit_lookback=55,2001,2001-01-01,2001-12-31,0.16867050602976863,0.4230763271372273,-0.2544058211074587,4,0.8084291187739464,33990.03401184145,39723.1502485878,37007.10115174286,52663.929585018086
GGBR3,breakout_10_55,breakout,lookback=10;exit_lookback=55,2002,2002-01-01,2002-12-31,0.350491596991658,0.4378381571006935,-0.08734656010903552,4,0.8620689655172413,39723.1502485878,53645.78061675491,52663.929585018086,75722.20746020309
GGBR3,breakout_10_55,breakout,lookback=10;exit_lookback=55,2003,2003-01-01,2003-12-31,0.9980387839473059,0.9980443157725578,-5.531825251869904e-06,0,1.0,53645.78061675491,107186.35026740494,75722.20746020309,151296.32619360916
GGBR3,breakout_10_55,breakout,lookback=10;exit_lookback=55,2004,2004-01-01,2004-12-31,0.608525237690797,0.6085269257765804,-1.6880857833800889e-06,0,1.0,107186.35026740494,172411.94954108656,151296.32619360916,243364.21445349685
GGBR3,breakout_10_55,breakout,lookback=10;exit_lookback=55,2005,2005-01-03,2005-12-29,-0.08982746421024335,0.09385740790858854,-0.1836848721188319,6,0.7710843373493976,169088.3680801338,153899.58874804713,238672.8796098613,261074.0974281215
GGBR3,breakout_10_55,breakout,lookback=10;exit_lookback=55,2006,2006-01-02,2006-12-28,0.5248072339719123,0.5833614449130697,-0.058554210941157425,2,0.9573643410852714,153018.11997515894,233323.13626690433,259578.7486169719,411006.9824788951
GGBR3,breakout_10_55,breakout,lookback=10;exit_lookback=55,2007,2007-01-02,2007-12-28,0.3661090319492357,0.36612025397867654,-1.1222029440816073e-05,0,1.0,233023.53423519657,318335.55477543396,410479.2067144298,560763.9581296825
GGBR3,breakout_10_55,breakout,lookback=10;exit_lookback=55,2008,2008-01-02,2008-12-30,-0.08310467385321862,-0.41003670050090457,0.32693202664768595,4,0.6546184738955824,305976.91696568055,280548.8050746343,538993.1127164745,317986.1551854991
GGBR3,breakout_10_55,breakout,lookback=10;exit_lookback=55,2009,2009-01-02,2009-12-30,0.7702654129655213,0.7404816623758093,0.029783750589712055,2,0.9193548387096774,299639.8199462316,530442.0095980301,339625.02494791977,591111.1280057811
GGBR3,breakout_10_55,breakout,lookback=10;exit_lookback=55,2010,2010-01-04,2010-12-30,-0.38212880614211553,-0.2549978439427546,-0.12713096219936093,8,0.6437246963562753,533046.8740313187,329354.30843994423,594013.9581296825,442541.67953471176
GGBR3,breakout_10_55,breakout,lookback=10;exit_lookback=55,2011,2011-01-03,2011-12-29,-0.09881128971901287,-0.28488026715632153,0.18606897743730866,4,0.5381526104417671,336424.3286673765,303181.80685889994,452041.7067144298,323263.94453982345
GGBR3,breakout_10_55,breakout,lookback=10;exit_lookback=55,2012,2012-01-02,2012-12-28,0.19406338233641374,0.23775094001323693,-0.0436875576768232,2,0.9306122448979591,308131.62924659526,367928.69542301935,328541.7021844768,406652.8007123851
GGBR3,breakout_10_55,breakout,lookback=10;exit_lookback=55,2013,2013-01-02,2013-12-30,0.08116697004230078,-0.07195573522198473,0.1531227052642855,2,0.6290322580645161,388222.7913769607,419733.6590543929,429083.3658311748,398208.35677126877
GGBR3,breakout_10_55,breakout,lookback=10;exit_lookback=55,2014,2014-01-02,2014-12-30,-0.45164882459441147,-0.4629258100821997,0.011276985487788216,11,0.5403225806451613,416395.86226331623,228331.160506113,395041.7021844768,212166.70218447677
GGBR3,breakout_10_55,breakout,lookback=10;exit_lookback=55,2015,2015-01-02,2015-12-30,-0.3881068172746064,-0.5781817842154169,0.1900749669408105,4,0.7154471544715447,228331.160506113,139714.28051746817,217708.37942103378,91833.36016873352
GGBR3,breakout_10_55,breakout,lookback=10;exit_lookback=55,2016,2016-01-04,2016-12-29,1.8551640073482494,1.3723715907875778,0.4827924165606716,1,0.9196787148594378,139714.28051746817,398907.18504603184,87875.04986266128,208472.27183321945
GGBR3,breakout_10_55,breakout,lookback=10;exit_lookback=55,2017,2017-01-02,2017-12-29,0.337284538453293,0.35202080547764303,-0.014736267024350047,2,0.9173228346456693,387293.4161132125,517921.4972129565,202402.8029773616,273652.8007123851
GGBR3,breakout_10_55,breakout,lookback=10;exit_lookback=55,2018,2018-01-02,2018-12-28,0.11691955867862025,0.1249999496941423,-0.008080391015522048,3,0.8739837398373984,543392.7819801073,606926.0262383692,287111.1461255931,323000.02494791977
GGBR3,breakout_10_55,breakout,lookback=10;exit_lookback=55,2019,2019-01-02,2019-12-30,0.309697956408409,0.3776167135306676,-0.06791875712225859,5,0.8185483870967742,606926.0262383692,794889.7762554685,327750.0385377788,451513.93094996444
GGBR3,breakout_10_55,breakout,lookback=10;exit_lookback=55,2020,2020-01-02,2020-12-30,0.32042490307049176,0.1503120013433703,0.17011290172712146,2,0.7782258064516129,819047.4542110959,1081490.6553368194,465236.1325357341,535166.7067144298
GGBR3,breakout_10_55,breakout,lookback=10;exit_lookback=55,2021,2021-01-04,2021-12-30,0.13174001407396796,0.05990565741564158,0.07183435665832638,2,0.7044534412955465,1130552.1518978698,1279491.1083002498,559444.4552991771,592958.3431814098
GGBR3,breakout_10_55,breakout,lookback=10;exit_lookback=55,2022,2022-01-03,2022-12-29,-0.04601859331869185,0.0951742187792266,-0.14119281209791845,4,0.872,1274366.3421354701,1215721.795697709,590583.3522413158,646791.6614148997
GGBR3,breakout_10_55,breakout,lookback=10;exit_lookback=55,2023,2023-01-02,2023-12-28,-0.03270238163173522,-0.05064990577488204,0.01794752414314682,4,0.842741935483871,1221177.9813895426,1181242.5530018697,649694.4915388011,616787.526759901
GGBR3,breakout_10_55,breakout,lookback=10;exit_lookback=55,2024,2024-01-02,2024-12-30,-0.05035815665786403,0.00927274084584484,-0.05963089750370887,4,0.7529880478087649,1167173.7033085714,1108396.987110419,609583.3431814098,615235.8515466746
GGBR3,breakout_10_55,breakout,lookback=10;exit_lookback=55,2025,2025-01-02,2025-12-30,0.027390814944349806,0.08456152108633797,-0.05717070614198816,4,0.76,1082264.8268359134,1111908.9424285546,601603.356620222,652475.8515466746
GGBR3,breakout_10_55,breakout,lookback=10;exit_lookback=55,2026,2026-01-02,2026-07-17,0.09414358210442009,0.17275355099655543,-0.07860996889213534,4,0.8592592592592593,1111908.9424285546,1216588.0332427162,652475.8515466746,765193.3718408641
GGBR3,legacy_rsi_21_45_70,rsi_reversion,rsi_period=21;lower=45;upper=70,2000,2000-01-03,2000-12-29,2.226584266907345,2.7099655428050626,-0.4833812758977176,3,0.3192307692307692,10000.0,32265.84266907345,9975.052524008677,37007.10115174286
GGBR3,legacy_rsi_21_45_70,rsi_reversion,rsi_period=21;lower=45;upper=70,2001,2001-01-01,2001-12-31,0.16430892623104087,0.4230763271372273,-0.25876740090618644,3,0.4904214559386973,32265.84266907345,37567.40863196861,37007.10115174286,52663.929585018086
GGBR3,legacy_rsi_21_45_70,rsi_reversion,rsi_period=21;lower=45;upper=70,2002,2002-01-01,2002-12-31,0.7622592192478286,0.4378381571006935,0.32442106214713506,8,0.6053639846743295,37567.40863196861,66203.51220493714,52663.929585018086,75722.20746020309
GGBR3,legacy_rsi_21_45_70,rsi_reversion,rsi_period=21;lower=45;upper=70,2003,2003-01-01,2003-12-31,0.4246472309043148,0.9980443157725578,-0.573397084868243,4,0.5862068965517241,66203.51220493714,94316.65033890371,75722.20746020309,151296.32619360916
GGBR3,legacy_rsi_21_45_70,rsi_reversion,rsi_period=21;lower=45;upper=70,2004,2004-01-01,2004-12-31,0.547865051485994,0.6085269257765804,-0.06066187429058645,4,0.2988505747126437,94316.65033890371,145989.44683281367,151296.32619360916,243364.21445349685
GGBR3,legacy_rsi_21_45_70,rsi_reversion,rsi_period=21;lower=45;upper=70,2005,2005-01-03,2005-12-29,0.16506781720023467,0.09385740790858854,0.07121040929164613,4,0.8353413654618473,145989.44683281367,170087.60615577592,238672.8796098613,261074.0974281215
GGBR3,legacy_rsi_21_45_70,rsi_reversion,rsi_period=21;lower=45;upper=70,2006,2006-01-02,2006-12-28,0.16593745833847584,0.5833614449130697,-0.4174239865745939,1,0.6162790697674418,170087.60615577592,198311.51121614108,259578.7486169719,411006.9824788951
GGBR3,legacy_rsi_21_45_70,rsi_reversion,rsi_period=21;lower=45;upper=70,2007,2007-01-02,2007-12-28,0.41092027137676856,0.36612025397867654,0.04480001739809203,2,0.9183673469387755,198056.86139390597,279442.44062592083,410479.2067144298,560763.9581296825
GGBR3,legacy_rsi_21_45_70,rsi_reversion,rsi_period=21;lower=45;upper=70,2008,2008-01-02,2008-12-30,-0.38316673763728815,-0.41003670050090457,0.026869962863616426,2,0.8514056224899599,268593.68460632855,165677.51872574294,538993.1127164745,317986.1551854991
GGBR3,legacy_rsi_21_45_70,rsi_reversion,rsi_period=21;lower=45;upper=70,2009,2009-01-02,2009-12-30,0.6872766786727749,0.7404816623758093,-0.05320498370303439,3,0.5967741935483871,176950.55638061964,298564.5470591915,339625.02494791977,591111.1280057811
GGBR3,legacy_rsi_21_45_70,rsi_reversion,rsi_period=21;lower=45;upper=70,2010,2010-01-04,2010-12-30,-0.1015764542795563,-0.2549978439427546,0.1534213896631983,3,0.8825910931174089,298564.5470591915,268237.4189953371,594013.9581296825,442541.67953471176
GGBR3,legacy_rsi_21_45_70,rsi_reversion,rsi_period=21;lower=45;upper=70,2011,2011-01-03,2011-12-29,-0.2848692690741008,-0.28488026715632153,1.0998082220714522e-05,0,1.0,273995.43546910724,195942.5560373827,452041.7067144298,323263.94453982345
GGBR3,legacy_rsi_21_45_70,rsi_reversion,rsi_period=21;lower=45;upper=70,2012,2012-01-02,2012-12-28,0.31921616352010673,0.23775094001323693,0.0814652235068698,2,0.7551020408163265,199141.43272347888,262710.59687536524,328541.7021844768,406652.8007123851
GGBR3,legacy_rsi_21_45_70,rsi_reversion,rsi_period=21;lower=45;upper=70,2013,2013-01-02,2013-12-30,-0.07195397721018604,-0.07195573522198473,1.7580117986915056e-06,0,1.0,277201.0792438345,257255.35910528465,429083.3658311748,398208.35677126877
GGBR3,legacy_rsi_21_45_70,rsi_reversion,rsi_period=21;lower=45;upper=70,2014,2014-01-02,2014-12-30,-0.4629135253530394,-0.4629258100821997,1.2284729160261243e-05,0,1.0,255209.65262335105,137069.65262335105,395041.7021844768,212166.70218447677
GGBR3,legacy_rsi_21_45_70,rsi_reversion,rsi_period=21;lower=45;upper=70,2015,2015-01-02,2015-12-30,-0.5781539437169188,-0.5781817842154169,2.784049849813286e-05,0,1.0,140649.65945165916,59332.50415724082,217708.37942103378,91833.36016873352
GGBR3,legacy_rsi_21_45_70,rsi_reversion,rsi_period=21;lower=45;upper=70,2016,2016-01-04,2016-12-29,1.7729488482818065,1.3723715907875778,0.4005772574942288,4,0.5662650602409639,56775.37617605491,157435.2139781578,87875.04986266128,208472.27183321945
GGBR3,legacy_rsi_21_45_70,rsi_reversion,rsi_period=21;lower=45;upper=70,2017,2017-01-02,2017-12-29,0.8286127511235222,0.35202080547764303,0.47659194564587914,4,0.8385826771653543,152851.80665479734,279506.7626812297,202402.8029773616,273652.8007123851
GGBR3,legacy_rsi_21_45_70,rsi_reversion,rsi_period=21;lower=45;upper=70,2018,2018-01-02,2018-12-28,0.06276625765455535,0.1249999496941423,-0.06223369203958695,2,0.6260162601626016,293252.8940670329,311659.2807739883,287111.1461255931,323000.02494791977
GGBR3,legacy_rsi_21_45_70,rsi_reversion,rsi_period=21;lower=45;upper=70,2019,2019-01-02,2019-12-30,0.09226992652820654,0.3776167135306676,-0.2853467870024611,1,0.8991935483870968,316242.43674360804,345422.10314704175,327750.0385377788,451513.93094996444
GGBR3,legacy_rsi_21_45_70,rsi_reversion,rsi_period=21;lower=45;upper=70,2020,2020-01-02,2020-12-30,0.09431862867170948,0.1503120013433703,-0.055993372671660824,2,0.4959677419354839,345422.10314704175,378001.8422287685,465236.1325357341,535166.7067144298
GGBR3,legacy_rsi_21_45_70,rsi_reversion,rsi_period=21;lower=45;upper=70,2021,2021-01-04,2021-12-30,0.18050150400382092,0.05990565741564158,0.12059584658817935,3,0.7449392712550608,378001.8422287685,446231.74326727627,559444.4552991771,592958.3431814098
GGBR3,legacy_rsi_21_45_70,rsi_reversion,rsi_period=21;lower=45;upper=70,2022,2022-01-03,2022-12-29,0.14413789034774038,0.0951742187792266,0.04896367156851378,1,0.868,444444.4643709445,508505.75184210384,590583.3522413158,646791.6614148997
GGBR3,legacy_rsi_21_45_70,rsi_reversion,rsi_period=21;lower=45;upper=70,2023,2023-01-02,2023-12-28,0.066964664694811,-0.05064990577488204,0.11761457046969304,3,0.8387096774193549,508505.75184210384,542557.6690095931,649694.4915388011,616787.526759901
GGBR3,legacy_rsi_21_45_70,rsi_reversion,rsi_period=21;lower=45;upper=70,2024,2024-01-02,2024-12-30,0.10808483995211948,0.00927274084584484,0.09881209910627464,2,0.8844621513944223,536220.5874666243,594177.9038419859,609583.3431814098,615235.8515466746
GGBR3,legacy_rsi_21_45_70,rsi_reversion,rsi_period=21;lower=45;upper=70,2025,2025-01-02,2025-12-30,0.0923901320517393,0.08456152108633797,0.007828610965401328,0,1.0,579822.5791845457,633392.4638419859,601603.356620222,652475.8515466746
GGBR3,legacy_rsi_21_45_70,rsi_reversion,rsi_period=21;lower=45;upper=70,2026,2026-01-02,2026-07-17,0.41245191429351724,0.17275355099655543,0.2396983632969618,4,0.5925925925925926,633392.4638419859,894636.3980527004,652475.8515466746,765193.3718408641
GGBR3,atr_breakout_5_10x4,atr_breakout,lookback=5;atr_period=10;atr_mult=4,2000,2000-01-03,2000-12-29,2.1574995030525828,2.7099655428050626,-0.5524660397524799,13,0.49230769230769234,10000.0,31574.995030525828,9975.052524008677,37007.10115174286
GGBR3,atr_breakout_5_10x4,atr_breakout,lookback=5;atr_period=10;atr_mult=4,2001,2001-01-01,2001-12-31,0.2872443247235612,0.4230763271372273,-0.1358320024136661,8,0.632183908045977,31574.995030525828,40644.73315621902,37007.10115174286,52663.929585018086
GGBR3,atr_breakout_5_10x4,atr_breakout,lookback=5;atr_period=10;atr_mult=4,2002,2002-01-01,2002-12-31,0.29536737673461455,0.4378381571006935,-0.14247078036607896,16,0.5478927203065134,40644.73315621902,52649.86136664984,52663.929585018086,75722.20746020309
GGBR3,atr_breakout_5_10x4,atr_breakout,lookback=5;atr_period=10;atr_mult=4,2003,2003-01-01,2003-12-31,0.22612180849126529,0.9980443157725578,-0.7719225072812925,22,0.6819923371647509,52649.86136664984,64555.14323569111,75722.20746020309,151296.32619360916
GGBR3,atr_breakout_5_10x4,atr_breakout,lookback=5;atr_period=10;atr_mult=4,2004,2004-01-01,2004-12-31,0.33115818364370675,0.6085269257765804,-0.27736874213287366,13,0.8122605363984674,64555.14323569111,85933.1072144819,151296.32619360916,243364.21445349685
GGBR3,atr_breakout_5_10x4,atr_breakout,lookback=5;atr_period=10;atr_mult=4,2005,2005-01-03,2005-12-29,-0.04521765920779364,0.09385740790858854,-0.13907506711638218,7,0.7751004016064257,85933.1072144819,82047.41325779067,238672.8796098613,261074.0974281215
GGBR3,atr_breakout_5_10x4,atr_breakout,lookback=5;atr_period=10;atr_mult=4,2006,2006-01-02,2006-12-28,0.6021388894155255,0.5833614449130697,0.018777444502455776,2,0.9457364341085271,81577.4914614688,130698.47157138214,259578.7486169719,411006.9824788951
GGBR3,atr_breakout_5_10x4,atr_breakout,lookback=5;atr_period=10;atr_mult=4,2007,2007-01-02,2007-12-28,0.07203517971715923,0.36612025397867654,-0.2940850742615173,8,0.9306122448979591,130530.64681475982,139933.44541665807,410479.2067144298,560763.9581296825
GGBR3,atr_breakout_5_10x4,atr_breakout,lookback=5;atr_period=10;atr_mult=4,2008,2008-01-02,2008-12-30,0.08246721331772333,-0.41003670050090457,0.4925039138186279,4,0.7188755020080321,134500.8828785111,145592.79587827538,538993.1127164745,317986.1551854991
GGBR3,atr_breakout_5_10x4,atr_breakout,lookback=5;atr_period=10;atr_mult=4,2009,2009-01-02,2009-12-30,0.5672969251486886,0.7404816623758093,-0.1731847372271207,8,0.8870967741935484,155499.81886754846,243714.38797228673,339625.02494791977,591111.1280057811
GGBR3,atr_breakout_5_10x4,atr_breakout,lookback=5;atr_period=10;atr_mult=4,2010,2010-01-04,2010-12-30,-0.22440316801592264,-0.2549978439427546,0.03059467592683196,10,0.7732793522267206,244911.13971178868,189952.30407807307,594013.9581296825,442541.67953471176
GGBR3,atr_breakout_5_10x4,atr_breakout,lookback=5;atr_period=10;atr_mult=4,2011,2011-01-03,2011-12-29,-0.23994916819259626,-0.28488026715632153,0.04493109896372527,10,0.7630522088353414,194029.74431511835,147472.46856208358,452041.7067144298,323263.94453982345
GGBR3,atr_breakout_5_10x4,atr_breakout,lookback=5;atr_period=10;atr_mult=4,2012,2012-01-02,2012-12-28,0.12363569169952116,0.23775094001323693,-0.11411524831371578,6,0.9387755102040817,149880.07842536483,168410.6055934633,328541.7021844768,406652.8007123851
GGBR3,atr_breakout_5_10x4,atr_breakout,lookback=5;atr_period=10;atr_mult=4,2013,2013-01-02,2013-12-30,-0.1139242794081331,-0.07195573522198473,-0.04196854418614837,6,0.8064516129032258,177699.8952682222,157455.56274888926,429083.3658311748,398208.35677126877
GGBR3,atr_breakout_5_10x4,atr_breakout,lookback=5;atr_period=10;atr_mult=4,2014,2014-01-02,2014-12-30,-0.42057933207258025,-0.4629258100821997,0.04234647800961944,12,0.6895161290322581,156203.4722871583,90507.52024520747,395041.7021844768,212166.70218447677
GGBR3,atr_breakout_5_10x4,atr_breakout,lookback=5;atr_period=10;atr_mult=4,2015,2015-01-02,2015-12-30,-0.5557166510676677,-0.5781817842154169,0.022465133147749228,9,0.6544715447154471,92871.52475417964,41261.27203823893,217708.37942103378,91833.36016873352
GGBR3,atr_breakout_5_10x4,atr_breakout,lookback=5;atr_period=10;atr_mult=4,2016,2016-01-04,2016-12-29,1.9196186252253655,1.3723715907875778,0.5472470344377878,5,0.8313253012048193,41261.27203823893,120467.17834333295,87875.04986266128,208472.27183321945
GGBR3,atr_breakout_5_10x4,atr_breakout,lookback=5;atr_period=10;atr_mult=4,2017,2017-01-02,2017-12-29,0.41838204529563017,0.35202080547764303,0.06636123981798714,6,0.8346456692913385,116960.02931693906,165894.0056003969,202402.8029773616,273652.8007123851
GGBR3,atr_breakout_5_10x4,atr_breakout,lookback=5;atr_period=10;atr_mult=4,2018,2018-01-02,2018-12-28,0.18646509292096902,0.1249999496941423,0.061465143226826724,3,0.9146341463414634,174052.39387554338,206507.08967266366,287111.1461255931,323000.02494791977
GGBR3,atr_breakout_5_10x4,atr_breakout,lookback=5;atr_period=10;atr_mult=4,2019,2019-01-02,2019-12-30,0.412577487160223,0.3776167135306676,0.03496077362955541,5,0.8548387096774194,206507.08967266366,291707.2658105821,327750.0385377788,451513.93094996444
GGBR3,atr_breakout_5_10x4,atr_breakout,lookback=5;atr_period=10;atr_mult=4,2020,2020-01-02,2020-12-30,0.9196328242999738,0.1503120013433703,0.7693208229566035,2,0.9112903225806451,300572.42708167736,576988.6971054983,465236.1325357341,535166.7067144298
GGBR3,atr_breakout_5_10x4,atr_breakout,lookback=5;atr_period=10;atr_mult=4,2021,2021-01-04,2021-12-30,0.06328996701381984,0.05990565741564158,0.003384309598178259,6,0.5870445344129555,603163.3957901907,641337.5872136954,559444.4552991771,592958.3431814098
GGBR3,atr_breakout_5_10x4,atr_breakout,lookback=5;atr_period=10;atr_mult=4,2022,2022-01-03,2022-12-29,0.07715379657840615,0.0951742187792266,-0.018020422200820452,6,0.852,638768.8827268485,688052.3271653715,590583.3522413158,646791.6614148997
GGBR3,atr_breakout_5_10x4,atr_breakout,lookback=5;atr_period=10;atr_mult=4,2023,2023-01-02,2023-12-28,-0.1387859808875752,-0.05064990577488204,-0.08813607511269317,8,0.7983870967741935,691140.3272950712,595219.739040465,649694.4915388011,616787.526759901
GGBR3,atr_breakout_5_10x4,atr_breakout,lookback=5;atr_period=10;atr_mult=4,2024,2024-01-02,2024-12-30,-0.0007964265329902798,0.00927274084584484,-0.01006916737883512,7,0.8645418326693227,588130.6057320543,587662.2029127857,609583.3431814098,615235.8515466746
GGBR3,atr_breakout_5_10x4,atr_breakout,lookback=5;atr_period=10;atr_mult=4,2025,2025-01-02,2025-12-30,0.09224201703895152,0.08456152108633797,0.007680495952613553,3,0.896,587662.2029127857,641869.3498470146,601603.356620222,652475.8515466746
GGBR3,atr_breakout_5_10x4,atr_breakout,lookback=5;atr_period=10;atr_mult=4,2026,2026-01-02,2026-07-17,0.21911684635428652,0.17275355099655543,0.046363295357731094,4,0.8074074074074075,641869.3498470146,782513.7375569687,652475.8515466746,765193.3718408641
GGBR3,breakout_5_20,breakout,lookback=5;exit_lookback=20,2000,2000-01-03,2000-12-29,2.0523638492341867,2.7099655428050626,-0.657601693570876,9,0.5038461538461538,10000.0,30523.638492341866,9975.052524008677,37007.10115174286
GGBR3,breakout_5_20,breakout,lookback=5;exit_lookback=20,2001,2001-01-01,2001-12-31,0.3840527273131078,0.4230763271372273,-0.039023599824119515,4,0.8160919540229885,30523.638492341866,42246.32510284512,37007.10115174286,52663.929585018086
GGBR3,breakout_5_20,breakout,lookback=5;exit_lookback=20,2002,2002-01-01,2002-12-31,0.06965701027162119,0.4378381571006935,-0.3681811468290723,10,0.7471264367816092,42246.32510284512,45189.07780447225,52663.929585018086,75722.20746020309
GGBR3,breakout_5_20,breakout,lookback=5;exit_lookback=20,2003,2003-01-01,2003-12-31,0.7056781201984137,0.9980443157725578,-0.2923661955741441,8,0.8812260536398467,45189.07780447225,77078.02128303208,75722.20746020309,151296.32619360916
GGBR3,breakout_5_20,breakout,lookback=5;exit_lookback=20,2004,2004-01-01,2004-12-31,0.6222332180011951,0.6085269257765804,0.013706292224614725,6,0.9042145593869731,77078.02128303208,125038.52650313775,151296.32619360916,243364.21445349685
GGBR3,breakout_5_20,breakout,lookback=5;exit_lookback=20,2005,2005-01-03,2005-12-29,-0.04706147694219609,0.09385740790858854,-0.14091888485078463,10,0.7751004016064257,122628.23858933846,116857.17256650419,238672.8796098613,261074.0974281215
GGBR3,breakout_5_20,breakout,lookback=5;exit_lookback=20,2006,2006-01-02,2006-12-28,0.5896273909758198,0.5833614449130697,0.006265946062750105,4,0.6085271317829457,116187.88591966123,184695.44595746728,259578.7486169719,411006.9824788951
GGBR3,breakout_5_20,breakout,lookback=5;exit_lookback=20,2007,2007-01-02,2007-12-28,0.008679774979513777,0.36612025397867654,-0.35744047899916276,10,0.8979591836734694,184458.2881319973,186059.34456608936,410479.2067144298,560763.9581296825
GGBR3,breakout_5_20,breakout,lookback=5;exit_lookback=20,2008,2008-01-02,2008-12-30,0.041207783786087804,-0.41003670050090457,0.4512444842869924,8,0.6546184738955824,178836.00722478077,186205.44274366676,538993.1127164745,317986.1551854991
GGBR3,breakout_5_20,breakout,lookback=5;exit_lookback=20,2009,2009-01-02,2009-12-30,0.7319745410395451,0.7404816623758093,-0.00850712133626419,6,0.8991935483870968,198876.38392484962,344448.8337718458,339625.02494791977,591111.1280057811
GGBR3,breakout_5_20,breakout,lookback=5;exit_lookback=20,2010,2010-01-04,2010-12-30,-0.2334670161857162,-0.2549978439427546,0.021530827757038407,12,0.7489878542510121,346140.3325282545,265327.9819113513,594013.9581296825,442541.67953471176
GGBR3,breakout_5_20,breakout,lookback=5;exit_lookback=20,2011,2011-01-03,2011-12-29,-0.34768539415586264,-0.28488026715632153,-0.0628051269995411,16,0.6465863453815262,271023.7124926349,176792.72618904794,452041.7067144298,323263.94453982345
GGBR3,breakout_5_20,breakout,lookback=5;exit_lookback=20,2012,2012-01-02,2012-12-28,0.02856611820805277,0.23775094001323693,-0.20918482180518416,6,0.9061224489795918,179679.06438484872,184811.79777757864,328541.7021844768,406652.8007123851
GGBR3,breakout_5_20,breakout,lookback=5;exit_lookback=20,2013,2013-01-02,2013-12-30,-0.19059332722199518,-0.07195573522198473,-0.11863759200001045,10,0.7419354838709677,195005.73069517355,157838.93965462406,429083.3658311748,398208.35677126877
GGBR3,breakout_5_20,breakout,lookback=5;exit_lookback=20,2014,2014-01-02,2014-12-30,-0.3581518970705946,-0.4629258100821997,0.1047739130116051,16,0.4798387096774194,156583.80158547123,100503.01599710913,395041.7021844768,212166.70218447677
GGBR3,breakout_5_20,breakout,lookback=5;exit_lookback=20,2015,2015-01-02,2015-12-30,-0.5517067242503053,-0.5781817842154169,0.02647505996511157,11,0.573170731707317,103128.0210038993,46231.598357421324,217708.37942103378,91833.36016873352
GGBR3,breakout_5_20,breakout,lookback=5;exit_lookback=20,2016,2016-01-04,2016-12-29,2.278892158260222,1.3723715907875778,0.9065205674726444,7,0.7911646586345381,46231.598357421324,151588.42531798495,87875.04986266128,208472.27183321945
GGBR3,breakout_5_20,breakout,lookback=5;exit_lookback=20,2017,2017-01-02,2017-12-29,0.37710887280912186,0.35202080547764303,0.025088067331478836,6,0.8661417322834646,147175.14566300524,202676.19894949946,202402.8029773616,273652.8007123851
GGBR3,breakout_5_20,breakout,lookback=5;exit_lookback=20,2018,2018-01-02,2018-12-28,0.1227195645522301,0.1249999496941423,-0.0022803851419122,5,0.8821138211382114,212643.87456290278,238739.43825396127,287111.1461255931,323000.02494791977
GGBR3,breakout_5_20,breakout,lookback=5;exit_lookback=20,2019,2019-01-02,2019-12-30,0.2941900345385562,0.3776167135306676,-0.08342667899211142,11,0.7540322580645161,238739.43825396127,308974.20183960965,327750.0385377788,451513.93094996444
GGBR3,breakout_5_20,breakout,lookback=5;exit_lookback=20,2020,2020-01-02,2020-12-30,0.8261926843398311,0.1503120013433703,0.6758806829964608,4,0.8870967741935484,318364.3147021966,581394.5824640152,465236.1325357341,535166.7067144298
GGBR3,breakout_5_20,breakout,lookback=5;exit_lookback=20,2021,2021-01-04,2021-12-30,0.10247360912236414,0.05990565741564158,0.04256795170672256,4,0.680161943319838,607769.344400203,670049.6626348249,559444.4552991771,592958.3431814098
GGBR3,breakout_5_20,breakout,lookback=5;exit_lookback=20,2022,2022-01-03,2022-12-29,0.13079779707149575,0.0951742187792266,0.03562357829226914,6,0.84,667365.9585866681,754655.9558103114,590583.3522413158,646791.6614148997
GGBR3,breakout_5_20,breakout,lookback=5;exit_lookback=20,2023,2023-01-02,2023-12-28,-0.1404479460280844,-0.05064990577488204,-0.08979804025320237,10,0.6693548387096774,758042.8819654017,651577.3161921514,649694.4915388011,616787.526759901
GGBR3,breakout_5_20,breakout,lookback=5;exit_lookback=20,2024,2024-01-02,2024-12-30,-0.06244558241903786,0.00927274084584484,-0.0717183232648827,11,0.7410358565737052,643816.9479746831,603613.4236871566,609583.3431814098,615235.8515466746
GGBR3,breakout_5_20,breakout,lookback=5;exit_lookback=20,2025,2025-01-02,2025-12-30,-0.02315953082451272,0.08456152108633797,-0.10772105191085068,11,0.744,603613.4236871566,589634.0199951843,601603.356620222,652475.8515466746
GGBR3,breakout_5_20,breakout,lookback=5;exit_lookback=20,2026,2026-01-02,2026-07-17,0.23674380155078278,0.17275355099655543,0.06399025055422736,4,0.7777777777777778,589634.0199951843,729226.2194125145,652475.8515466746,765193.3718408641
GGBR3,legacy_rsi_atr_14_45_80,rsi_reversion_atr,rsi_period=14;lower=45;upper=80;atr_period=14;atr_mult=3,2000,2000-01-03,2000-12-29,2.4055104546130597,2.7099655428050626,-0.30445508819200295,9,0.7230769230769231,10000.0,34055.1045461306,9975.052524008677,37007.10115174286
GGBR3,legacy_rsi_atr_14_45_80,rsi_reversion_atr,rsi_period=14;lower=45;upper=80;atr_period=14;atr_mult=3,2001,2001-01-01,2001-12-31,0.07873291221450884,0.4230763271372273,-0.34434341492271847,5,0.44061302681992337,34055.1045461306,36736.36210281702,37007.10115174286,52663.929585018086
GGBR3,legacy_rsi_atr_14_45_80,rsi_reversion_atr,rsi_period=14;lower=45;upper=80;atr_period=14;atr_mult=3,2002,2002-01-01,2002-12-31,0.5908632006420715,0.4378381571006935,0.15302504354137803,11,0.6551724137931034,36736.36210281702,58442.52659483358,52663.929585018086,75722.20746020309
GGBR3,legacy_rsi_atr_14_45_80,rsi_reversion_atr,rsi_period=14;lower=45;upper=80;atr_period=14;atr_mult=3,2003,2003-01-01,2003-12-31,0.5609384130236816,0.9980443157725578,-0.4371059027488762,3,0.8544061302681992,58442.52659483358,91225.18471603384,75722.20746020309,151296.32619360916
GGBR3,legacy_rsi_atr_14_45_80,rsi_reversion_atr,rsi_period=14;lower=45;upper=80;atr_period=14;atr_mult=3,2004,2004-01-01,2004-12-31,0.41413651631212844,0.6085269257765804,-0.19439040946445196,5,0.6934865900383141,91225.18471603384,129004.86491426252,151296.32619360916,243364.21445349685
GGBR3,legacy_rsi_atr_14_45_80,rsi_reversion_atr,rsi_period=14;lower=45;upper=80;atr_period=14;atr_mult=3,2005,2005-01-03,2005-12-29,0.1613566758632481,0.09385740790858854,0.06749926795465955,5,0.8674698795180723,126518.10471519254,146932.64552855433,238672.8796098613,261074.0974281215
GGBR3,legacy_rsi_atr_14_45_80,rsi_reversion_atr,rsi_period=14;lower=45;upper=80;atr_period=14;atr_mult=3,2006,2006-01-02,2006-12-28,0.22685576657376694,0.5833614449130697,-0.3565056783393028,1,0.7596899224806202,146932.64552855433,180265.1634646461,259578.7486169719,411006.9824788951
GGBR3,legacy_rsi_atr_14_45_80,rsi_reversion_atr,rsi_period=14;lower=45;upper=80;atr_period=14;atr_mult=3,2007,2007-01-02,2007-12-28,0.48502336493001397,0.36612025397867654,0.11890311095133743,4,0.926530612244898,180033.6881571815,267354.23338793847,410479.2067144298,560763.9581296825
GGBR3,legacy_rsi_atr_14_45_80,rsi_reversion_atr,rsi_period=14;lower=45;upper=80;atr_period=14;atr_mult=3,2008,2008-01-02,2008-12-30,-0.3636544860958131,-0.41003670050090457,0.04638221440509149,10,0.891566265060241,256974.94191454977,163524.85147311277,538993.1127164745,317986.1551854991
GGBR3,legacy_rsi_atr_14_45_80,rsi_reversion_atr,rsi_period=14;lower=45;upper=80;atr_period=14;atr_mult=3,2009,2009-01-02,2009-12-30,0.856139043288539,0.7404816623758093,0.1156573809127297,2,0.9596774193548387,174652.1114790637,324178.60310907254,339625.02494791977,591111.1280057811
GGBR3,legacy_rsi_atr_14_45_80,rsi_reversion_atr,rsi_period=14;lower=45;upper=80;atr_period=14;atr_mult=3,2010,2010-01-04,2010-12-30,-0.25733934820737525,-0.2549978439427546,-0.002341504264620653,2,0.9959514170040485,325770.5762612332,241936.9885010264,594013.9581296825,442541.67953471176
GGBR3,legacy_rsi_atr_14_45_80,rsi_reversion_atr,rsi_period=14;lower=45;upper=80;atr_period=14;atr_mult=3,2011,2011-01-03,2011-12-29,-0.31554089805554086,-0.28488026715632153,-0.030660630899219332,8,0.9839357429718876,247130.4319309733,169150.67350262028,452041.7067144298,323263.94453982345
GGBR3,legacy_rsi_atr_14_45_80,rsi_reversion_atr,rsi_period=14;lower=45;upper=80;atr_period=14;atr_mult=3,2012,2012-01-02,2012-12-28,0.23774620723806072,0.23775094001323693,-4.732775176208293e-06,0,1.0,171912.25026958805,212783.7357489429,328541.7021844768,406652.8007123851
GGBR3,legacy_rsi_atr_14_45_80,rsi_reversion_atr,rsi_period=14;lower=45;upper=80;atr_period=14;atr_mult=3,2013,2013-01-02,2013-12-30,-0.07195463846629346,-0.07195573522198473,1.0967556912655496e-06,0,1.0,224520.48678463322,208365.19632976872,429083.3658311748,398208.35677126877
GGBR3,legacy_rsi_atr_14_45_80,rsi_reversion_atr,rsi_period=14;lower=45;upper=80;atr_period=14;atr_mult=3,2014,2014-01-02,2014-12-30,-0.4649170889493849,-0.4629258100821997,-0.0019912788671851978,2,0.9959677419354839,206708.25026958805,110606.05229243026,395041.7021844768,212166.70218447677
GGBR3,legacy_rsi_atr_14_45_80,rsi_reversion_atr,rsi_period=14;lower=45;upper=80;atr_period=14;atr_mult=3,2015,2015-01-02,2015-12-30,-0.5810708780258712,-0.5781817842154169,-0.002889093810454324,8,0.983739837398374,113494.8911357759,47546.31509205994,217708.37942103378,91833.36016873352
GGBR3,legacy_rsi_atr_14_45_80,rsi_reversion_atr,rsi_period=14;lower=45;upper=80;atr_period=14;atr_mult=3,2016,2016-01-04,2016-12-29,2.0489181814511435,1.3723715907875778,0.6765465906635657,4,0.9156626506024096,45496.922252389755,138716.39345538022,87875.04986266128,208472.27183321945
GGBR3,legacy_rsi_atr_14_45_80,rsi_reversion_atr,rsi_period=14;lower=45;upper=80;atr_period=14;atr_mult=3,2017,2017-01-02,2017-12-29,0.49385163977009006,0.35202080547764303,0.14183083429244703,2,0.9173228346456693,134677.8692759216,201188.75585857732,202402.8029773616,273652.8007123851
GGBR3,legacy_rsi_atr_14_45_80,rsi_reversion_atr,rsi_period=14;lower=45;upper=80;atr_period=14;atr_mult=3,2018,2018-01-02,2018-12-28,0.16241938724458693,0.1249999496941423,0.037419437550444634,4,0.8252032520325203,211083.16950146062,245367.16854953315,287111.1461255931,323000.02494791977
GGBR3,legacy_rsi_atr_14_45_80,rsi_reversion_atr,rsi_period=14;lower=45;upper=80;atr_period=14;atr_mult=3,2019,2019-01-02,2019-12-30,0.15652051338669692,0.3776167135306676,-0.2210962001439707,1,0.9112903225806451,248975.4645872071,287945.2321250881,327750.0385377788,451513.93094996444
GGBR3,legacy_rsi_atr_14_45_80,rsi_reversion_atr,rsi_period=14;lower=45;upper=80;atr_period=14;atr_mult=3,2020,2020-01-02,2020-12-30,-0.060980810893651594,0.1503120013433703,-0.2112928122370219,7,0.842741935483871,287945.2321250881,270386.0983771395,465236.1325357341,535166.7067144298
GGBR3,legacy_rsi_atr_14_45_80,rsi_reversion_atr,rsi_period=14;lower=45;upper=80;atr_period=14;atr_mult=3,2021,2021-01-04,2021-12-30,0.38993997552231097,0.05990565741564158,0.3300343181066694,8,0.8582995951417004,282652.0201357912,392869.34194887336,559444.4552991771,592958.3431814098
GGBR3,legacy_rsi_atr_14_45_80,rsi_reversion_atr,rsi_period=14;lower=45;upper=80;atr_period=14;atr_mult=3,2022,2022-01-03,2022-12-29,0.22241138107329128,0.0951742187792266,0.12723716229406468,2,0.888,391295.77652300056,478324.4105876271,590583.3522413158,646791.6614148997
GGBR3,legacy_rsi_atr_14_45_80,rsi_reversion_atr,rsi_period=14;lower=45;upper=80;atr_period=14;atr_mult=3,2023,2023-01-02,2023-12-28,-0.04454478807511619,-0.05064990577488204,0.00610511769976585,2,0.9959677419354839,480471.10802872817,459068.6243453722,649694.4915388011,616787.526759901
GGBR3,legacy_rsi_atr_14_45_80,rsi_reversion_atr,rsi_period=14;lower=45;upper=80;atr_period=14;atr_mult=3,2024,2024-01-02,2024-12-30,0.06978964909063468,0.00927274084584484,0.060516908244789835,4,0.8844621513944223,453601.02817685413,485257.68476046785,609583.3431814098,615235.8515466746
GGBR3,legacy_rsi_atr_14_45_80,rsi_reversion_atr,rsi_period=14;lower=45;upper=80;atr_period=14;atr_mult=3,2025,2025-01-02,2025-12-30,0.17732501488688324,0.08456152108633797,0.09276349380054527,4,0.992,473533.7391237186,557503.1164632734,601603.356620222,652475.8515466746
GGBR3,legacy_rsi_atr_14_45_80,rsi_reversion_atr,rsi_period=14;lower=45;upper=80;atr_period=14;atr_mult=3,2026,2026-01-02,2026-07-17,0.18843433482601024,0.17275355099655543,0.015680783829454814,0,1.0,557503.1164632734,662555.845377458,652475.8515466746,765193.3718408641
