strategy,signal_mode,lookback,skip,top_n,trend_window,vol_window,rebalance,score,weighting,absolute_momentum,max_weight,target_vol,roc_windows,roc_weights,positive_rule,short_window,short_weight,full_start,full_end,full_candles,full_trades,full_exposure,full_avg_positions,full_total_return,full_cagr,full_max_drawdown,full_volatility,full_sharpe,full_turnover,train_end,train_total_return,train_cagr,train_max_drawdown,train_sharpe,test_start,test_total_return,test_cagr,test_max_drawdown,test_sharpe,test_trades,test_exposure
top1_short_risk_adjusted_roc_filter_roc12_6_3_w2_1_1_short21_trend0_vol21_equal_monthly_posscore_adjusted,adjusted,252,0,1,0,21,monthly,short_risk_adjusted_roc_filter,equal,True,1.0,0.0,"252,126,63","2,1,1",score,21,1.0,2000-01-03,2026-07-17,6662,383,0.8032122485740018,0.8032122485740018,15.85702387915427,0.1123260846898777,-0.7848238106361625,0.32061090854276975,0.49205843475365,377.9546567199862,2018-07-02,1.4338727577219008,0.04927067336491442,-0.7848238106361625,0.3100567020013827,2018-07-03,5.923886219106187,0.27216326443755,-0.3258064792776363,0.9405236198141705,127,0.9154154154154154
top1_short_risk_adjusted_roc_filter_roc12_6_3_w1_1_1_short21_trend0_vol21_equal_monthly_posscore_adjusted,adjusted,252,0,1,0,21,monthly,short_risk_adjusted_roc_filter,equal,True,1.0,0.0,"252,126,63","1,1,1",score,21,1.0,2000-01-03,2026-07-17,6662,383,0.8033623536475533,0.8033623536475533,29.64362382784483,0.13766342989784697,-0.6502609584295391,0.3170320185685162,0.5650827281952119,377.9827609088829,2018-07-02,3.835741929499563,0.08895427741481265,-0.6502609584295391,0.4245748786043602,2018-07-03,5.3298173754993385,0.258045153714898,-0.28938930728251444,0.9137010916000283,127,0.9054054054054054
top1_short_risk_adjusted_roc_filter_roc12_6_3_w2_1_1_short21_trend0_vol63_equal_monthly_posscore_adjusted,adjusted,252,0,1,0,63,monthly,short_risk_adjusted_roc_filter,equal,True,1.0,0.0,"252,126,63","2,1,1",score,21,1.0,2000-01-03,2026-07-17,6662,382,0.8032122485740018,0.8032122485740018,15.437109406544216,0.1112691487170534,-0.7701801449972915,0.3227369979149464,0.48838808036128456,376.06018636684433,2018-07-02,1.6413164371017732,0.053921531896571784,-0.7701801449972915,0.3243264707751689,2018-07-03,5.216328287989195,0.25521684130871924,-0.29259720142306034,0.8975983784485891,128,0.9154154154154154
top1_short_risk_adjusted_roc_filter_roc12_6_3_w1_1_2_short21_trend0_vol21_equal_monthly_posscore_adjusted,adjusted,252,0,1,0,21,monthly,short_risk_adjusted_roc_filter,equal,True,1.0,0.0,"252,126,63","1,1,2",score,21,1.0,2000-01-03,2026-07-17,6662,391,0.8093665565896128,0.8093665565896128,31.72076187279567,0.14047878509941447,-0.6458900882693694,0.3188259084008682,0.571342623275573,385.9574926651182,2018-07-02,4.606787958876735,0.0977002563066185,-0.6458900882693694,0.4484018504008985,2018-07-03,4.82936879215986,0.24522073405619893,-0.28938930728251444,0.8770554817308783,127,0.9054054054054054
top1_short_risk_adjusted_roc_filter_roc12_6_3_w1_1_2_short21_trend200_vol21_equal_monthly_posscore_adjusted,adjusted,252,0,1,200,21,monthly,short_risk_adjusted_roc_filter,equal,True,1.0,0.0,"252,126,63","1,1,2",score,21,1.0,2000-01-03,2026-07-17,6662,362,0.7815971179825878,0.7815971179825878,57.88456373215357,0.16601404001541242,-0.5979690463885955,0.3119180952956178,0.6479146701277774,358.0392507609832,2018-07-02,9.134801118968989,0.1334059655101958,-0.5979690463885955,0.5534149998575536,2018-07-03,4.798434772924654,0.24439677339716104,-0.28938930728251444,0.875467841390644,120,0.8853853853853854
top1_short_risk_adjusted_roc_filter_roc12_6_3_w1_1_1_short21_trend200_vol21_equal_monthly_posscore_adjusted,adjusted,252,0,1,200,21,monthly,short_risk_adjusted_roc_filter,equal,True,1.0,0.0,"252,126,63","1,1,1",score,21,1.0,2000-01-03,2026-07-17,6662,362,0.7817472230561393,0.7817472230561393,47.690308739361505,0.15769054653790882,-0.5682014974173518,0.31240585782454733,0.6245169673628944,358.0334182735493,2018-07-02,7.382246844450059,0.12183006956038778,-0.5682014974173518,0.5205801001973729,2018-07-03,4.798434772924654,0.24439677339716104,-0.28938930728251444,0.875467841390644,120,0.8853853853853854
top1_short_risk_adjusted_roc_filter_roc12_6_3_w2_1_1_short21_trend200_vol21_equal_monthly_posscore_adjusted,adjusted,252,0,1,200,21,monthly,short_risk_adjusted_roc_filter,equal,True,1.0,0.0,"252,126,63","2,1,1",score,21,1.0,2000-01-03,2026-07-17,6662,361,0.7719903932752927,0.7719903932752927,29.953801375454564,0.13809530135446235,-0.5979473134320898,0.309686898441834,0.5721578907167095,356.0298914547928,2018-07-02,4.328769878597495,0.09468581158920242,-0.5979473134320898,0.4448754242300931,2018-07-03,4.798434772924654,0.24439677339716104,-0.28938930728251444,0.875467841390644,120,0.8853853853853854
top1_short_risk_adjusted_roc_filter_roc12_6_3_w1_1_1_short21_trend0_vol63_equal_monthly_posscore_adjusted,adjusted,252,0,1,0,63,monthly,short_risk_adjusted_roc_filter,equal,True,1.0,0.0,"252,126,63","1,1,1",score,21,1.0,2000-01-03,2026-07-17,6662,381,0.8033623536475533,0.8033623536475533,26.538496871217234,0.1330920296060183,-0.6227305774692042,0.3191866854433656,0.5511976713312241,374.09800109549303,2018-07-02,3.8356079959458684,0.08895264659311097,-0.6227305774692042,0.42426470886364137,2018-07-03,4.689360827585191,0.2414604254140631,-0.28938930728251444,0.8704229865441925,128,0.9054054054054054
top1_short_risk_adjusted_roc_filter_roc12_6_3_w1_1_1_short21_trend200_vol63_equal_monthly_posscore_adjusted,adjusted,252,0,1,200,63,monthly,short_risk_adjusted_roc_filter,equal,True,1.0,0.0,"252,126,63","1,1,1",score,21,1.0,2000-01-03,2026-07-17,6662,361,0.7817472230561393,0.7817472230561393,36.28806025719606,0.14610851576501682,-0.60922120373324,0.3154569342548008,0.5900131197418529,356.1455549463976,2018-07-02,6.1947954170687005,0.11260214961537107,-0.60922120373324,0.49240691464612324,2018-07-03,4.17766872800146,0.226990283311425,-0.28938930728251444,0.8319959118403706,123,0.8853853853853854
top1_short_risk_adjusted_roc_filter_roc12_6_3_w2_1_1_short21_trend200_vol63_equal_monthly_posscore_adjusted,adjusted,252,0,1,200,63,monthly,short_risk_adjusted_roc_filter,equal,True,1.0,0.0,"252,126,63","2,1,1",score,21,1.0,2000-01-03,2026-07-17,6662,362,0.7719903932752927,0.7719903932752927,22.578357763222893,0.12648175401040196,-0.6380474153126268,0.3127363759090455,0.5371978216852111,356.12900405962,2018-07-02,3.5509240046272676,0.08538581401032963,-0.6380474153126268,0.4166631239899291,2018-07-03,4.17766872800146,0.226990283311425,-0.28938930728251444,0.8319959118403706,123,0.8853853853853854
top2_short_risk_adjusted_roc_filter_roc12_6_3_w1_1_2_short21_trend200_vol21_inv_vol_monthly_posscore_adjusted,adjusted,252,0,2,200,21,monthly,short_risk_adjusted_roc_filter,inv_vol,True,1.0,0.0,"252,126,63","1,1,2",score,21,1.0,2000-01-03,2026-07-17,6662,645,0.7815971179825878,1.3099669768838187,51.23915004101465,0.1607639731989965,-0.5271802447868708,0.2657846910673413,0.6938570172512712,310.5115630302173,2018-07-02,10.25161337523982,0.13983056076463818,-0.5271802447868708,0.6174535014008379,2018-07-03,3.621007559456933,0.20975066415358068,-0.3005247602580712,0.8831493439015257,235,0.8853853853853854
top1_short_risk_adjusted_roc_filter_roc12_6_3_w1_1_2_short21_trend0_vol63_equal_monthly_posscore_adjusted,adjusted,252,0,1,0,63,monthly,short_risk_adjusted_roc_filter,equal,True,1.0,0.0,"252,126,63","1,1,2",score,21,1.0,2000-01-03,2026-07-17,6662,390,0.8093665565896128,0.8093665565896128,24.904780116229215,0.13048353081306852,-0.6267424681321142,0.32112755648253916,0.5425236495359332,384.07322778632243,2018-07-02,4.604895119282223,0.09768021538584915,-0.6267424681321142,0.4478206800315092,2018-07-03,3.620088096870437,0.20972071633038203,-0.3274552866218705,0.7811185480451808,130,0.9054054054054054
top1_short_risk_adjusted_roc_filter_roc12_6_3_w1_1_1_short21_trend0_vol63_equal_monthly_posall_windows_adjusted,adjusted,252,0,1,0,63,monthly,short_risk_adjusted_roc_filter,equal,True,1.0,0.0,"252,126,63","1,1,1",all_windows,21,1.0,2000-01-03,2026-07-17,6662,297,0.6742719903932753,0.6742719903932753,24.35607977706731,0.12957181014863428,-0.6076601683674728,0.2922825449157181,0.5629332847825295,292.1681205460053,2018-07-02,4.500863097262267,0.09656878498422228,-0.6076601683674728,0.45870759461702043,2018-07-03,3.6070707709701955,0.20929616800073436,-0.3109007012950047,0.81747686031273,111,0.8218218218218218
top1_short_risk_adjusted_roc_filter_roc12_6_3_w2_1_1_short21_trend0_vol63_equal_monthly_posall_windows_adjusted,adjusted,252,0,1,0,63,monthly,short_risk_adjusted_roc_filter,equal,True,1.0,0.0,"252,126,63","2,1,1",all_windows,21,1.0,2000-01-03,2026-07-17,6662,297,0.6742719903932753,0.6742719903932753,24.35607977706731,0.12957181014863428,-0.6076601683674728,0.2922825449157181,0.5629332847825295,292.1681205460053,2018-07-02,4.500863097262267,0.09656878498422228,-0.6076601683674728,0.45870759461702043,2018-07-03,3.6070707709701955,0.20929616800073436,-0.3109007012950047,0.81747686031273,111,0.8218218218218218
top1_short_risk_adjusted_roc_filter_roc12_6_3_w1_1_2_short21_trend0_vol63_equal_monthly_posall_windows_adjusted,adjusted,252,0,1,0,63,monthly,short_risk_adjusted_roc_filter,equal,True,1.0,0.0,"252,126,63","1,1,2",all_windows,21,1.0,2000-01-03,2026-07-17,6662,297,0.6742719903932753,0.6742719903932753,24.35607977706731,0.12957181014863428,-0.6076601683674728,0.2922825449157181,0.5629332847825295,292.1681205460053,2018-07-02,4.500863097262267,0.09656878498422228,-0.6076601683674728,0.45870759461702043,2018-07-03,3.6070707709701955,0.20929616800073436,-0.3109007012950047,0.81747686031273,111,0.8218218218218218
top1_short_risk_adjusted_roc_filter_roc12_6_3_w1_1_2_short21_trend200_vol63_equal_monthly_posscore_adjusted,adjusted,252,0,1,200,63,monthly,short_risk_adjusted_roc_filter,equal,True,1.0,0.0,"252,126,63","1,1,2",score,21,1.0,2000-01-03,2026-07-17,6662,363,0.7815971179825878,0.7815971179825878,38.73358799652581,0.1488555134048959,-0.6361437859291595,0.31510660904264937,0.5978560309446334,358.13465370547345,2018-07-02,7.700568086732559,0.12409323396789573,-0.6361437859291595,0.524669453487793,2018-07-03,3.563687069226086,0.20787362336950577,-0.32606482732154685,0.778819181723033,125,0.8853853853853854
top1_short_risk_adjusted_roc_filter_roc12_6_3_w1_1_1_short21_trend200_vol63_equal_monthly_posall_windows_adjusted,adjusted,252,0,1,200,63,monthly,short_risk_adjusted_roc_filter,equal,True,1.0,0.0,"252,126,63","1,1,1",all_windows,21,1.0,2000-01-03,2026-07-17,6662,294,0.6742719903932753,0.6742719903932753,23.37493033640135,0.12789315303449822,-0.6076601683674728,0.2923506605441125,0.5577800516718313,288.24584963502787,2018-07-02,4.500863097262267,0.09656878498422228,-0.6076601683674728,0.45870759461702043,2018-07-03,3.43009655746853,0.20341758970014534,-0.33343764659813646,0.7996688288816591,108,0.8218218218218218
top1_short_risk_adjusted_roc_filter_roc12_6_3_w2_1_1_short21_trend200_vol63_equal_monthly_posall_windows_adjusted,adjusted,252,0,1,200,63,monthly,short_risk_adjusted_roc_filter,equal,True,1.0,0.0,"252,126,63","2,1,1",all_windows,21,1.0,2000-01-03,2026-07-17,6662,294,0.6742719903932753,0.6742719903932753,23.37493033640135,0.12789315303449822,-0.6076601683674728,0.2923506605441125,0.5577800516718313,288.24584963502787,2018-07-02,4.500863097262267,0.09656878498422228,-0.6076601683674728,0.45870759461702043,2018-07-03,3.43009655746853,0.20341758970014534,-0.33343764659813646,0.7996688288816591,108,0.8218218218218218
top1_short_risk_adjusted_roc_filter_roc12_6_3_w1_1_2_short21_trend200_vol63_equal_monthly_posall_windows_adjusted,adjusted,252,0,1,200,63,monthly,short_risk_adjusted_roc_filter,equal,True,1.0,0.0,"252,126,63","1,1,2",all_windows,21,1.0,2000-01-03,2026-07-17,6662,294,0.6742719903932753,0.6742719903932753,23.37493033640135,0.12789315303449822,-0.6076601683674728,0.2923506605441125,0.5577800516718313,288.24584963502787,2018-07-02,4.500863097262267,0.09656878498422228,-0.6076601683674728,0.45870759461702043,2018-07-03,3.43009655746853,0.20341758970014534,-0.33343764659813646,0.7996688288816591,108,0.8218218218218218
top2_short_risk_adjusted_roc_filter_roc12_6_3_w1_1_1_short21_trend200_vol21_inv_vol_monthly_posscore_adjusted,adjusted,252,0,2,200,21,monthly,short_risk_adjusted_roc_filter,inv_vol,True,1.0,0.0,"252,126,63","1,1,1",score,21,1.0,2000-01-03,2026-07-17,6662,642,0.7817472230561393,1.3068147703392374,38.050690248551625,0.14810517467655382,-0.4664529070808008,0.26675475704174056,0.6512359725659183,312.28282806881253,2018-07-02,7.792261222712623,0.12473061780139472,-0.4664529070808008,0.56724926490182,2018-07-03,3.417291852053153,0.20298432118221332,-0.31391047504616143,0.8591929581392656,236,0.8853853853853854
top2_short_risk_adjusted_roc_filter_roc12_6_3_w1_1_2_short21_trend200_vol63_inv_vol_monthly_posscore_adjusted,adjusted,252,0,2,200,63,monthly,short_risk_adjusted_roc_filter,inv_vol,True,1.0,0.0,"252,126,63","1,1,2",score,21,1.0,2000-01-03,2026-07-17,6662,645,0.7815971179825878,1.3099669768838187,69.11511841715037,0.17370983079016633,-0.5148809056133772,0.26655025607855026,0.734290161534448,303.09428367135405,2018-07-02,15.414931774182488,0.163346971144259,-0.5148809056133772,0.6904215465190525,2018-07-03,3.264603097026182,0.19773127156122405,-0.30157637457318576,0.8458206844314266,234,0.8853853853853854
top2_short_risk_adjusted_roc_filter_roc12_6_3_w1_1_1_short21_trend200_vol63_inv_vol_monthly_posscore_adjusted,adjusted,252,0,2,200,63,monthly,short_risk_adjusted_roc_filter,inv_vol,True,1.0,0.0,"252,126,63","1,1,1",score,21,1.0,2000-01-03,2026-07-17,6662,645,0.7817472230561393,1.3068147703392374,53.010192094804616,0.16222334668768812,-0.4552044775475165,0.26750470726536746,0.6958998900839996,305.13748000788434,2018-07-02,11.735701953601895,0.1474922396471099,-0.4552044775475165,0.6388422548272893,2018-07-03,3.2335081683014213,0.19664135068196154,-0.301536546423664,0.8405170331735117,236,0.8853853853853854
top2_short_risk_adjusted_roc_filter_roc12_6_3_w2_1_1_short21_trend200_vol21_inv_vol_monthly_posscore_adjusted,adjusted,252,0,2,200,21,monthly,short_risk_adjusted_roc_filter,inv_vol,True,1.0,0.0,"252,126,63","2,1,1",score,21,1.0,2000-01-03,2026-07-17,6662,627,0.7719903932752927,1.2815971179825878,26.62581423041505,0.13322721839016927,-0.504157471701866,0.26580512927169697,0.6035490614337439,306.8542912235994,2018-07-02,5.5102345919841635,0.10660347943158444,-0.504157471701866,0.5090079069991579,2018-07-03,3.2218757822428525,0.19623181702743286,-0.31391047504616143,0.835923450786004,235,0.8853853853853854
top2_short_risk_adjusted_roc_filter_roc12_6_3_w2_1_1_short21_trend200_vol63_inv_vol_monthly_posscore_adjusted,adjusted,252,0,2,200,63,monthly,short_risk_adjusted_roc_filter,inv_vol,True,1.0,0.0,"252,126,63","2,1,1",score,21,1.0,2000-01-03,2026-07-17,6662,630,0.7719903932752927,1.2815971179825878,33.08197440542319,0.14223193647817878,-0.4936592045614775,0.26638652468050994,0.6325647653740242,302.18311956105043,2018-07-02,7.382381866135589,0.1218310466439756,-0.4936592045614775,0.5581708206978053,2018-07-03,3.0580007749503926,0.19035481178977975,-0.301536546423664,0.8186251472338516,235,0.8853853853853854
top2_short_risk_adjusted_roc_filter_roc12_6_3_w1_1_2_short21_trend200_vol63_equal_monthly_posscore_adjusted,adjusted,252,0,2,200,63,monthly,short_risk_adjusted_roc_filter,equal,True,1.0,0.0,"252,126,63","1,1,2",score,21,1.0,2000-01-03,2026-07-17,6662,643,0.7815971179825878,1.3099669768838187,62.61538574187972,0.16941467385646436,-0.5076903869120006,0.2713156668279608,0.7126532444884622,299.6349418218261,2018-07-02,15.105995917246133,0.16215243437449467,-0.5076903869120006,0.6828262822930169,2018-07-03,2.930218584734203,0.18562619677015157,-0.2973140158612615,0.784058730283864,233,0.8853853853853854
top2_short_risk_adjusted_roc_filter_roc12_6_3_w1_1_2_short21_trend200_vol21_equal_monthly_posscore_adjusted,adjusted,252,0,2,200,21,monthly,short_risk_adjusted_roc_filter,equal,True,1.0,0.0,"252,126,63","1,1,2",score,21,1.0,2000-01-03,2026-07-17,6662,643,0.7815971179825878,1.3099669768838187,39.77255102800548,0.14997360834746276,-0.5075952314458692,0.2692442619601037,0.653825851937788,304.45781008602773,2018-07-02,9.45210290306454,0.13529682058001957,-0.5075952314458692,0.6023030576034977,2018-07-03,2.883257225939345,0.18385450209532084,-0.3329105013632525,0.77543876844572,233,0.8853853853853854
top2_short_risk_adjusted_roc_filter_roc12_6_3_w1_1_1_short21_trend200_vol63_equal_monthly_posscore_adjusted,adjusted,252,0,2,200,63,monthly,short_risk_adjusted_roc_filter,equal,True,1.0,0.0,"252,126,63","1,1,1",score,21,1.0,2000-01-03,2026-07-17,6662,643,0.7817472230561393,1.3068147703392374,47.5684687422611,0.1575812415200437,-0.4490481676831758,0.272286529485549,0.6737661648606537,302.41171938721834,2018-07-02,11.687183386275361,0.14725543868326696,-0.4490481676831758,0.6343603573782561,2018-07-03,2.8194645025666243,0.18141752201860273,-0.29722633703704515,0.7701987055543846,235,0.8853853853853854
top2_short_risk_adjusted_roc_filter_roc12_6_3_w1_1_1_short21_trend200_vol21_equal_monthly_posscore_adjusted,adjusted,252,0,2,200,21,monthly,short_risk_adjusted_roc_filter,equal,True,1.0,0.0,"252,126,63","1,1,1",score,21,1.0,2000-01-03,2026-07-17,6662,640,0.7817472230561393,1.3068147703392374,29.365884426274082,0.13727313841160993,-0.44907229029634654,0.2702019947737035,0.6114020095196252,306.32051056462933,2018-07-02,7.231314567566274,0.12072842892235669,-0.44907229029634654,0.5535376925978036,2018-07-03,2.67288973296973,0.17568022623823976,-0.35173023588308805,0.7489507590945276,233,0.8853853853853854
top2_short_risk_adjusted_roc_filter_roc12_6_3_w2_1_1_short21_trend200_vol63_equal_monthly_posscore_adjusted,adjusted,252,0,2,200,63,monthly,short_risk_adjusted_roc_filter,equal,True,1.0,0.0,"252,126,63","2,1,1",score,21,1.0,2000-01-03,2026-07-17,6662,627,0.7719903932752927,1.2815971179825878,30.386453227579675,0.13869079345950475,-0.4867920217396301,0.2713078803809573,0.6145619809710406,299.4683798393274,2018-07-02,7.5410842444132555,0.12296932744341915,-0.4867920217396301,0.5587153593006972,2018-07-03,2.663689821641699,0.1753134713823643,-0.29722633703704515,0.7495915250455218,235,0.8853853853853854
top2_short_risk_adjusted_roc_filter_roc12_6_3_w2_1_1_short21_trend200_vol21_equal_monthly_posscore_adjusted,adjusted,252,0,2,200,21,monthly,short_risk_adjusted_roc_filter,equal,True,1.0,0.0,"252,126,63","2,1,1",score,21,1.0,2000-01-03,2026-07-17,6662,624,0.7719903932752927,1.2815971179825878,21.064932117543247,0.12366900103521838,-0.4866356152350293,0.26953487432415085,0.5675935982325755,301.383498258155,2018-07-02,5.2318603037694,0.10399173133662432,-0.4866356152350293,0.4994597688962241,2018-07-03,2.527033153727105,0.1697684663002057,-0.35173023588308805,0.7290114782249478,232,0.8853853853853854
top1_short_risk_adjusted_roc_filter_roc12_6_3_w1_1_1_short21_trend0_vol21_equal_monthly_posall_windows_adjusted,adjusted,252,0,1,0,21,monthly,short_risk_adjusted_roc_filter,equal,True,1.0,0.0,"252,126,63","1,1,1",all_windows,21,1.0,2000-01-03,2026-07-17,6662,285,0.6742719903932753,0.6742719903932753,25.297325760628272,0.13112445175418386,-0.6045703721165175,0.29219071717907596,0.567335571055029,280.2222844389727,2018-07-02,6.980814356893129,0.11885716498629773,-0.6045703721165175,0.5266553107068512,2018-07-03,2.2938833067328903,0.1598583320527338,-0.34981878946495004,0.6654452963905457,107,0.8218218218218218
top1_short_risk_adjusted_roc_filter_roc12_6_3_w2_1_1_short21_trend0_vol21_equal_monthly_posall_windows_adjusted,adjusted,252,0,1,0,21,monthly,short_risk_adjusted_roc_filter,equal,True,1.0,0.0,"252,126,63","2,1,1",all_windows,21,1.0,2000-01-03,2026-07-17,6662,285,0.6742719903932753,0.6742719903932753,25.297325760628272,0.13112445175418386,-0.6045703721165175,0.29219071717907596,0.567335571055029,280.2222844389727,2018-07-02,6.980814356893129,0.11885716498629773,-0.6045703721165175,0.5266553107068512,2018-07-03,2.2938833067328903,0.1598583320527338,-0.34981878946495004,0.6654452963905457,107,0.8218218218218218
top1_short_risk_adjusted_roc_filter_roc12_6_3_w1_1_2_short21_trend0_vol21_equal_monthly_posall_windows_adjusted,adjusted,252,0,1,0,21,monthly,short_risk_adjusted_roc_filter,equal,True,1.0,0.0,"252,126,63","1,1,2",all_windows,21,1.0,2000-01-03,2026-07-17,6662,285,0.6742719903932753,0.6742719903932753,25.297325760628272,0.13112445175418386,-0.6045703721165175,0.29219071717907596,0.567335571055029,280.2222844389727,2018-07-02,6.980814356893129,0.11885716498629773,-0.6045703721165175,0.5266553107068512,2018-07-03,2.2938833067328903,0.1598583320527338,-0.34981878946495004,0.6654452963905457,107,0.8218218218218218
top1_short_risk_adjusted_roc_filter_roc12_6_3_w1_1_1_short21_trend200_vol21_equal_monthly_posall_windows_adjusted,adjusted,252,0,1,200,21,monthly,short_risk_adjusted_roc_filter,equal,True,1.0,0.0,"252,126,63","1,1,1",all_windows,21,1.0,2000-01-03,2026-07-17,6662,282,0.6742719903932753,0.6742719903932753,24.278781410287078,0.12944184805263714,-0.6045703721165175,0.29225858482781186,0.5621749069554419,276.2999190710888,2018-07-02,6.980814356893129,0.11885716498629773,-0.6045703721165175,0.5266553107068512,2018-07-03,2.164476419255102,0.1540896029120855,-0.34981878946495004,0.6475596356666349,104,0.8218218218218218
top1_short_risk_adjusted_roc_filter_roc12_6_3_w2_1_1_short21_trend200_vol21_equal_monthly_posall_windows_adjusted,adjusted,252,0,1,200,21,monthly,short_risk_adjusted_roc_filter,equal,True,1.0,0.0,"252,126,63","2,1,1",all_windows,21,1.0,2000-01-03,2026-07-17,6662,282,0.6742719903932753,0.6742719903932753,24.278781410287078,0.12944184805263714,-0.6045703721165175,0.29225858482781186,0.5621749069554419,276.2999190710888,2018-07-02,6.980814356893129,0.11885716498629773,-0.6045703721165175,0.5266553107068512,2018-07-03,2.164476419255102,0.1540896029120855,-0.34981878946495004,0.6475596356666349,104,0.8218218218218218
top1_short_risk_adjusted_roc_filter_roc12_6_3_w1_1_2_short21_trend200_vol21_equal_monthly_posall_windows_adjusted,adjusted,252,0,1,200,21,monthly,short_risk_adjusted_roc_filter,equal,True,1.0,0.0,"252,126,63","1,1,2",all_windows,21,1.0,2000-01-03,2026-07-17,6662,282,0.6742719903932753,0.6742719903932753,24.278781410287078,0.12944184805263714,-0.6045703721165175,0.29225858482781186,0.5621749069554419,276.2999190710888,2018-07-02,6.980814356893129,0.11885716498629773,-0.6045703721165175,0.5266553107068512,2018-07-03,2.164476419255102,0.1540896029120855,-0.34981878946495004,0.6475596356666349,104,0.8218218218218218
top2_short_risk_adjusted_roc_filter_roc12_6_3_w1_1_1_short21_trend200_vol21_inv_vol_monthly_posall_windows_adjusted,adjusted,252,0,2,200,21,monthly,short_risk_adjusted_roc_filter,inv_vol,True,1.0,0.0,"252,126,63","1,1,1",all_windows,21,1.0,2000-01-03,2026-07-17,6662,473,0.6742719903932753,1.0184629240468328,31.751871531736896,0.14051962994663914,-0.49567704266837875,0.2610260077187105,0.6339809705714244,251.7907513070773,2018-07-02,9.397527835405437,0.13497549912170204,-0.49567704266837875,0.6036211268835541,2018-07-03,2.1443423637314045,0.15317355968836033,-0.24249306851613628,0.7155739412143648,191,0.8218218218218218
top2_short_risk_adjusted_roc_filter_roc12_6_3_w2_1_1_short21_trend200_vol21_inv_vol_monthly_posall_windows_adjusted,adjusted,252,0,2,200,21,monthly,short_risk_adjusted_roc_filter,inv_vol,True,1.0,0.0,"252,126,63","2,1,1",all_windows,21,1.0,2000-01-03,2026-07-17,6662,473,0.6742719903932753,1.0184629240468328,31.751871531736896,0.14051962994663914,-0.49567704266837875,0.2610260077187105,0.6339809705714244,251.7907513070773,2018-07-02,9.397527835405437,0.13497549912170204,-0.49567704266837875,0.6036211268835541,2018-07-03,2.1443423637314045,0.15317355968836033,-0.24249306851613628,0.7155739412143648,191,0.8218218218218218
top2_short_risk_adjusted_roc_filter_roc12_6_3_w1_1_2_short21_trend200_vol21_inv_vol_monthly_posall_windows_adjusted,adjusted,252,0,2,200,21,monthly,short_risk_adjusted_roc_filter,inv_vol,True,1.0,0.0,"252,126,63","1,1,2",all_windows,21,1.0,2000-01-03,2026-07-17,6662,473,0.6742719903932753,1.0184629240468328,31.751871531736896,0.14051962994663914,-0.49567704266837875,0.2610260077187105,0.6339809705714244,251.7907513070773,2018-07-02,9.397527835405437,0.13497549912170204,-0.49567704266837875,0.6036211268835541,2018-07-03,2.1443423637314045,0.15317355968836033,-0.24249306851613628,0.7155739412143648,191,0.8218218218218218
top2_short_risk_adjusted_roc_filter_roc12_6_3_w1_1_1_short21_trend200_vol63_inv_vol_monthly_posall_windows_adjusted,adjusted,252,0,2,200,63,monthly,short_risk_adjusted_roc_filter,inv_vol,True,1.0,0.0,"252,126,63","1,1,1",all_windows,21,1.0,2000-01-03,2026-07-17,6662,473,0.6742719903932753,1.0184629240468328,33.24367168559772,0.14243569680367463,-0.47398543344591115,0.26176167655134763,0.6393576514815321,249.16348602181813,2018-07-02,10.472540263172457,0.14102961281199233,-0.47398543344591115,0.6212459372090862,2018-07-03,1.9834245737051726,0.1456617915161036,-0.2389905378892161,0.6911552815118438,191,0.8218218218218218
top2_short_risk_adjusted_roc_filter_roc12_6_3_w2_1_1_short21_trend200_vol63_inv_vol_monthly_posall_windows_adjusted,adjusted,252,0,2,200,63,monthly,short_risk_adjusted_roc_filter,inv_vol,True,1.0,0.0,"252,126,63","2,1,1",all_windows,21,1.0,2000-01-03,2026-07-17,6662,473,0.6742719903932753,1.0184629240468328,33.24367168559772,0.14243569680367463,-0.47398543344591115,0.26176167655134763,0.6393576514815321,249.16348602181813,2018-07-02,10.472540263172457,0.14102961281199233,-0.47398543344591115,0.6212459372090862,2018-07-03,1.9834245737051726,0.1456617915161036,-0.2389905378892161,0.6911552815118438,191,0.8218218218218218
top2_short_risk_adjusted_roc_filter_roc12_6_3_w1_1_2_short21_trend200_vol63_inv_vol_monthly_posall_windows_adjusted,adjusted,252,0,2,200,63,monthly,short_risk_adjusted_roc_filter,inv_vol,True,1.0,0.0,"252,126,63","1,1,2",all_windows,21,1.0,2000-01-03,2026-07-17,6662,473,0.6742719903932753,1.0184629240468328,33.24367168559772,0.14243569680367463,-0.47398543344591115,0.26176167655134763,0.6393576514815321,249.16348602181813,2018-07-02,10.472540263172457,0.14102961281199233,-0.47398543344591115,0.6212459372090862,2018-07-03,1.9834245737051726,0.1456617915161036,-0.2389905378892161,0.6911552815118438,191,0.8218218218218218
top2_short_risk_adjusted_roc_filter_roc12_6_3_w1_1_1_short21_trend200_vol21_equal_monthly_posall_windows_adjusted,adjusted,252,0,2,200,21,monthly,short_risk_adjusted_roc_filter,equal,True,1.0,0.0,"252,126,63","1,1,1",all_windows,21,1.0,2000-01-03,2026-07-17,6662,472,0.6742719903932753,1.0184629240468328,27.03879552279153,0.13386109455951445,-0.4668282519743294,0.26344193837441,0.6083885806377242,248.02356903440605,2018-07-02,9.013801013648918,0.13267012212157048,-0.4668282519743294,0.592967394451854,2018-07-03,1.7915382019951696,0.13622594606596672,-0.23494206909449522,0.6506076894308046,188,0.8218218218218218
top2_short_risk_adjusted_roc_filter_roc12_6_3_w2_1_1_short21_trend200_vol21_equal_monthly_posall_windows_adjusted,adjusted,252,0,2,200,21,monthly,short_risk_adjusted_roc_filter,equal,True,1.0,0.0,"252,126,63","2,1,1",all_windows,21,1.0,2000-01-03,2026-07-17,6662,472,0.6742719903932753,1.0184629240468328,27.03879552279153,0.13386109455951445,-0.4668282519743294,0.26344193837441,0.6083885806377242,248.02356903440605,2018-07-02,9.013801013648918,0.13267012212157048,-0.4668282519743294,0.592967394451854,2018-07-03,1.7915382019951696,0.13622594606596672,-0.23494206909449522,0.6506076894308046,188,0.8218218218218218
top2_short_risk_adjusted_roc_filter_roc12_6_3_w1_1_2_short21_trend200_vol21_equal_monthly_posall_windows_adjusted,adjusted,252,0,2,200,21,monthly,short_risk_adjusted_roc_filter,equal,True,1.0,0.0,"252,126,63","1,1,2",all_windows,21,1.0,2000-01-03,2026-07-17,6662,472,0.6742719903932753,1.0184629240468328,27.03879552279153,0.13386109455951445,-0.4668282519743294,0.26344193837441,0.6083885806377242,248.02356903440605,2018-07-02,9.013801013648918,0.13267012212157048,-0.4668282519743294,0.592967394451854,2018-07-03,1.7915382019951696,0.13622594606596672,-0.23494206909449522,0.6506076894308046,188,0.8218218218218218
top2_short_risk_adjusted_roc_filter_roc12_6_3_w1_1_1_short21_trend200_vol63_equal_monthly_posall_windows_adjusted,adjusted,252,0,2,200,63,monthly,short_risk_adjusted_roc_filter,equal,True,1.0,0.0,"252,126,63","1,1,1",all_windows,21,1.0,2000-01-03,2026-07-17,6662,473,0.6742719903932753,1.0184629240468328,30.68839544319308,0.13910171784364733,-0.4667910356469621,0.2642240744622715,0.6248209951407281,248.01913556454434,2018-07-02,10.60286481379063,0.1417267302333427,-0.4667910356469621,0.6205217775817107,2018-07-03,1.7224998127154287,0.13269170518910367,-0.24363334017998173,0.6386228315140441,188,0.8218218218218218
top2_short_risk_adjusted_roc_filter_roc12_6_3_w2_1_1_short21_trend200_vol63_equal_monthly_posall_windows_adjusted,adjusted,252,0,2,200,63,monthly,short_risk_adjusted_roc_filter,equal,True,1.0,0.0,"252,126,63","2,1,1",all_windows,21,1.0,2000-01-03,2026-07-17,6662,473,0.6742719903932753,1.0184629240468328,30.68839544319308,0.13910171784364733,-0.4667910356469621,0.2642240744622715,0.6248209951407281,248.01913556454434,2018-07-02,10.60286481379063,0.1417267302333427,-0.4667910356469621,0.6205217775817107,2018-07-03,1.7224998127154287,0.13269170518910367,-0.24363334017998173,0.6386228315140441,188,0.8218218218218218
top2_short_risk_adjusted_roc_filter_roc12_6_3_w1_1_2_short21_trend200_vol63_equal_monthly_posall_windows_adjusted,adjusted,252,0,2,200,63,monthly,short_risk_adjusted_roc_filter,equal,True,1.0,0.0,"252,126,63","1,1,2",all_windows,21,1.0,2000-01-03,2026-07-17,6662,473,0.6742719903932753,1.0184629240468328,30.68839544319308,0.13910171784364733,-0.4667910356469621,0.2642240744622715,0.6248209951407281,248.01913556454434,2018-07-02,10.60286481379063,0.1417267302333427,-0.4667910356469621,0.6205217775817107,2018-07-03,1.7224998127154287,0.13269170518910367,-0.24363334017998173,0.6386228315140441,188,0.8218218218218218
