strategy,full_cagr,full_return,full_mdd,train_cagr,test_cagr,test_return,test_mdd,test_sharpe,full_sharpe,full_trades
top1_short_roc_filter_w2_1_1_trend0_vol21_equal_monthly_posscore,0.1123260846898777,15.85702387915427,-0.7848238106361625,0.04927067336491442,0.27216326443755,5.923886219106187,-0.3258064792776363,0.9405236198141705,0.49205843475365,383
top1_short_roc_filter_w1_1_1_trend0_vol21_equal_monthly_posscore,0.13766342989784697,29.64362382784483,-0.6502609584295391,0.08895427741481265,0.258045153714898,5.3298173754993385,-0.28938930728251444,0.9137010916000283,0.5650827281952119,383
top1_short_roc_filter_w2_1_1_trend0_vol63_equal_monthly_posscore,0.1112691487170534,15.437109406544216,-0.7701801449972915,0.053921531896571784,0.25521684130871924,5.216328287989195,-0.29259720142306034,0.8975983784485891,0.48838808036128456,382
top1_short_roc_filter_w1_1_2_trend0_vol21_equal_monthly_posscore,0.14047878509941447,31.72076187279567,-0.6458900882693694,0.0977002563066185,0.24522073405619893,4.82936879215986,-0.28938930728251444,0.8770554817308783,0.571342623275573,391
top1_short_roc_filter_w1_1_2_trend200_vol21_equal_monthly_posscore,0.16601404001541242,57.88456373215357,-0.5979690463885955,0.1334059655101958,0.24439677339716104,4.798434772924654,-0.28938930728251444,0.875467841390644,0.6479146701277774,362
top1_short_roc_filter_w1_1_1_trend200_vol21_equal_monthly_posscore,0.15769054653790882,47.690308739361505,-0.5682014974173518,0.12183006956038778,0.24439677339716104,4.798434772924654,-0.28938930728251444,0.875467841390644,0.6245169673628944,362
top1_short_roc_filter_w2_1_1_trend200_vol21_equal_monthly_posscore,0.13809530135446235,29.953801375454564,-0.5979473134320898,0.09468581158920242,0.24439677339716104,4.798434772924654,-0.28938930728251444,0.875467841390644,0.5721578907167095,361
top1_short_roc_filter_w1_1_1_trend0_vol63_equal_monthly_posscore,0.1330920296060183,26.538496871217234,-0.6227305774692042,0.08895264659311097,0.2414604254140631,4.689360827585191,-0.28938930728251444,0.8704229865441925,0.5511976713312241,381
top1_short_roc_filter_w1_1_1_trend200_vol63_equal_monthly_posscore,0.14610851576501682,36.28806025719606,-0.60922120373324,0.11260214961537107,0.226990283311425,4.17766872800146,-0.28938930728251444,0.8319959118403706,0.5900131197418529,361
top1_short_roc_filter_w2_1_1_trend200_vol63_equal_monthly_posscore,0.12648175401040196,22.578357763222893,-0.6380474153126268,0.08538581401032963,0.226990283311425,4.17766872800146,-0.28938930728251444,0.8319959118403706,0.5371978216852111,362
top2_short_roc_filter_w1_1_2_trend200_vol21_inv_vol_monthly_posscore,0.1607639731989965,51.23915004101465,-0.5271802447868708,0.13983056076463818,0.20975066415358068,3.621007559456933,-0.3005247602580712,0.8831493439015257,0.6938570172512712,645
top1_short_roc_filter_w1_1_2_trend0_vol63_equal_monthly_posscore,0.13048353081306852,24.904780116229215,-0.6267424681321142,0.09768021538584915,0.20972071633038203,3.620088096870437,-0.3274552866218705,0.7811185480451808,0.5425236495359332,390
top1_short_roc_filter_w1_1_1_trend0_vol63_equal_monthly_posall_windows,0.12957181014863428,24.35607977706731,-0.6076601683674728,0.09656878498422228,0.20929616800073436,3.6070707709701955,-0.3109007012950047,0.81747686031273,0.5629332847825295,297
top1_short_roc_filter_w2_1_1_trend0_vol63_equal_monthly_posall_windows,0.12957181014863428,24.35607977706731,-0.6076601683674728,0.09656878498422228,0.20929616800073436,3.6070707709701955,-0.3109007012950047,0.81747686031273,0.5629332847825295,297
top1_short_roc_filter_w1_1_2_trend0_vol63_equal_monthly_posall_windows,0.12957181014863428,24.35607977706731,-0.6076601683674728,0.09656878498422228,0.20929616800073436,3.6070707709701955,-0.3109007012950047,0.81747686031273,0.5629332847825295,297
top1_short_roc_filter_w1_1_2_trend200_vol63_equal_monthly_posscore,0.1488555134048959,38.73358799652581,-0.6361437859291595,0.12409323396789573,0.20787362336950577,3.563687069226086,-0.32606482732154685,0.778819181723033,0.5978560309446334,363
top1_short_roc_filter_w1_1_1_trend200_vol63_equal_monthly_posall_windows,0.12789315303449822,23.37493033640135,-0.6076601683674728,0.09656878498422228,0.20341758970014534,3.43009655746853,-0.33343764659813646,0.7996688288816591,0.5577800516718313,294
top1_short_roc_filter_w2_1_1_trend200_vol63_equal_monthly_posall_windows,0.12789315303449822,23.37493033640135,-0.6076601683674728,0.09656878498422228,0.20341758970014534,3.43009655746853,-0.33343764659813646,0.7996688288816591,0.5577800516718313,294
top1_short_roc_filter_w1_1_2_trend200_vol63_equal_monthly_posall_windows,0.12789315303449822,23.37493033640135,-0.6076601683674728,0.09656878498422228,0.20341758970014534,3.43009655746853,-0.33343764659813646,0.7996688288816591,0.5577800516718313,294
top2_short_roc_filter_w1_1_1_trend200_vol21_inv_vol_monthly_posscore,0.14810517467655382,38.050690248551625,-0.4664529070808008,0.12473061780139472,0.20298432118221332,3.417291852053153,-0.31391047504616143,0.8591929581392656,0.6512359725659183,642
top2_short_roc_filter_w1_1_2_trend200_vol63_inv_vol_monthly_posscore,0.17370983079016633,69.11511841715037,-0.5148809056133772,0.163346971144259,0.19773127156122405,3.264603097026182,-0.30157637457318576,0.8458206844314266,0.734290161534448,645
top2_short_roc_filter_w1_1_1_trend200_vol63_inv_vol_monthly_posscore,0.16222334668768812,53.010192094804616,-0.4552044775475165,0.1474922396471099,0.19664135068196154,3.2335081683014213,-0.301536546423664,0.8405170331735117,0.6958998900839996,645
top2_short_roc_filter_w2_1_1_trend200_vol21_inv_vol_monthly_posscore,0.13322721839016927,26.62581423041505,-0.504157471701866,0.10660347943158444,0.19623181702743286,3.2218757822428525,-0.31391047504616143,0.835923450786004,0.6035490614337439,627
top2_short_roc_filter_w2_1_1_trend200_vol63_inv_vol_monthly_posscore,0.14223193647817878,33.08197440542319,-0.4936592045614775,0.1218310466439756,0.19035481178977975,3.0580007749503926,-0.301536546423664,0.8186251472338516,0.6325647653740242,630
top2_short_roc_filter_w1_1_2_trend200_vol63_equal_monthly_posscore,0.16941467385646436,62.61538574187972,-0.5076903869120006,0.16215243437449467,0.18562619677015157,2.930218584734203,-0.2973140158612615,0.784058730283864,0.7126532444884622,643
top2_short_roc_filter_w1_1_2_trend200_vol21_equal_monthly_posscore,0.14997360834746276,39.77255102800548,-0.5075952314458692,0.13529682058001957,0.18385450209532084,2.883257225939345,-0.3329105013632525,0.77543876844572,0.653825851937788,643
top2_short_roc_filter_w1_1_1_trend200_vol63_equal_monthly_posscore,0.1575812415200437,47.5684687422611,-0.4490481676831758,0.14725543868326696,0.18141752201860273,2.8194645025666243,-0.29722633703704515,0.7701987055543846,0.6737661648606537,643
top2_short_roc_filter_w1_1_1_trend200_vol21_equal_monthly_posscore,0.13727313841160993,29.365884426274082,-0.44907229029634654,0.12072842892235669,0.17568022623823976,2.67288973296973,-0.35173023588308805,0.7489507590945276,0.6114020095196252,640
top2_short_roc_filter_w2_1_1_trend200_vol63_equal_monthly_posscore,0.13869079345950475,30.386453227579675,-0.4867920217396301,0.12296932744341915,0.1753134713823643,2.663689821641699,-0.29722633703704515,0.7495915250455218,0.6145619809710406,627
top2_short_roc_filter_w2_1_1_trend200_vol21_equal_monthly_posscore,0.12366900103521838,21.064932117543247,-0.4866356152350293,0.10399173133662432,0.1697684663002057,2.527033153727105,-0.35173023588308805,0.7290114782249478,0.5675935982325755,624
top1_short_roc_filter_w1_1_1_trend0_vol21_equal_monthly_posall_windows,0.13112445175418386,25.297325760628272,-0.6045703721165175,0.11885716498629773,0.1598583320527338,2.2938833067328903,-0.34981878946495004,0.6654452963905457,0.567335571055029,285
top1_short_roc_filter_w2_1_1_trend0_vol21_equal_monthly_posall_windows,0.13112445175418386,25.297325760628272,-0.6045703721165175,0.11885716498629773,0.1598583320527338,2.2938833067328903,-0.34981878946495004,0.6654452963905457,0.567335571055029,285
top1_short_roc_filter_w1_1_2_trend0_vol21_equal_monthly_posall_windows,0.13112445175418386,25.297325760628272,-0.6045703721165175,0.11885716498629773,0.1598583320527338,2.2938833067328903,-0.34981878946495004,0.6654452963905457,0.567335571055029,285
top2_short_roc_filter_w1_1_1_trend200_vol63_equal_weekly_posscore,0.09504997875011179,10.127291841314436,-0.7083069252013529,0.069175233707371,0.1571022975170413,2.231491969925511,-0.41795015317127293,0.6966818800456456,0.47298071681818427,2152
top1_short_roc_filter_w1_1_1_trend200_vol21_equal_monthly_posall_windows,0.12944184805263714,24.278781410287078,-0.6045703721165175,0.11885716498629773,0.1540896029120855,2.164476419255102,-0.34981878946495004,0.6475596356666349,0.5621749069554419,282
top1_short_roc_filter_w2_1_1_trend200_vol21_equal_monthly_posall_windows,0.12944184805263714,24.278781410287078,-0.6045703721165175,0.11885716498629773,0.1540896029120855,2.164476419255102,-0.34981878946495004,0.6475596356666349,0.5621749069554419,282
top1_short_roc_filter_w1_1_2_trend200_vol21_equal_monthly_posall_windows,0.12944184805263714,24.278781410287078,-0.6045703721165175,0.11885716498629773,0.1540896029120855,2.164476419255102,-0.34981878946495004,0.6475596356666349,0.5621749069554419,282
top2_short_roc_filter_w1_1_1_trend200_vol21_inv_vol_monthly_posall_windows,0.14051962994663914,31.751871531736896,-0.49567704266837875,0.13497549912170204,0.15317355968836033,2.1443423637314045,-0.24249306851613628,0.7155739412143648,0.6339809705714244,473
top2_short_roc_filter_w2_1_1_trend200_vol21_inv_vol_monthly_posall_windows,0.14051962994663914,31.751871531736896,-0.49567704266837875,0.13497549912170204,0.15317355968836033,2.1443423637314045,-0.24249306851613628,0.7155739412143648,0.6339809705714244,473
top2_short_roc_filter_w1_1_2_trend200_vol21_inv_vol_monthly_posall_windows,0.14051962994663914,31.751871531736896,-0.49567704266837875,0.13497549912170204,0.15317355968836033,2.1443423637314045,-0.24249306851613628,0.7155739412143648,0.6339809705714244,473
top2_short_roc_filter_w1_1_1_trend200_vol63_inv_vol_weekly_posscore,0.08864259271937658,8.522724764248427,-0.7120783730111709,0.062418788402898384,0.15151401260063024,2.108152088475772,-0.42625788805202025,0.6896967867372171,0.4544596405852519,2163
top2_short_roc_filter_w1_1_1_trend200_vol63_inv_vol_monthly_posall_windows,0.14243569680367463,33.24367168559772,-0.47398543344591115,0.14102961281199233,0.1456617915161036,1.9834245737051726,-0.2389905378892161,0.6911552815118438,0.6393576514815321,473
top2_short_roc_filter_w2_1_1_trend200_vol63_inv_vol_monthly_posall_windows,0.14243569680367463,33.24367168559772,-0.47398543344591115,0.14102961281199233,0.1456617915161036,1.9834245737051726,-0.2389905378892161,0.6911552815118438,0.6393576514815321,473
top2_short_roc_filter_w1_1_2_trend200_vol63_inv_vol_monthly_posall_windows,0.14243569680367463,33.24367168559772,-0.47398543344591115,0.14102961281199233,0.1456617915161036,1.9834245737051726,-0.2389905378892161,0.6911552815118438,0.6393576514815321,473
top2_short_roc_filter_w1_1_2_trend200_vol63_equal_weekly_posscore,0.10017940599769237,11.596347388846542,-0.61059912963515,0.08215061317898087,0.14276109103537515,1.9232434629221444,-0.43680567199541076,0.6479480938200057,0.49228443982445064,2166
top2_short_roc_filter_w1_1_2_trend200_vol63_inv_vol_weekly_posscore,0.09726829942635762,10.741161978746259,-0.6028330113735993,0.07882890739824466,0.1411248550207982,1.8897674464138148,-0.4406304386980969,0.6531862456311296,0.4862971579672165,2181
top2_short_roc_filter_w1_1_1_trend200_vol21_equal_monthly_posall_windows,0.13386109455951445,27.03879552279153,-0.4668282519743294,0.13267012212157048,0.13622594606596672,1.7915382019951696,-0.23494206909449522,0.6506076894308046,0.6083885806377242,472
top2_short_roc_filter_w2_1_1_trend200_vol21_equal_monthly_posall_windows,0.13386109455951445,27.03879552279153,-0.4668282519743294,0.13267012212157048,0.13622594606596672,1.7915382019951696,-0.23494206909449522,0.6506076894308046,0.6083885806377242,472
top2_short_roc_filter_w1_1_2_trend200_vol21_equal_monthly_posall_windows,0.13386109455951445,27.03879552279153,-0.4668282519743294,0.13267012212157048,0.13622594606596672,1.7915382019951696,-0.23494206909449522,0.6506076894308046,0.6083885806377242,472
top2_short_roc_filter_w1_1_1_trend200_vol63_equal_monthly_posall_windows,0.13910171784364733,30.68839544319308,-0.4667910356469621,0.1417267302333427,0.13269170518910367,1.7224998127154287,-0.24363334017998173,0.6386228315140441,0.6248209951407281,473
top2_short_roc_filter_w2_1_1_trend200_vol63_equal_monthly_posall_windows,0.13910171784364733,30.68839544319308,-0.4667910356469621,0.1417267302333427,0.13269170518910367,1.7224998127154287,-0.24363334017998173,0.6386228315140441,0.6248209951407281,473
top2_short_roc_filter_w1_1_2_trend200_vol63_equal_monthly_posall_windows,0.13910171784364733,30.68839544319308,-0.4667910356469621,0.1417267302333427,0.13269170518910367,1.7224998127154287,-0.24363334017998173,0.6386228315140441,0.6248209951407281,473
top2_short_roc_filter_w2_1_1_trend200_vol63_inv_vol_weekly_posscore,0.08986573251687768,8.810741479710003,-0.6226479487052087,0.07370260070588719,0.1281445843814888,1.6358776040103575,-0.4363622660105678,0.6086017565150162,0.461050841399402,2109
top2_short_roc_filter_w1_1_1_trend200_vol21_equal_weekly_posscore,0.08792210281747481,8.356895338568483,-0.6864367324626323,0.07106821724707402,0.12793024248990026,1.6318546691808091,-0.42837275245369866,0.6004784551285237,0.44905318277905654,2148
top2_short_roc_filter_w1_1_1_trend200_vol21_inv_vol_weekly_posscore,0.08646232745330629,8.02938805879959,-0.7023243710775573,0.06959174881143593,0.12611380621000934,1.5979776353140895,-0.43565623376098894,0.6039489362156181,0.4470579698047023,2192
top2_short_roc_filter_w2_1_1_trend200_vol63_equal_weekly_posscore,0.09586277068390925,10.348539785902199,-0.6149518934613221,0.08324914154443963,0.1255145971453675,1.5868862908438577,-0.4319340884305778,0.5909608753364112,0.47820861483202487,2094
top2_short_roc_filter_w1_1_2_trend200_vol21_inv_vol_weekly_posscore,0.1005145125022393,11.698553536186067,-0.5669022933276259,0.09349079004270044,0.11697888012125102,1.4333313498558722,-0.45383935784717566,0.5707834416717096,0.49753216884380236,2208
top2_short_roc_filter_w1_1_2_trend200_vol21_equal_weekly_posscore,0.09785280457775514,10.908258080131109,-0.5747412678997073,0.09097115440348591,0.11418824526480575,1.3848907902747425,-0.44662445205701584,0.551969207764381,0.4843383440143103,2161
top2_short_roc_filter_w2_1_1_trend200_vol21_inv_vol_weekly_posscore,0.09172245764896192,9.264030204712839,-0.6103897239695424,0.08500731652303872,0.10741493150182468,1.2708132095737357,-0.44649043588493986,0.5363299454574871,0.4674870159847414,2128
top2_short_roc_filter_w2_1_1_trend200_vol21_equal_weekly_posscore,0.0928641073492007,9.552679888606542,-0.5926036085917826,0.08761793564405163,0.10533748993474057,1.2367959009793754,-0.4511525071356599,0.521711762898611,0.4677918554379433,2087
top2_short_roc_filter_w1_1_1_trend200_vol63_inv_vol_weekly_posall_windows,0.1118553680081893,15.668751406570728,-0.5732519505881425,0.12915332712820082,0.07349214532173964,0.7683632734259804,-0.5311406620216113,0.4132097545665332,0.5436302404385461,1616
top2_short_roc_filter_w2_1_1_trend200_vol63_inv_vol_weekly_posall_windows,0.1118553680081893,15.668751406570728,-0.5732519505881425,0.12915332712820082,0.07349214532173964,0.7683632734259804,-0.5311406620216113,0.4132097545665332,0.5436302404385461,1616
top2_short_roc_filter_w1_1_2_trend200_vol63_inv_vol_weekly_posall_windows,0.1118553680081893,15.668751406570728,-0.5732519505881425,0.12915332712820082,0.07349214532173964,0.7683632734259804,-0.5311406620216113,0.4132097545665332,0.5436302404385461,1616
top1_short_roc_filter_w1_1_1_trend0_vol21_equal_weekly_posscore,0.05900446704105211,3.5779298317169053,-0.8212615971194346,0.06091923947705613,0.0545452127277366,0.5325184901731315,-0.6402725191560146,0.32619810212193956,0.3385340494387066,878
top1_short_roc_filter_w1_1_1_trend200_vol21_equal_weekly_posscore,0.05847317460898793,3.517374996275393,-0.8126863040723264,0.060517918688300476,0.05385302903175515,0.5244512554221215,-0.6839826584096644,0.32419113121159376,0.337166905538793,843
top2_short_roc_filter_w1_1_1_trend200_vol63_equal_weekly_posall_windows,0.10849956788081538,14.383969696356534,-0.5620782961688247,0.134719813196996,0.05054861531944588,0.48644935429575553,-0.5551747719351535,0.3231757450328139,0.5279375626476808,1602
top2_short_roc_filter_w2_1_1_trend200_vol63_equal_weekly_posall_windows,0.10849956788081538,14.383969696356534,-0.5620782961688247,0.134719813196996,0.05054861531944588,0.48644935429575553,-0.5551747719351535,0.3231757450328139,0.5279375626476808,1602
top2_short_roc_filter_w1_1_2_trend200_vol63_equal_weekly_posall_windows,0.10849956788081538,14.383969696356534,-0.5620782961688247,0.134719813196996,0.05054861531944588,0.48644935429575553,-0.5551747719351535,0.3231757450328139,0.5279375626476808,1602
top2_short_roc_filter_w1_1_1_trend200_vol21_inv_vol_weekly_posall_windows,0.11144203580195788,15.505100937109646,-0.555279099593044,0.1399224211387402,0.048434436673479686,0.4625730390602889,-0.5450427291493994,0.31606573440349756,0.5419820247040446,1633
top2_short_roc_filter_w2_1_1_trend200_vol21_inv_vol_weekly_posall_windows,0.11144203580195788,15.505100937109646,-0.555279099593044,0.1399224211387402,0.048434436673479686,0.4625730390602889,-0.5450427291493994,0.31606573440349756,0.5419820247040446,1633
top2_short_roc_filter_w1_1_2_trend200_vol21_inv_vol_weekly_posall_windows,0.11144203580195788,15.505100937109646,-0.555279099593044,0.1399224211387402,0.048434436673479686,0.4625730390602889,-0.5450427291493994,0.31606573440349756,0.5419820247040446,1633
top1_short_roc_filter_w2_1_1_trend200_vol63_equal_weekly_posscore,0.05964481861572035,3.6519533113150215,-0.8194464746101027,0.06880691030510944,0.03891037373010153,0.35912718398913945,-0.6630802791605648,0.27823992891629035,0.34131337639525217,805
top1_short_roc_filter_w1_1_2_trend200_vol21_equal_weekly_posscore,0.059466917601851854,3.631273527581828,-0.7913871071346459,0.06907280586670517,0.03766459904276398,0.34608184923409224,-0.692169980473295,0.2742947539513086,0.34011295677525266,839
top1_short_roc_filter_w2_1_1_trend200_vol21_equal_weekly_posscore,0.06569863156997746,4.4111045250534175,-0.7409484535525043,0.07937120118371976,0.03482457401904471,0.31675115375859075,-0.6862802483334616,0.2651514570772502,0.35893774312012044,836
top1_short_roc_filter_w1_1_1_trend200_vol63_equal_weekly_posscore,0.04942524298419526,2.5971078620435684,-0.8521287394073864,0.05724848468424404,0.03162822743313054,0.28441118280376987,-0.6710755180735055,0.25650759085842706,0.3107820029535182,818
top2_short_roc_filter_w1_1_1_trend200_vol21_equal_weekly_posall_windows,0.10268112085986658,12.378879350809623,-0.5641410121503876,0.13665245241280055,0.028740365871932738,0.25579262482808307,-0.5641977163061355,0.23857328963913105,0.5066575708749947,1600
top2_short_roc_filter_w2_1_1_trend200_vol21_equal_weekly_posall_windows,0.10268112085986658,12.378879350809623,-0.5641410121503876,0.13665245241280055,0.028740365871932738,0.25579262482808307,-0.5641977163061355,0.23857328963913105,0.5066575708749947,1600
top2_short_roc_filter_w1_1_2_trend200_vol21_equal_weekly_posall_windows,0.10268112085986658,12.378879350809623,-0.5641410121503876,0.13665245241280055,0.028740365871932738,0.25579262482808307,-0.5641977163061355,0.23857328963913105,0.5066575708749947,1600
top1_short_roc_filter_w1_1_1_trend0_vol63_equal_weekly_posscore,0.04744203497678767,2.421011565736226,-0.8626850024105959,0.05786533001415206,0.023865685394295122,0.20875008206465662,-0.6253130103872927,0.23376953277108492,0.3053067338091429,850
top1_short_roc_filter_w1_1_1_trend0_vol63_equal_weekly_posall_windows,0.07418372195099221,5.678478551283843,-0.6239806974483055,0.0973277446952594,0.022587427324999965,0.19667276661554856,-0.6235253447547646,0.22303145274272432,0.3905140370827684,678
top1_short_roc_filter_w1_1_1_trend200_vol63_equal_weekly_posall_windows,0.07418372195099221,5.678478551283843,-0.6239806974483055,0.0973277446952594,0.022587427324999965,0.19667276661554856,-0.6235253447547646,0.22303145274272432,0.3905140370827684,678
top1_short_roc_filter_w2_1_1_trend0_vol63_equal_weekly_posall_windows,0.07418372195099221,5.678478551283843,-0.6239806974483055,0.0973277446952594,0.022587427324999965,0.19667276661554856,-0.6235253447547646,0.22303145274272432,0.3905140370827684,678
top1_short_roc_filter_w2_1_1_trend200_vol63_equal_weekly_posall_windows,0.07418372195099221,5.678478551283843,-0.6239806974483055,0.0973277446952594,0.022587427324999965,0.19667276661554856,-0.6235253447547646,0.22303145274272432,0.3905140370827684,678
top1_short_roc_filter_w1_1_2_trend0_vol63_equal_weekly_posall_windows,0.07418372195099221,5.678478551283843,-0.6239806974483055,0.0973277446952594,0.022587427324999965,0.19667276661554856,-0.6235253447547646,0.22303145274272432,0.3905140370827684,678
top1_short_roc_filter_w1_1_2_trend200_vol63_equal_weekly_posall_windows,0.07418372195099221,5.678478551283843,-0.6239806974483055,0.0973277446952594,0.022587427324999965,0.19667276661554856,-0.6235253447547646,0.22303145274272432,0.3905140370827684,678
top1_short_roc_filter_w1_1_2_trend0_vol21_equal_weekly_posscore,0.04611905154728091,2.3081841953552793,-0.805101351303038,0.05679411849222871,0.0219095018263864,0.1903105316958198,-0.7056397442427196,0.22576988599216297,0.3012724263330764,870
top1_short_roc_filter_w1_1_2_trend200_vol63_equal_weekly_posscore,0.05789756144208957,3.452638717643179,-0.81357786959657,0.07524053710407075,0.019141882470981475,0.16464302629693806,-0.6713254880394363,0.21805627050502469,0.33593598802288693,807
top1_short_roc_filter_w1_1_2_trend0_vol63_equal_weekly_posscore,0.06252655436032306,3.9995737327821166,-0.8429988842888203,0.08234046916547633,0.018308373101969533,0.15700845276995823,-0.6359773382829609,0.21701040990040965,0.3481559343452705,832
top1_short_roc_filter_w1_1_1_trend0_vol21_equal_weekly_posall_windows,0.08731723536562064,8.219826868830618,-0.6484654980435218,0.1192889875582348,0.017279594567480405,0.14764574938286734,-0.6481037958155806,0.20519279627147136,0.431653801616887,685
top1_short_roc_filter_w1_1_1_trend200_vol21_equal_weekly_posall_windows,0.08731723536562064,8.219826868830618,-0.6484654980435218,0.1192889875582348,0.017279594567480405,0.14764574938286734,-0.6481037958155806,0.20519279627147136,0.431653801616887,685
top1_short_roc_filter_w2_1_1_trend0_vol21_equal_weekly_posall_windows,0.08731723536562064,8.219826868830618,-0.6484654980435218,0.1192889875582348,0.017279594567480405,0.14764574938286734,-0.6481037958155806,0.20519279627147136,0.431653801616887,685
top1_short_roc_filter_w2_1_1_trend200_vol21_equal_weekly_posall_windows,0.08731723536562064,8.219826868830618,-0.6484654980435218,0.1192889875582348,0.017279594567480405,0.14764574938286734,-0.6481037958155806,0.20519279627147136,0.431653801616887,685
top1_short_roc_filter_w1_1_2_trend0_vol21_equal_weekly_posall_windows,0.08731723536562064,8.219826868830618,-0.6484654980435218,0.1192889875582348,0.017279594567480405,0.14764574938286734,-0.6481037958155806,0.20519279627147136,0.431653801616887,685
top1_short_roc_filter_w1_1_2_trend200_vol21_equal_weekly_posall_windows,0.08731723536562064,8.219826868830618,-0.6484654980435218,0.1192889875582348,0.017279594567480405,0.14764574938286734,-0.6481037958155806,0.20519279627147136,0.431653801616887,685
top1_short_roc_filter_w2_1_1_trend0_vol21_equal_weekly_posscore,0.05439899304711138,3.07795996575757,-0.7757517040668254,0.07489799747436443,0.00879821747587961,0.07295193700097835,-0.7185701473101244,0.1844751045548301,0.32494600679235053,877
top1_short_roc_filter_w2_1_1_trend0_vol63_equal_weekly_posscore,0.04226646212081353,1.9996527118504357,-0.857227527116224,0.061523690539047715,-0.0004923458992648344,-0.003950788371066327,-0.7115988873913075,0.1599073385110604,0.289311261043738,854
