strategy,signal_mode,lookback,skip,top_n,trend_window,vol_window,rebalance,score,weighting,absolute_momentum,max_weight,target_vol,full_start,full_end,full_candles,full_trades,full_exposure,full_avg_positions,full_total_return,full_cagr,full_max_drawdown,full_volatility,full_sharpe,full_turnover,train_end,train_total_return,train_cagr,train_max_drawdown,train_sharpe,test_start,test_total_return,test_cagr,test_max_drawdown,test_sharpe,test_trades,test_exposure
top1_risk_adjusted_lb21_skip0_trend0_vol21_equal_monthly_abs_cap1_adjusted,adjusted,21,0,1,0,21,monthly,risk_adjusted,equal,True,1.0,0.0,2000-01-03,2026-07-17,6662,441,0.8949264485139597,0.8949264485139597,87.89027422167287,0.18425158807947684,-0.8153937754513765,0.5955889467510957,0.47029908477626214,435.89248718641784,2018-07-02,10.678619762571056,0.14212855372171251,-0.8153937754513765,0.3951343461575839,2018-07-03,6.607731299587325,0.2871573007404242,-0.2924810244551135,0.9292062455758806,135,0.9469469469469469
top1_momentum_lb21_skip0_trend200_vol21_equal_monthly_abs_cap1_adjusted,adjusted,21,0,1,200,21,monthly,momentum,equal,True,1.0,0.0,2000-01-03,2026-07-17,6662,374,0.7970579405583909,0.7970579405583909,28.22052574394052,0.13562647519427218,-0.44701841935215003,0.33943221037915905,0.5443831234692739,370.00937257161087,2018-07-02,3.3569540152487605,0.08283254470916557,-0.44701841935215003,0.4046429929943577,2018-07-03,5.699650323722198,0.26696363408824975,-0.4026436327440588,0.8577683766302907,126,0.8853853853853854
top1_momentum_lb21_skip0_trend200_vol63_equal_monthly_abs_cap1_adjusted,adjusted,21,0,1,200,63,monthly,momentum,equal,True,1.0,0.0,2000-01-03,2026-07-17,6662,374,0.7970579405583909,0.7970579405583909,28.22052574394052,0.13562647519427218,-0.44701841935215003,0.33943221037915905,0.5443831234692739,370.00937257161087,2018-07-02,3.3569540152487605,0.08283254470916557,-0.44701841935215003,0.4046429929943577,2018-07-03,5.699650323722198,0.26696363408824975,-0.4026436327440588,0.8577683766302907,126,0.8853853853853854
top1_risk_adjusted_lb21_skip0_trend200_vol21_equal_monthly_abs_cap1_adjusted,adjusted,21,0,1,200,21,monthly,risk_adjusted,equal,True,1.0,0.0,2000-01-03,2026-07-17,6662,364,0.7970579405583909,0.7970579405583909,41.975774478349294,0.15225661965525994,-0.5184817104650635,0.3164131619417301,0.6056959028145927,360.0097776206983,2018-07-02,6.007805383616174,0.1110190753709388,-0.5184817104650635,0.4871342961141702,2018-07-03,5.130143676737929,0.25303863135009386,-0.28938930728251444,0.8970266708750404,121,0.8853853853853854
top1_risk_adjusted_lb21_skip0_trend0_vol63_equal_monthly_abs_cap1_adjusted,adjusted,21,0,1,0,63,monthly,risk_adjusted,equal,True,1.0,0.0,2000-01-03,2026-07-17,6662,446,0.8884719303512458,0.8884719303512458,72.65125915303082,0.17588819291634472,-0.7689961136009335,0.5949134160756661,0.4583151062580202,440.0030833753671,2018-07-02,12.834621388669298,0.15263899576367024,-0.7689961136009335,0.408225475604011,2018-07-03,4.317226182919555,0.23105681840656533,-0.3021217825801076,0.7896507064206653,140,0.9469469469469469
top1_risk_adjusted_lb21_skip0_trend200_vol63_equal_monthly_abs_cap1_adjusted,adjusted,21,0,1,200,63,monthly,risk_adjusted,equal,True,1.0,0.0,2000-01-03,2026-07-17,6662,379,0.7970579405583909,0.7970579405583909,25.271678752199303,0.131082859140081,-0.5955346129743779,0.3208664569011601,0.5442221438496948,374.07174016726543,2018-07-02,4.4669399559802105,0.09620206386714814,-0.5955346129743779,0.4440011987820465,2018-07-03,3.803723370176015,0.21560084928757828,-0.29072906559383105,0.7942983447569694,129,0.8853853853853854
top1_momentum_lb21_skip0_trend0_vol63_equal_monthly_abs_cap1_adjusted,adjusted,21,0,1,0,63,monthly,momentum,equal,True,1.0,0.0,2000-01-03,2026-07-17,6662,441,0.8884719303512458,0.8884719303512458,43.920793063956054,0.15418033605965986,-0.6963893099322264,0.6104028081895212,0.43147724763886797,437.83823288660966,2018-07-02,14.010072149234134,0.15773259876142198,-0.666312663958619,0.41787050913770585,2018-07-03,1.9877206493012154,0.14586689537276443,-0.6963522982703154,0.5463589558688172,143,0.9469469469469469
top1_momentum_lb21_skip0_trend0_vol21_equal_monthly_abs_cap1_adjusted,adjusted,21,0,1,0,21,monthly,momentum,equal,True,1.0,0.0,2000-01-03,2026-07-17,6662,445,0.8949264485139597,0.8949264485139597,30.46372630271709,0.13879631828404726,-0.6963821278201947,0.6126151796970439,0.41060640713133983,440.65230590243044,2018-07-02,9.513481141089294,0.1356563063721996,-0.6663001842720986,0.3915133464145915,2018-07-03,1.9877206493012154,0.14586689537276443,-0.6963522982703154,0.5463589558688172,143,0.9469469469469469
invvol_all_v63_weekly_adjusted,adjusted,1,0,99,0,63,weekly,all,inv_vol,False,1.0,0.0,2000-01-03,2026-07-17,6662,6619,0.9902431702191534,4.850195136595617,28.048660142838788,0.13537404266369868,-0.6621590351865613,0.27881551147159017,0.5929596771497793,80.9533173512716,2018-07-02,11.066437114773619,0.14414778527300665,-0.6621590351865613,0.6001862203985263,2018-07-03,1.32045372602572,0.11039811189658577,-0.5174332114112911,0.5646998931382516,2199,0.997997997997998
equal_all_weekly_adjusted,adjusted,1,0,99,0,63,weekly,all,equal,False,1.0,0.0,2000-01-03,2026-07-17,6662,6677,0.9902431702191534,4.853947763434404,73.93740974867346,0.17665561006505892,-0.679650676891399,0.29439815825526094,0.6933704388585106,50.206975917927764,2018-07-02,30.724943875600985,0.20554196786172518,-0.679650676891399,0.746156186091613,2018-07-03,1.251865389772365,0.10626117470578134,-0.523027031226508,0.5311858598825698,1944,0.997997997997998
invvol_all_v126_weekly_adjusted,adjusted,1,0,99,0,126,weekly,all,inv_vol,False,1.0,0.0,2000-01-03,2026-07-17,6662,6385,0.9804863404383068,4.812218552987091,15.202102117137912,0.11066623187946689,-0.6692183619770613,0.26213529929800367,0.5339646322502115,53.48916407682995,2018-07-02,5.973751543185062,0.11072647787268242,-0.6692183619770613,0.5238396174095991,2018-07-03,1.2333035545396065,0.10512264897626422,-0.5179275389489233,0.5450325208843829,1961,0.997997997997998
invvol_all_v63_monthly_adjusted,adjusted,1,0,99,0,63,monthly,all,inv_vol,False,1.0,0.0,2000-01-03,2026-07-17,6662,1550,0.9902431702191534,4.8488441909336535,31.250025754740598,0.13985613733052205,-0.6610238594019415,0.2876419626918734,0.5946570556734668,47.128522673251254,2018-07-02,12.57086271733518,0.1514399248706908,-0.6610238594019415,0.6060987354332498,2018-07-03,1.214969485179696,0.10398993078191654,-0.5146810953475107,0.5403142084857183,569,0.98998998998999
equal_all_monthly_adjusted,adjusted,1,0,99,0,63,monthly,all,equal,False,1.0,0.0,2000-01-03,2026-07-17,6662,1560,0.9902431702191534,4.8522966076253375,61.716842392914856,0.16878792846416024,-0.6923784075385546,0.2934998476463673,0.671721138398636,25.768631973718012,2018-07-02,25.993689179927035,0.19506042406979174,-0.6923784075385546,0.7193151687211234,2018-07-03,1.1332631263540982,0.09883991517494861,-0.522567046162464,0.5060846588351893,535,0.98998998998999
invvol_all_v126_monthly_adjusted,adjusted,1,0,99,0,126,monthly,all,inv_vol,False,1.0,0.0,2000-01-03,2026-07-17,6662,1511,0.9804863404383068,4.8071149804863404,14.986802645071515,0.1101064431419021,-0.6777916833353932,0.2614084528634153,0.5328143164706794,30.34364862232799,2018-07-02,6.034427955922012,0.11124688666666782,-0.6777916833353932,0.5264288343568603,2018-07-03,1.117693661038409,0.09783901750478075,-0.515303862140587,0.518074278314357,536,0.98998998998999
invvol_all_v21_monthly_adjusted,adjusted,1,0,99,0,21,monthly,all,inv_vol,False,1.0,0.0,2000-01-03,2026-07-17,6662,1572,0.9936955869108376,4.8054638246772745,42.27628069710313,0.15255924048623748,-0.7002105414888792,0.28486099548961563,0.6344298544298644,95.74269920396722,2018-07-02,18.049275046015246,0.1727471403957752,-0.7002105414888792,0.6672946166181711,2018-07-03,1.11022774662344,0.09735677667135878,-0.52099955118504,0.5147364374767799,601,0.98998998998999
invvol_all_v21_weekly_adjusted,adjusted,1,0,99,0,21,weekly,all,inv_vol,False,1.0,0.0,2000-01-03,2026-07-17,6662,6730,0.9962473731612128,4.814920444311018,55.577625276485065,0.16425919968487834,-0.7157395644917778,0.28701061659826804,0.6674399665650388,187.01406330231126,2018-07-02,25.9866572946235,0.1950435888889699,-0.7157395644917778,0.7254496808338669,2018-07-03,1.0249623218151385,0.09174064406370142,-0.5193053905210128,0.49300626322663776,2474,0.997997997997998
top1_momentum_lb252_skip0_trend200_vol63_equal_weekly_abs_cap1_adjusted,adjusted,252,0,1,200,63,weekly,momentum,equal,True,1.0,0.0,2000-01-03,2026-07-17,6662,330,0.8516961873311318,0.8516961873311318,2.8540721194307435,0.05215763508007232,-0.7012451582906252,0.3333985405179394,0.31971427908591993,312.67646155196894,2018-07-02,1.095881555487031,0.04082242219609178,-0.7012451582906252,0.2861859302127166,2018-07-03,0.7651578343025285,0.07324987847205944,-0.46001448337712214,0.38071605595934854,103,0.9644644644644644
top1_momentum_lb252_skip0_trend200_vol21_equal_weekly_abs_cap1_adjusted,adjusted,252,0,1,200,21,weekly,momentum,equal,True,1.0,0.0,2000-01-03,2026-07-17,6662,334,0.8516961873311318,0.8516961873311318,2.739922234085615,0.050966174891990956,-0.7012879364073787,0.3333662061719719,0.3163131550599973,316.675341000602,2018-07-02,1.033813743360636,0.0391319823462728,-0.7012879364073787,0.28128321688785746,2018-07-03,0.7651578343025285,0.07324987847205944,-0.46001448337712214,0.38071605595934854,103,0.9644644644644644
top3_momentum_lb252_skip0_trend200_vol21_inv_vol_monthly_abs_cap1_adjusted,adjusted,252,0,3,200,21,monthly,momentum,inv_vol,True,1.0,0.0,2000-01-03,2026-07-17,6662,725,0.8608525968177725,2.0096067247072953,26.197262510544213,0.13255972870234323,-0.6049287110685608,0.2651370861067968,0.6023052224022636,147.84376481479933,2018-07-02,13.127378847738813,0.15394483487386412,-0.6049287110685608,0.6648338152833452,2018-07-03,0.7608636448788741,0.0729247195467686,-0.513536692253779,0.40611032120922225,284,0.9584584584584585
top2_momentum_lb126_skip0_trend200_vol21_inv_vol_weekly_abs_cap1_adjusted,adjusted,126,0,2,200,21,weekly,momentum,inv_vol,True,1.0,0.0,2000-01-03,2026-07-17,6662,2345,0.9024317021915341,1.6151305914139897,16.485379524504715,0.11386127340278662,-0.7419810046453728,0.29221614905404275,0.5153976737998206,432.7638174388993,2018-07-02,8.836956697486988,0.13157939872470492,-0.7419810046453728,0.5622043181942498,2018-07-03,0.7489251891321558,0.07201706936536456,-0.4948528520533426,0.39214751029821643,794,0.9769769769769769
top2_momentum_lb126_skip0_trend200_vol63_inv_vol_weekly_abs_cap1_adjusted,adjusted,126,0,2,200,63,weekly,momentum,inv_vol,True,1.0,0.0,2000-01-03,2026-07-17,6662,2317,0.9024317021915341,1.6181326928850195,10.388126243854991,0.09600658820033003,-0.7329839292711972,0.29117988295920444,0.4607872557341185,390.10176091576193,2018-07-02,5.558462104221509,0.1070451903279428,-0.7329839292711972,0.4898321792332533,2018-07-03,0.7038133716006238,0.06853761246205692,-0.49563587967461487,0.380669396745316,761,0.9769769769769769
top2_momentum_lb252_skip0_trend200_vol21_inv_vol_monthly_abs_cap1_adjusted,adjusted,252,0,2,200,21,monthly,momentum,inv_vol,True,1.0,0.0,2000-01-03,2026-07-17,6662,569,0.8608525968177725,1.5436805764034824,26.183400130680226,0.13253796879371893,-0.5858918652142342,0.2811369266653294,0.5834888388198715,150.60038585314123,2018-07-02,13.553168901525833,0.15579908617004268,-0.5858918652142342,0.6515096331542172,2018-07-03,0.7032781195744389,0.06849584673722542,-0.4819161703048115,0.37996901645786796,210,0.9584584584584585
top3_momentum_lb252_skip0_trend200_vol63_inv_vol_monthly_abs_cap1_adjusted,adjusted,252,0,3,200,63,monthly,momentum,inv_vol,True,1.0,0.0,2000-01-03,2026-07-17,6662,723,0.8608525968177725,2.0127589312518763,21.913721388396908,0.12526855587658758,-0.5989330936280647,0.2647727025185805,0.5784280708222667,137.74557907200432,2018-07-02,11.62449094120846,0.14694818856913927,-0.5989330936280647,0.6427603595335276,2018-07-03,0.6520953702428343,0.06444794936339382,-0.5062777878160734,0.3750249070612433,280,0.9584584584584585
top3_momentum_lb252_skip0_trend200_vol63_inv_vol_weekly_abs_cap1_adjusted,adjusted,252,0,3,200,63,weekly,momentum,inv_vol,True,1.0,0.0,2000-01-03,2026-07-17,6662,2809,0.8516961873311318,2.004202942059442,7.802654457529018,0.08542156505967946,-0.6581900677419641,0.2573483858123542,0.4477076409844872,327.8659521277689,2018-07-02,4.314475337263755,0.09452682912093002,-0.6581900677419641,0.4767557689519283,2018-07-03,0.6265914754783384,0.06238976762596993,-0.46255044878534024,0.3690908762984532,1019,0.9644644644644644
top1_risk_adjusted_lb252_skip0_trend0_vol21_equal_monthly_abs_cap1_adjusted,adjusted,252,0,1,0,21,monthly,risk_adjusted,equal,True,1.0,0.0,2000-01-03,2026-07-17,6662,170,0.8893725607925548,0.8893725607925548,7.833412026099653,0.08556425209636132,-0.6735443047774875,0.34204337929429984,0.4108237301490616,164.5618746912737,2018-07-02,3.9836993555381737,0.09073027054225169,-0.6735443047774875,0.4268939153686251,2018-07-03,0.6126696288481177,0.0612543139347439,-0.5526752874603283,0.34601680502519255,72,0.98998998998999
top1_momentum_lb21_skip0_trend200_vol21_equal_weekly_abs_cap1_adjusted,adjusted,21,0,1,200,21,weekly,momentum,equal,True,1.0,0.0,2000-01-03,2026-07-17,6662,873,0.8026118282797958,0.8026118282797958,0.11432410446290664,0.004087737323557494,-0.8687620800728565,0.3401190483788854,0.18186930151695016,860.1471547790356,2018-07-02,-0.2997836562052315,-0.019084620917663386,-0.8687620800728565,0.11189598962244492,2018-07-03,0.5904227803761761,0.05942193854433686,-0.6523396132541441,0.33889054055921786,335,0.9084084084084084
top1_momentum_lb21_skip0_trend200_vol63_equal_weekly_abs_cap1_adjusted,adjusted,21,0,1,200,63,weekly,momentum,equal,True,1.0,0.0,2000-01-03,2026-07-17,6662,873,0.8026118282797958,0.8026118282797958,0.11432410446290664,0.004087737323557494,-0.8687620800728565,0.3401190483788854,0.18186930151695016,860.1471547790356,2018-07-02,-0.2997836562052315,-0.019084620917663386,-0.8687620800728565,0.11189598962244492,2018-07-03,0.5904227803761761,0.05942193854433686,-0.6523396132541441,0.33889054055921786,335,0.9084084084084084
top3_momentum_lb252_skip0_trend200_vol21_inv_vol_weekly_abs_cap1_adjusted,adjusted,252,0,3,200,21,weekly,momentum,inv_vol,True,1.0,0.0,2000-01-03,2026-07-17,6662,2835,0.8516961873311318,1.998198739117382,8.273603396317686,0.08755557001514602,-0.6605501736983523,0.25797281587856685,0.45473791741677116,374.94528503272613,2018-07-02,4.873969224796416,0.10046681081917908,-0.6605501736983523,0.4969088491929381,2018-07-03,0.547999813681783,0.055864650380462955,-0.46667069652103543,0.34390554364678383,1085,0.9644644644644644
top2_momentum_lb252_skip0_trend200_vol21_equal_weekly_abs_cap1_adjusted,adjusted,252,0,2,200,21,weekly,momentum,equal,True,1.0,0.0,2000-01-03,2026-07-17,6662,2104,0.8516961873311318,1.5282197538276794,9.573917427958577,0.09294691380917786,-0.6639528641294837,0.27963571723990244,0.458253335601097,308.7849041996063,2018-07-02,5.7592279932537105,0.10885156660462525,-0.6639528641294837,0.5075054582339104,2018-07-03,0.5268240994736482,0.05405695574315694,-0.48637471410349664,0.33077534967712574,683,0.9644644644644644
top2_momentum_lb252_skip0_trend200_vol63_equal_weekly_abs_cap1_adjusted,adjusted,252,0,2,200,63,weekly,momentum,equal,True,1.0,0.0,2000-01-03,2026-07-17,6662,2110,0.8516961873311318,1.5312218552987091,9.375732901656466,0.09216787879436095,-0.6639286587082783,0.2796282523830382,0.4557137343856103,308.76045745287445,2018-07-02,5.632941576861103,0.10772134025677049,-0.6639286587082783,0.5039055323429475,2018-07-03,0.5268240994736482,0.05405695574315694,-0.48637471410349664,0.33077534967712574,683,0.9644644644644644
top2_momentum_lb252_skip0_trend200_vol63_inv_vol_monthly_abs_cap1_adjusted,adjusted,252,0,2,200,63,monthly,momentum,inv_vol,True,1.0,0.0,2000-01-03,2026-07-17,6662,562,0.8608525968177725,1.5436805764034824,22.7619923683525,0.12681115105883145,-0.5895230537122214,0.28126903423132765,0.5654131598884901,139.2494572978218,2018-07-02,13.313963902047341,0.15476380294155856,-0.5895230537122214,0.648169641896527,2018-07-03,0.5170322280260868,0.05321362582789013,-0.47892917459533146,0.32740889787042743,201,0.9584584584584585
top3_momentum_lb252_skip0_trend200_vol21_equal_weekly_abs_cap1_adjusted,adjusted,252,0,3,200,21,weekly,momentum,equal,True,1.0,0.0,2000-01-03,2026-07-17,6662,2762,0.8516961873311318,1.998198739117382,7.809009904201204,0.08545108781345534,-0.6736366160984416,0.26267381984927446,0.44401170209039925,314.05595188147635,2018-07-02,4.738481538770831,0.09907911750355192,-0.6736366160984416,0.48786626765811125,2018-07-03,0.5081905272690694,0.05244802493310763,-0.4662500107824663,0.32976783284613115,959,0.9644644644644644
top3_momentum_lb252_skip0_trend200_vol63_equal_weekly_abs_cap1_adjusted,adjusted,252,0,3,200,63,weekly,momentum,equal,True,1.0,0.0,2000-01-03,2026-07-17,6662,2763,0.8516961873311318,2.004202942059442,7.446238841700735,0.08373219661242359,-0.6735905854055548,0.26226717893051404,0.43825363998079064,311.61281239328446,2018-07-02,4.503278589147727,0.09659481565244521,-0.6735905854055548,0.47983704022526447,2018-07-03,0.5081905272690694,0.05244802493310763,-0.4662500107824663,0.32976783284613115,959,0.9644644644644644
top1_risk_adjusted_lb21_skip0_trend200_vol21_equal_weekly_abs_cap1_adjusted,adjusted,21,0,1,200,21,weekly,risk_adjusted,equal,True,1.0,0.0,2000-01-03,2026-07-17,6662,862,0.8026118282797958,0.8026118282797958,2.2494036683295127,0.04541250266610608,-0.8513689423953086,0.3246121767743122,0.29857656805254984,852.4793439751531,2018-07-02,1.1655169884165248,0.04266349988929674,-0.8513689423953086,0.2906486582590997,2018-07-03,0.4997942624488809,0.05171734758286273,-0.6809074991664662,0.3174491261157562,315,0.9084084084084084
top2_momentum_lb252_skip0_trend200_vol21_equal_monthly_abs_cap1_adjusted,adjusted,252,0,2,200,21,monthly,momentum,equal,True,1.0,0.0,2000-01-03,2026-07-17,6662,563,0.8608525968177725,1.5436805764034824,20.067001255941335,0.12171085277835036,-0.603635885412127,0.28606187352975393,0.5447958291445718,129.80327670921216,2018-07-02,12.03830846496212,0.14895016939269756,-0.603635885412127,0.6251513437653656,2018-07-03,0.472451018956878,0.0493127417761372,-0.48783158416652306,0.3129160640026852,196,0.9584584584584585
top2_momentum_lb252_skip0_trend200_vol63_equal_monthly_abs_cap1_adjusted,adjusted,252,0,2,200,63,monthly,momentum,equal,True,1.0,0.0,2000-01-03,2026-07-17,6662,563,0.8608525968177725,1.5436805764034824,20.067001255941335,0.12171085277835036,-0.603635885412127,0.28606187352975393,0.5447958291445718,129.80327670921216,2018-07-02,12.03830846496212,0.14895016939269756,-0.603635885412127,0.6251513437653656,2018-07-03,0.472451018956878,0.0493127417761372,-0.48783158416652306,0.3129160640026852,196,0.9584584584584585
top2_momentum_lb252_skip0_trend200_vol21_inv_vol_weekly_abs_cap1_adjusted,adjusted,252,0,2,200,21,weekly,momentum,inv_vol,True,1.0,0.0,2000-01-03,2026-07-17,6662,2170,0.8516961873311318,1.5282197538276794,10.660274042076399,0.0969824705812612,-0.6471481118074698,0.2744653369977079,0.4749501431132247,365.7812129801393,2018-07-02,6.786090611161463,0.11736377215230864,-0.6471481118074698,0.5400324757939797,2018-07-03,0.46921248978317953,0.049025356421391386,-0.4844791136747475,0.3137236774880231,791,0.9644644644644644
top1_risk_adjusted_lb252_skip0_trend200_vol21_equal_monthly_abs_cap1_adjusted,adjusted,252,0,1,200,21,monthly,risk_adjusted,equal,True,1.0,0.0,2000-01-03,2026-07-17,6662,178,0.8608525968177725,0.8608525968177725,7.782045961717186,0.08532569177672511,-0.6702528151213578,0.332639846854647,0.412299406336414,170.63427766670378,2018-07-02,4.462902036857759,0.09615826926765703,-0.6702528151213578,0.44473122390931086,2018-07-03,0.4664426192922695,0.04877911917860156,-0.5519657183680862,0.3119274710127675,69,0.9584584584584585
top1_momentum_lb252_skip0_trend0_vol63_equal_weekly_abs_cap1_adjusted,adjusted,252,0,1,0,63,weekly,momentum,equal,True,1.0,0.0,2000-01-03,2026-07-17,6662,300,0.8904232963074152,0.8904232963074152,1.2656660309672003,0.03130188855780647,-0.7760796862461341,0.34469963478915977,0.26253010127601223,284.734489892739,2018-07-02,0.4864609310969137,0.021665014711973907,-0.7760796862461341,0.23179236831382968,2018-07-03,0.4653822077703935,0.048684742411025494,-0.6108949557468779,0.31516026131303576,102,0.9954954954954955
top1_momentum_lb252_skip0_trend0_vol21_equal_weekly_abs_cap1_adjusted,adjusted,252,0,1,0,21,weekly,momentum,equal,True,1.0,0.0,2000-01-03,2026-07-17,6662,311,0.8904232963074152,0.8904232963074152,1.145797839991873,0.02919143393164414,-0.7761233364092848,0.3447290975380528,0.2565927693051023,294.70004093639506,2018-07-02,0.40626379461385564,0.018605761583664115,-0.7761233364092848,0.22290916399843755,2018-07-03,0.4653822077703935,0.048684742411025494,-0.6108949557468779,0.31516026131303576,102,0.9954954954954955
top3_momentum_lb252_skip0_trend200_vol21_equal_monthly_abs_cap1_adjusted,adjusted,252,0,3,200,21,monthly,momentum,equal,True,1.0,0.0,2000-01-03,2026-07-17,6662,724,0.8608525968177725,2.0096067247072953,19.12972434130917,0.11978866622782114,-0.617546892276589,0.26872413626439795,0.5556800083226147,128.84216706536372,2018-07-02,11.789499778320199,0.14775381106931662,-0.617546892276589,0.6406223405348087,2018-07-03,0.441935129271231,0.046582517539839774,-0.5185628228702928,0.3066107548165544,266,0.9584584584584585
top3_momentum_lb252_skip0_trend200_vol63_equal_monthly_abs_cap1_adjusted,adjusted,252,0,3,200,63,monthly,momentum,equal,True,1.0,0.0,2000-01-03,2026-07-17,6662,725,0.8608525968177725,2.0127589312518763,18.67676276422698,0.11882864042412367,-0.6175275988362565,0.26867839179928843,0.552538041141981,128.79982533705825,2018-07-02,11.505210250582467,0.14635959801334786,-0.6175275988362565,0.6362623269857525,2018-07-03,0.441935129271231,0.046582517539839774,-0.5185628228702928,0.3066107548165544,266,0.9584584584584585
top2_voltarget_lb252_trend200_vol63_target0.3_monthly_adjusted,adjusted,252,0,2,200,63,monthly,momentum,inv_vol,True,1.0,0.3,2000-01-03,2026-07-17,6662,579,0.8608525968177725,1.5436805764034824,21.04867814591942,0.12363779589780544,-0.5128345045012593,0.2635996581253784,0.5743825231543344,130.50854335770433,2018-07-02,13.033796257568342,0.15353021724101135,-0.5128345045012593,0.6775294540141936,2018-07-03,0.4387110271511734,0.04629111305459488,-0.479258738962423,0.30384944104090283,207,0.9584584584584585
top2_momentum_lb252_skip0_trend200_vol63_inv_vol_weekly_abs_cap1_adjusted,adjusted,252,0,2,200,63,weekly,momentum,inv_vol,True,1.0,0.0,2000-01-03,2026-07-17,6662,2163,0.8516961873311318,1.5312218552987091,8.766780179076532,0.08968129188077256,-0.6474318844171116,0.2741997879856796,0.4509554236466478,328.650198073071,2018-07-02,5.6536529394455775,0.10790808884934444,-0.6474318844171116,0.5094221379187415,2018-07-03,0.4343145002107882,0.045892818266674684,-0.49398567357917145,0.30284702981447564,713,0.9644644644644644
top3_momentum_lb126_skip0_trend200_vol63_inv_vol_weekly_abs_cap1_adjusted,adjusted,126,0,3,200,63,weekly,momentum,inv_vol,True,1.0,0.0,2000-01-03,2026-07-17,6662,3044,0.9024317021915341,2.1394476133293305,9.263451461460042,0.09172013775109478,-0.748017044105576,0.27444877440863996,0.45733478791562915,382.1069431405365,2018-07-02,6.110825266248258,0.11189612450828346,-0.748017044105576,0.5174706505909619,2018-07-03,0.42102812660989364,0.04468263446011145,-0.46400584500262954,0.2999821961131698,1038,0.9769769769769769
top3_momentum_lb126_skip0_trend200_vol21_inv_vol_monthly_abs_cap1_adjusted,adjusted,126,0,3,200,21,monthly,momentum,inv_vol,True,1.0,0.0,2000-01-03,2026-07-17,6662,790,0.8953767637346143,2.1418492945061542,23.022495899312087,0.12727425465930864,-0.578210598962581,0.275383466802781,0.5726823239052186,165.69632781397596,2018-07-02,14.72415924136247,0.16064570242259557,-0.5157786255401167,0.6721671121962624,2018-07-03,0.4029337299962643,0.04301848002415465,-0.5774589347463073,0.29261497293919025,277,0.96996996996997
top2_momentum_lb126_skip0_trend200_vol21_equal_weekly_abs_cap1_adjusted,adjusted,126,0,2,200,21,weekly,momentum,equal,True,1.0,0.0,2000-01-03,2026-07-17,6662,2306,0.9024317021915341,1.6151305914139897,11.255028252975826,0.09904103700571532,-0.757479758291977,0.29552474390502215,0.4676779790422551,375.4759245993075,2018-07-02,7.612403910631803,0.12347436044475502,-0.757479758291977,0.5365224977393053,2018-07-03,0.3951367140201012,0.04229558284159651,-0.4936126052740498,0.289378764965959,703,0.9769769769769769
top2_momentum_lb126_skip0_trend200_vol63_equal_weekly_abs_cap1_adjusted,adjusted,126,0,2,200,63,weekly,momentum,equal,True,1.0,0.0,2000-01-03,2026-07-17,6662,2312,0.9024317021915341,1.6181326928850195,8.475885086393681,0.0884403165402452,-0.7574639125864205,0.2948848369313369,0.4351907739529142,377.2824727414948,2018-07-02,5.661974067559102,0.10798296334647506,-0.7574639125864205,0.49109016463307636,2018-07-03,0.3951367140201012,0.04229558284159651,-0.4936126052740498,0.289378764965959,703,0.9769769769769769
top3_momentum_lb126_skip0_trend200_vol63_inv_vol_monthly_abs_cap1_adjusted,adjusted,126,0,3,200,63,monthly,momentum,inv_vol,True,1.0,0.0,2000-01-03,2026-07-17,6662,782,0.8953767637346143,2.148303812668868,21.72354601860302,0.12491518402806179,-0.5757360617834553,0.2743108315595147,0.5663688805716836,146.34016527279505,2018-07-02,14.228039458752711,0.15863545090869557,-0.5143775678434436,0.668252800450119,2018-07-03,0.37583924480226427,0.04049109701014153,-0.5756293966529291,0.2833941145873268,270,0.96996996996997
top2_voltarget_lb252_trend200_vol63_target0.2_monthly_adjusted,adjusted,252,0,2,200,63,monthly,momentum,inv_vol,True,1.0,0.2,2000-01-03,2026-07-17,6662,589,0.8608525968177725,1.5436805764034824,12.495727151877828,0.1030425382815574,-0.43557255067287093,0.21421757666469454,0.5651319006998831,108.52333267371151,2018-07-02,8.345774153679297,0.12844967464893142,-0.42479315689793185,0.6884941131210575,2018-07-03,0.3365303815735816,0.03674575276480896,-0.43525467771618953,0.2724556642057727,212,0.9584584584584585
top3_momentum_lb126_skip0_trend200_vol21_inv_vol_weekly_abs_cap1_adjusted,adjusted,126,0,3,200,21,weekly,momentum,inv_vol,True,1.0,0.0,2000-01-03,2026-07-17,6662,3080,0.9024317021915341,2.129690783548484,9.320444914309508,0.09194799452569447,-0.755194083453774,0.27479500334642215,0.45783140540965184,430.1580478287741,2018-07-02,6.668338244013718,0.1164434589963037,-0.755194083453774,0.5317103856414969,2018-07-03,0.32904685187464766,0.03602181519171155,-0.46674703457411415,0.26757019444229807,1102,0.9769769769769769
top1_risk_adjusted_lb252_skip0_trend200_vol63_equal_weekly_abs_cap1_adjusted,adjusted,252,0,1,200,63,weekly,risk_adjusted,equal,True,1.0,0.0,2000-01-03,2026-07-17,6662,376,0.8516961873311318,0.8516961873311318,0.5279990403524937,0.016105520583599597,-0.7104606664982804,0.3149304407286255,0.20906254284590442,363.96806521875436,2018-07-02,0.16848608476303606,0.008454891015083454,-0.6980240382884881,0.1825187569829413,2018-07-03,0.25408731383642347,0.0285664721300658,-0.5178314838819722,0.2513098445519485,132,0.9644644644644644
top1_risk_adjusted_lb21_skip0_trend200_vol63_equal_weekly_abs_cap1_adjusted,adjusted,21,0,1,200,63,weekly,risk_adjusted,equal,True,1.0,0.0,2000-01-03,2026-07-17,6662,834,0.8026118282797958,0.8026118282797958,2.087005179743191,0.043394559544924105,-0.8623763680366604,0.32477025079496274,0.29308502273714643,826.6007559755074,2018-07-02,1.5049111135319522,0.05090418816212905,-0.8623763680366604,0.3154414476374665,2018-07-03,0.23276883672410142,0.026374931116154077,-0.6868507844830508,0.24151292738872518,306,0.9084084084084084
top1_voltarget_lb126_trend200_vol63_target0.2_monthly_adjusted,adjusted,126,0,1,200,63,monthly,momentum,inv_vol,True,1.0,0.2,2000-01-03,2026-07-17,6662,364,0.8953767637346143,0.8953767637346143,7.579667032135921,0.08437252583325305,-0.40387186361794625,0.1972275891299315,0.5094231709096834,115.8170634097846,2018-07-02,5.7666167454687995,0.10891707362671621,-0.40387186361794625,0.6270233469610158,2018-07-03,0.19547604774742489,0.02246015277482072,-0.36191028349984655,0.2114496401679161,118,0.96996996996997
top1_momentum_lb252_skip0_trend0_vol21_equal_monthly_abs_cap1_adjusted,adjusted,252,0,1,0,21,monthly,momentum,equal,True,1.0,0.0,2000-01-03,2026-07-17,6662,167,0.8893725607925548,0.8893725607925548,2.8839394737561417,0.05246377526139989,-0.6735207461399393,0.3520862186937759,0.32135880010529233,156.9854006884369,2018-07-02,1.9845186476728416,0.06090612282583696,-0.6735207461399393,0.34347804372599144,2018-07-03,0.18486666027603205,0.021326908660393995,-0.6013467634787294,0.2448787771767779,72,0.98998998998999
top1_momentum_lb252_skip0_trend0_vol63_equal_monthly_abs_cap1_adjusted,adjusted,252,0,1,0,63,monthly,momentum,equal,True,1.0,0.0,2000-01-03,2026-07-17,6662,167,0.8893725607925548,0.8893725607925548,2.8839394737561417,0.05246377526139989,-0.6735207461399393,0.3520862186937759,0.32135880010529233,156.9854006884369,2018-07-02,1.9845186476728416,0.06090612282583696,-0.6735207461399393,0.34347804372599144,2018-07-03,0.18486666027603205,0.021326908660393995,-0.6013467634787294,0.2448787771767779,72,0.98998998998999
top1_risk_adjusted_lb252_skip0_trend200_vol21_equal_weekly_abs_cap1_adjusted,adjusted,252,0,1,200,21,weekly,risk_adjusted,equal,True,1.0,0.0,2000-01-03,2026-07-17,6662,419,0.8516961873311318,0.8516961873311318,2.3270445230819052,0.04634319649572993,-0.6434545072581781,0.3175337433330494,0.30187295900702915,404.0279547905067,2018-07-02,1.7331782218226404,0.05587157475751248,-0.6434545072581781,0.3299573654636343,2018-07-03,0.1682248253634,0.019531280003997065,-0.508453906492615,0.22585856341029817,161,0.9644644644644644
top3_momentum_lb63_skip0_trend200_vol21_inv_vol_monthly_abs_cap1_adjusted,adjusted,63,0,3,200,21,monthly,momentum,inv_vol,True,1.0,0.0,2000-01-03,2026-07-17,6662,797,0.8679075352746923,1.9666766736715702,28.472636640549194,0.13599419701819704,-0.6151664710497908,0.27847227036481503,0.5968005497966035,216.62851525523712,2018-07-02,22.22244314800429,0.18537588110297265,-0.6151664710497908,0.7385982231125139,2018-07-03,0.1569619022523212,0.018303276166667715,-0.5780934792194987,0.20149222169951583,296,0.9384384384384384
top3_momentum_lb126_skip0_trend200_vol21_equal_weekly_abs_cap1_adjusted,adjusted,126,0,3,200,21,weekly,momentum,equal,True,1.0,0.0,2000-01-03,2026-07-17,6662,3008,0.9024317021915341,2.129690783548484,7.869246410295126,0.08572988916183677,-0.7695686446388424,0.27960624279711543,0.43434598961996773,372.2745279240992,2018-07-02,6.606437344376116,0.11595428772909089,-0.7695686446388424,0.5266472533947445,2018-07-03,0.1443016825272505,0.016910365161025176,-0.4637711297145308,0.1969270992267312,941,0.9769769769769769
top3_momentum_lb126_skip0_trend200_vol63_equal_weekly_abs_cap1_adjusted,adjusted,126,0,3,200,63,weekly,momentum,equal,True,1.0,0.0,2000-01-03,2026-07-17,6662,3019,0.9024317021915341,2.1394476133293305,7.8112542966301,0.08546150872091096,-0.769512708904331,0.27867221393378594,0.43397584709321074,370.10966775603214,2018-07-02,6.560632248986052,0.11558988318179475,-0.769512708904331,0.5266082867922977,2018-07-03,0.1443016825272505,0.016910365161025176,-0.4637711297145308,0.1969270992267312,941,0.9769769769769769
top2_voltarget_lb126_trend200_vol63_target0.2_monthly_adjusted,adjusted,126,0,2,200,63,monthly,momentum,inv_vol,True,1.0,0.2,2000-01-03,2026-07-17,6662,631,0.8953767637346143,1.6151305914139897,12.911618121255911,0.10430492765680532,-0.46462573250299644,0.21443806249393155,0.5700897332524905,121.9099439210587,2018-07-02,10.440728148857017,0.14085830981896796,-0.4062710308307719,0.723150827144299,2018-07-03,0.12273559826593883,0.014506230977820112,-0.4638960077997496,0.17490309467583492,214,0.96996996996997
top3_momentum_lb126_skip0_trend200_vol63_equal_monthly_abs_cap1_adjusted,adjusted,126,0,3,200,63,monthly,momentum,equal,True,1.0,0.0,2000-01-03,2026-07-17,6662,780,0.8953767637346143,2.148303812668868,19.993494041332443,0.12156310697303518,-0.5789541499868773,0.2777117647072043,0.552044992604354,138.68866087386314,2018-07-02,16.421587849483764,0.1670969322479534,-0.523137360005559,0.6901066797970896,2018-07-03,0.11220955941256094,0.013318096053707817,-0.5767070795064362,0.1847513028344974,245,0.96996996996997
top3_momentum_lb126_skip0_trend200_vol21_equal_monthly_abs_cap1_adjusted,adjusted,126,0,3,200,21,monthly,momentum,equal,True,1.0,0.0,2000-01-03,2026-07-17,6662,781,0.8953767637346143,2.1418492945061542,18.608402157328747,0.11868191016729579,-0.5789521056086209,0.2779400653143866,0.5425724933486068,140.2757966430835,2018-07-02,15.270040374436363,0.16278940374969575,-0.5230356063405079,0.676496973850893,2018-07-03,0.11220955941256094,0.013318096053707817,-0.5767070795064362,0.1847513028344974,245,0.96996996996997
top2_momentum_lb126_skip0_trend200_vol21_inv_vol_monthly_abs_cap1_adjusted,adjusted,126,0,2,200,21,monthly,momentum,inv_vol,True,1.0,0.0,2000-01-03,2026-07-17,6662,611,0.8953767637346143,1.6151305914139897,30.838106579630832,0.13930407001172163,-0.6063232037943225,0.29235245451426506,0.5921865181876634,173.48200207486371,2018-07-02,26.756459605618357,0.19686239837844477,-0.552514660374034,0.7503265074440136,2018-07-03,0.04811261428105862,0.005862991046701627,-0.6057586365096193,0.1603874729827041,213,0.96996996996997
top3_momentum_lb63_skip0_trend200_vol63_inv_vol_monthly_abs_cap1_adjusted,adjusted,63,0,3,200,63,monthly,momentum,inv_vol,True,1.0,0.0,2000-01-03,2026-07-17,6662,794,0.8710597418192735,1.9795857099969978,25.059299780947356,0.13073692784216928,-0.6113461979975807,0.27713553438516075,0.5816838094226582,204.90337453753125,2018-07-02,21.87935064382265,0.1844222561084783,-0.6113461979975807,0.7394573559670287,2018-07-03,0.036576218928891846,0.00447898696757143,-0.5753637967973844,0.14961917158717142,290,0.9384384384384384
top1_risk_adjusted_lb126_skip0_trend200_vol21_equal_monthly_abs_cap1_adjusted,adjusted,126,0,1,200,21,monthly,risk_adjusted,equal,True,1.0,0.0,2000-01-03,2026-07-17,6662,221,0.8953767637346143,0.8953767637346143,25.667038048301013,0.1317197281160769,-0.6291664433114343,0.33889753585250953,0.5341586821201713,208.8098248992417,2018-07-02,22.540313056517693,0.18624758019792398,-0.5599219708217708,0.6645625531798717,2018-07-03,0.03330749656591303,0.004084391442950253,-0.626146223720968,0.17267692193144446,81,0.96996996996997
top1_risk_adjusted_lb126_skip21_trend200_vol63_equal_monthly_abs_cap1_adjusted,adjusted,126,21,1,200,63,monthly,risk_adjusted,equal,True,1.0,0.0,2000-01-03,2026-07-17,6662,174,0.8803662563794656,0.8803662563794656,12.649378556533508,0.10351323520290134,-0.5990657229523332,0.33237141740264203,0.4625255626096275,166.59340049234325,2018-07-02,11.161373077133936,0.1446327250727346,-0.5716727864870252,0.5680237013508123,2018-07-03,0.021101006121402976,0.0026011135286880815,-0.5984870732562936,0.16755760914355192,76,0.96996996996997
top2_momentum_lb126_skip0_trend200_vol63_inv_vol_monthly_abs_cap1_adjusted,adjusted,126,0,2,200,63,monthly,momentum,inv_vol,True,1.0,0.0,2000-01-03,2026-07-17,6662,609,0.8953767637346143,1.6151305914139897,24.056318203714348,0.12906567433887273,-0.60564287594489,0.2917322501464196,0.5620720753554127,155.64972508376516,2018-07-02,21.484524529447743,0.18330795196914162,-0.5527132677124097,0.7132615504999384,2018-07-03,0.020534307755876835,0.002531874469624995,-0.6056031436689475,0.14800756399031126,204,0.96996996996997
top1_momentum_lb252_skip21_trend0_vol21_equal_monthly_abs_cap1_adjusted,adjusted,252,21,1,0,21,monthly,momentum,equal,True,1.0,0.0,2000-01-03,2026-07-17,6662,156,0.8832182527769439,0.8832182527769439,0.8018277455524643,0.02243742700602347,-0.6944086807970709,0.3465541037963277,0.237780086716881,144.5078708029142,2018-07-02,0.6246359426047583,0.02658710102571038,-0.6920495911061104,0.24575712261338128,2018-07-03,0.008358911605139685,0.001036095935478265,-0.6944673728033335,0.19007724209252744,66,0.98998998998999
top1_momentum_lb252_skip21_trend0_vol63_equal_monthly_abs_cap1_adjusted,adjusted,252,21,1,0,63,monthly,momentum,equal,True,1.0,0.0,2000-01-03,2026-07-17,6662,152,0.8832182527769439,0.8832182527769439,0.12753260757804208,0.004533727906241847,-0.6941137612992937,0.3461377775154665,0.18679489413290468,144.44926108980843,2018-07-02,0.016269650477310105,0.0008730184212457637,-0.6916654409334495,0.1698177988462072,2018-07-03,0.008358911605139685,0.001036095935478265,-0.6944673728033335,0.19007724209252744,66,0.98998998998999
top1_risk_adjusted_lb252_skip0_trend0_vol63_equal_weekly_abs_cap1_adjusted,adjusted,252,0,1,0,63,weekly,risk_adjusted,equal,True,1.0,0.0,2000-01-03,2026-07-17,6662,338,0.8904232963074152,0.8904232963074152,-0.3087137954582251,-0.013817271812261556,-0.8344778602926324,0.3266696317360247,0.12167250999958902,325.85459147481225,2018-07-02,-0.3353137310135945,-0.02184270633917773,-0.7722871086145183,0.08811049123992326,2018-07-03,0.0010785281636869204,0.0001341098539138219,-0.628918526502547,0.1781147491933042,122,0.9954954954954955
top2_momentum_lb63_skip0_trend200_vol21_inv_vol_monthly_abs_cap1_adjusted,adjusted,63,0,2,200,21,monthly,momentum,inv_vol,True,1.0,0.0,2000-01-03,2026-07-17,6662,648,0.8679075352746923,1.5123086160312218,36.6001284378528,0.14646854638206763,-0.5785281123308581,0.2952622946157541,0.6102376353015164,231.78275242435492,2018-07-02,33.45263365929345,0.21093057161927242,-0.5785281123308581,0.7904213028897654,2018-07-03,-0.0010514131983702102,-0.0001308602036551587,-0.5722269717317956,0.14449899630859184,231,0.9384384384384384
top1_risk_adjusted_lb126_skip21_trend0_vol63_equal_monthly_abs_cap1_adjusted,adjusted,126,21,1,0,63,monthly,risk_adjusted,equal,True,1.0,0.0,2000-01-03,2026-07-17,6662,180,0.9159411588111678,0.9159411588111678,5.465796640583037,0.07287438212350139,-0.7516494356586225,0.35681278105173575,0.3776553835342036,172.55142132543224,2018-07-02,4.936894890987353,0.10110104142026444,-0.7516494356586225,0.44796393851981114,2018-07-03,-0.008392334428001802,-0.0010478957648485387,-0.5985263100494888,0.16043215033909333,77,0.97997997997998
top1_risk_adjusted_lb126_skip0_trend0_vol21_equal_monthly_abs_cap1_adjusted,adjusted,126,0,1,0,21,monthly,risk_adjusted,equal,True,1.0,0.0,2000-01-03,2026-07-17,6662,219,0.9147403182227559,0.9147403182227559,31.642802404534436,0.14037626527509994,-0.6469973218694367,0.34300108718585165,0.5539844939273728,206.81138889868848,2018-07-02,29.26804553798976,0.2024814706505389,-0.5599436637635944,0.6993550243590698,2018-07-03,-0.021044502731896286,-0.002642461963662579,-0.6439891590972197,0.15322771012872038,81,0.96996996996997
top1_voltarget_lb252_trend200_vol63_target0.2_monthly_adjusted,adjusted,252,0,1,200,63,monthly,momentum,inv_vol,True,1.0,0.2,2000-01-03,2026-07-17,6662,348,0.8608525968177725,0.8608525968177725,1.7071247343700402,0.0382438936574816,-0.4164906975410728,0.19495503067597902,0.2900577852002102,110.72235245260285,2018-07-02,1.6676468856997477,0.054486952604891004,-0.4164906975410728,0.3767464483001734,2018-07-03,-0.041519184028850575,-0.0052615498218127055,-0.40477100218619366,0.08066894813198754,119,0.9584584584584585
top1_risk_adjusted_lb63_skip0_trend0_vol21_equal_monthly_abs_cap1_adjusted,adjusted,63,0,1,0,21,monthly,risk_adjusted,equal,True,1.0,0.0,2000-01-03,2026-07-17,6662,276,0.9156409486640649,0.9156409486640649,37.78277860145605,0.14780735109819654,-0.7050004233460809,0.35408321409297683,0.5656869686373238,268.4044615910589,2018-07-02,35.89561762362056,0.21542449662678465,-0.5704980135936367,0.715177990124751,2018-07-03,-0.0438275944610359,-0.005559903261264432,-0.7018000023652683,0.14563538066929665,99,0.95995995995996
top3_momentum_lb63_skip0_trend200_vol63_inv_vol_weekly_abs_cap1_adjusted,adjusted,63,0,3,200,63,weekly,momentum,inv_vol,True,1.0,0.0,2000-01-03,2026-07-17,6662,2962,0.8710597418192735,1.9966976883818672,12.929164715663093,0.10435738636504333,-0.5846668797251398,0.27151344108454917,0.5017056857076079,481.5897544858847,2018-07-02,13.318871080475475,0.15478520519767947,-0.5846668797251398,0.6446730475313114,2018-07-03,-0.04641753673229143,-0.005895395325410835,-0.5397781235456265,0.08937544254178376,1047,0.9479479479479479
top2_voltarget_lb126_trend200_vol63_target0.3_monthly_adjusted,adjusted,126,0,2,200,63,monthly,momentum,inv_vol,True,1.0,0.3,2000-01-03,2026-07-17,6662,623,0.8953767637346143,1.6151305914139897,21.082005166343013,0.12370175486352442,-0.6056212275714401,0.27127623553550484,0.5658231284154579,146.68369686258492,2018-07-02,20.419514989729613,0.1802072698171453,-0.5159530035958619,0.7454370441357449,2018-07-03,-0.05615190802364811,-0.007163528692693211,-0.6052837447424843,0.10903823703290112,206,0.96996996996997
top1_momentum_lb252_skip21_trend200_vol21_equal_monthly_abs_cap1_adjusted,adjusted,252,21,1,200,21,monthly,momentum,equal,True,1.0,0.0,2000-01-03,2026-07-17,6662,164,0.8269288501951366,0.8269288501951366,2.4946301677769465,0.04828281530993572,-0.6409015543567614,0.3289088815664168,0.3082036613093365,154.591772903086,2018-07-02,2.3795583763914903,0.06806090218782046,-0.6121096096978101,0.3667669156516675,2018-07-03,-0.056180008958594096,-0.00716720605333776,-0.6401807307682283,0.16069372855837605,75,0.948948948948949
top1_momentum_lb252_skip21_trend200_vol63_equal_monthly_abs_cap1_adjusted,adjusted,252,21,1,200,63,monthly,momentum,equal,True,1.0,0.0,2000-01-03,2026-07-17,6662,162,0.8269288501951366,0.8269288501951366,2.029797755831447,0.04265929625507647,-0.6406536148676762,0.3289719375064495,0.29188688030195115,154.57105978966325,2018-07-02,1.9289148859189509,0.05982785094052212,-0.6120445912652476,0.3421347258221871,2018-07-03,-0.056180008958594096,-0.00716720605333776,-0.6401807307682283,0.16069372855837605,75,0.948948948948949
top3_momentum_lb63_skip0_trend200_vol21_inv_vol_weekly_abs_cap1_adjusted,adjusted,63,0,3,200,21,weekly,momentum,inv_vol,True,1.0,0.0,2000-01-03,2026-07-17,6662,2991,0.8658060642449715,1.9816871810267187,20.670527402007323,0.12290548563201997,-0.5931953662862061,0.26858793465848596,0.5653199893327604,524.6664375175995,2018-07-02,21.730630253550007,0.18400467867236125,-0.5931953662862061,0.7367713477560777,2018-07-03,-0.056566228374141825,-0.007217757435527994,-0.535838777117447,0.0838266130427714,1089,0.9479479479479479
top1_voltarget_lb126_trend200_vol63_target0.3_monthly_adjusted,adjusted,126,0,1,200,63,monthly,momentum,inv_vol,True,1.0,0.3,2000-01-03,2026-07-17,6662,323,0.8953767637346143,0.8953767637346143,13.361079433256862,0.10562901830379978,-0.5116389965235321,0.2785525728260977,0.49982075559439937,155.7530300013817,2018-07-02,12.952688385995108,0.15316874774081524,-0.507292792069345,0.6527844203154795,2018-07-03,-0.05688365292535924,-0.007259317982066804,-0.5117014221298918,0.11519110721976875,105,0.96996996996997
top2_momentum_lb63_skip0_trend200_vol63_inv_vol_monthly_abs_cap1_adjusted,adjusted,63,0,2,200,63,monthly,momentum,inv_vol,True,1.0,0.0,2000-01-03,2026-07-17,6662,639,0.8710597418192735,1.5187631341939358,31.009013561049684,0.13953395457167916,-0.5862885378394986,0.2943568981681139,0.5906463795979424,221.61082882146178,2018-07-02,30.325024268287706,0.20471531740769056,-0.5862885378394986,0.7759007251419944,2018-07-03,-0.06493010948244227,-0.008316956397933062,-0.567466010373685,0.11618357454514676,227,0.9384384384384384
top1_risk_adjusted_lb252_skip0_trend0_vol63_equal_monthly_abs_cap1_adjusted,adjusted,252,0,1,0,63,monthly,risk_adjusted,equal,True,1.0,0.0,2000-01-03,2026-07-17,6662,162,0.8893725607925548,0.8893725607925548,1.530251700181398,0.03560351383712601,-0.7301209696087402,0.33944033531247986,0.27370745863725743,152.64294582128844,2018-07-02,1.507705438510623,0.05096754355007249,-0.6547436685912478,0.3155886623594333,2018-07-03,-0.08111988893740618,-0.010469338048662236,-0.6593424379954382,0.15831767662715496,69,0.98998998998999
top3_momentum_lb63_skip0_trend200_vol63_equal_monthly_abs_cap1_adjusted,adjusted,63,0,3,200,63,monthly,momentum,equal,True,1.0,0.0,2000-01-03,2026-07-17,6662,791,0.8710597418192735,1.9795857099969978,21.58905763360327,0.12466356408822055,-0.625574315353086,0.28171244533185424,0.5576585807615175,198.52615059708776,2018-07-02,21.673696456537456,0.18384413544979283,-0.625574315353086,0.7310462437959022,2018-07-03,-0.0906106970589392,-0.011746599739298147,-0.576653809154676,0.09141962908889595,288,0.9384384384384384
top3_momentum_lb63_skip0_trend200_vol21_equal_monthly_abs_cap1_adjusted,adjusted,63,0,3,200,21,monthly,momentum,equal,True,1.0,0.0,2000-01-03,2026-07-17,6662,790,0.8679075352746923,1.9666766736715702,20.539339242037023,0.12264855648339457,-0.6255838784763929,0.28062117012267807,0.5524691880723296,200.27245827223473,2018-07-02,20.62025468213429,0.1808026976719046,-0.6255838784763929,0.7246039941569585,2018-07-03,-0.0906106970589392,-0.011746599739298147,-0.576653809154676,0.09141962908889595,288,0.9384384384384384
top2_momentum_lb126_skip0_trend200_vol21_equal_monthly_abs_cap1_adjusted,adjusted,126,0,2,200,21,monthly,momentum,equal,True,1.0,0.0,2000-01-03,2026-07-17,6662,610,0.8953767637346143,1.6151305914139897,30.032211889659212,0.13820381565551032,-0.6060044108145028,0.29546414844936647,0.5859344755363707,147.8442151868427,2018-07-02,30.26650175077701,0.20459351245991186,-0.5568653634506325,0.7685671650178819,2018-07-03,-0.09236302875254898,-0.011983701962584137,-0.6053305348822651,0.09881788025163307,198,0.96996996996997
top2_momentum_lb126_skip0_trend200_vol63_equal_monthly_abs_cap1_adjusted,adjusted,126,0,2,200,63,monthly,momentum,equal,True,1.0,0.0,2000-01-03,2026-07-17,6662,606,0.8953767637346143,1.6151305914139897,26.715768540130068,0.13336606049762967,-0.6060005068378771,0.29570667548942514,0.5712768142206771,146.9669148943057,2018-07-02,26.925767194794656,0.19725601339909238,-0.5568520049360309,0.7477274740546398,2018-07-03,-0.09236302875254898,-0.011983701962584137,-0.6053305348822651,0.09881788025163307,198,0.96996996996997
top1_momentum_lb126_skip21_trend0_vol21_equal_monthly_abs_cap1_adjusted,adjusted,126,21,1,0,21,monthly,momentum,equal,True,1.0,0.0,2000-01-03,2026-07-17,6662,178,0.9159411588111678,0.9159411588111678,2.7399702501888306,0.05096668338760879,-0.7517051799241994,0.3619089443990416,0.31856836355985474,172.58447487513857,2018-07-02,2.7555940736086004,0.07417114671265734,-0.7517051799241994,0.3782690839304529,2018-07-03,-0.09383722230438707,-0.012183480869141783,-0.6176450427360631,0.1416228090330906,74,0.97997997997998
top1_momentum_lb126_skip21_trend0_vol63_equal_monthly_abs_cap1_adjusted,adjusted,126,21,1,0,63,monthly,momentum,equal,True,1.0,0.0,2000-01-03,2026-07-17,6662,184,0.9159411588111678,0.9159411588111678,1.9105375374586844,0.04108254331743866,-0.7515832584598061,0.36685750428072517,0.2954489347279727,178.54216752872324,2018-07-02,1.9217004024116546,0.059686530441709795,-0.7515832584598061,0.3445486838078913,2018-07-03,-0.09383722230438707,-0.012183480869141783,-0.6176450427360631,0.1416228090330906,74,0.97997997997998
top1_momentum_lb252_skip0_trend200_vol21_equal_monthly_abs_cap1_adjusted,adjusted,252,0,1,200,21,monthly,momentum,equal,True,1.0,0.0,2000-01-03,2026-07-17,6662,169,0.8608525968177725,0.8608525968177725,2.422419693763969,0.04745827955430526,-0.6744626977196954,0.3441654080655972,0.3068387366767661,158.991077484171,2018-07-02,2.6313708587001705,0.07221927556450192,-0.6744626977196954,0.37510420049922155,2018-07-03,-0.14224351966997906,-0.018906904620428544,-0.5464226858782801,0.12928412840938566,70,0.9584584584584585
top1_momentum_lb252_skip0_trend200_vol63_equal_monthly_abs_cap1_adjusted,adjusted,252,0,1,200,63,monthly,momentum,equal,True,1.0,0.0,2000-01-03,2026-07-17,6662,169,0.8608525968177725,0.8608525968177725,2.422419693763969,0.04745827955430526,-0.6744626977196954,0.3441654080655972,0.3068387366767661,158.991077484171,2018-07-02,2.6313708587001705,0.07221927556450192,-0.6744626977196954,0.37510420049922155,2018-07-03,-0.14224351966997906,-0.018906904620428544,-0.5464226858782801,0.12928412840938566,70,0.9584584584584585
top1_voltarget_lb252_trend200_vol63_target0.3_monthly_adjusted,adjusted,252,0,1,200,63,monthly,momentum,inv_vol,True,1.0,0.3,2000-01-03,2026-07-17,6662,304,0.8608525968177725,0.8608525968177725,2.2218903369751626,0.04507755297197025,-0.5610851564078068,0.2765258055055973,0.29785646762570084,146.47130635999986,2018-07-02,2.510573116407905,0.07025968601957233,-0.5610851564078068,0.3888037873900897,2018-07-03,-0.1549659330193084,-0.020729067208252516,-0.5182434591890996,0.08194909225186849,103,0.9584584584584585
top1_risk_adjusted_lb252_skip0_trend0_vol21_equal_weekly_abs_cap1_adjusted,adjusted,252,0,1,0,21,weekly,risk_adjusted,equal,True,1.0,0.0,2000-01-03,2026-07-17,6662,386,0.8904232963074152,0.8904232963074152,0.5495226847790056,0.01664129486313448,-0.7795184087755245,0.32968789346133975,0.21542797144068832,372.0554611660057,2018-07-02,0.7766696453913682,0.03156476008983611,-0.7724450803714662,0.256142040012664,2018-07-03,-0.1614946082421831,-0.02167347915655471,-0.6279767140607219,0.11868341197744468,165,0.9954954954954955
top1_risk_adjusted_lb126_skip21_trend200_vol21_equal_monthly_abs_cap1_adjusted,adjusted,126,21,1,200,21,monthly,risk_adjusted,equal,True,1.0,0.0,2000-01-03,2026-07-17,6662,208,0.8803662563794656,0.8803662563794656,10.751252800518108,0.09730382373048907,-0.5990755449654276,0.336092112784417,0.4439651641793226,196.59045392238923,2018-07-02,12.311750362009573,0.1502403153282208,-0.5897297385017108,0.5800228667084847,2018-07-03,-0.19489687713447823,-0.026608485415866245,-0.5985828094143111,0.0787524645693426,84,0.96996996996997
top1_momentum_lb126_skip21_trend200_vol63_equal_monthly_abs_cap1_adjusted,adjusted,126,21,1,200,63,monthly,momentum,equal,True,1.0,0.0,2000-01-03,2026-07-17,6662,174,0.8803662563794656,0.8803662563794656,5.077492911080153,0.07037318530667824,-0.6421968424703672,0.34566683429857853,0.3698113251435611,166.659169522958,2018-07-02,5.887727116787537,0.10998127578263284,-0.5716869741288503,0.4734151114376405,2018-07-03,-0.19708731457569262,-0.026938337277256807,-0.6349669899596535,0.08910918659140042,72,0.96996996996997
top1_momentum_lb126_skip21_trend200_vol21_equal_monthly_abs_cap1_adjusted,adjusted,126,21,1,200,21,monthly,momentum,equal,True,1.0,0.0,2000-01-03,2026-07-17,6662,172,0.8803662563794656,0.8803662563794656,4.315253973547442,0.06498108706497407,-0.6422501970829155,0.3471536107247144,0.3552489196784415,164.66446768765704,2018-07-02,5.025672686223642,0.10198510653193948,-0.5716258805974949,0.45215363985678825,2018-07-03,-0.19708731457569262,-0.026938337277256807,-0.6349669899596535,0.08910918659140042,72,0.96996996996997
top1_risk_adjusted_lb252_skip21_trend200_vol21_equal_monthly_abs_cap1_adjusted,adjusted,252,21,1,200,21,monthly,risk_adjusted,equal,True,1.0,0.0,2000-01-03,2026-07-17,6662,182,0.8269288501951366,0.8269288501951366,11.674468930757806,0.10043577991638197,-0.6355764463065998,0.32972325874432423,0.45564099003684144,174.73946837164684,2018-07-02,13.542103814117157,0.15575155256856466,-0.5789298217995988,0.6188671935009008,2018-07-03,-0.20463961048120616,-0.028081690719917174,-0.6336929957570021,0.10629337584692629,78,0.948948948948949
top1_risk_adjusted_lb126_skip0_trend200_vol63_equal_monthly_abs_cap1_adjusted,adjusted,126,0,1,200,63,monthly,risk_adjusted,equal,True,1.0,0.0,2000-01-03,2026-07-17,6662,194,0.8953767637346143,0.8953767637346143,14.2621032822818,0.10816737620100247,-0.613837738378497,0.3391854367913447,0.4724225434071305,184.84368170420845,2018-07-02,16.548938449591976,0.1675566465984697,-0.5848747484378993,0.6211601200806758,2018-07-03,-0.20920242458961624,-0.02877707690657194,-0.6136075257360242,0.07341973078009827,77,0.96996996996997
top1_risk_adjusted_lb126_skip21_trend0_vol21_equal_monthly_abs_cap1_adjusted,adjusted,126,21,1,0,21,monthly,risk_adjusted,equal,True,1.0,0.0,2000-01-03,2026-07-17,6662,208,0.9159411588111678,0.9159411588111678,5.516805578679639,0.07319214763814896,-0.7621399287267718,0.34925814705854985,0.3764883358544624,198.56836752641027,2018-07-02,6.530122646755941,0.11534600208990953,-0.7621399287267718,0.4835722132610199,2018-07-03,-0.21242436137707077,-0.029270228825182154,-0.5984855549632879,0.07717236096939166,81,0.97997997997998
top2_momentum_lb63_skip0_trend200_vol63_equal_monthly_abs_cap1_adjusted,adjusted,63,0,2,200,63,monthly,momentum,equal,True,1.0,0.0,2000-01-03,2026-07-17,6662,634,0.8710597418192735,1.5187631341939358,22.458559702053172,0.12626553136896268,-0.6093962140022926,0.299346981412418,0.5466646184638942,214.7954515773474,2018-07-02,26.361309414267186,0.19593482398256556,-0.6093962140022926,0.7439916364143134,2018-07-03,-0.21832120307069758,-0.03017739669206687,-0.5712944391414672,0.043671564384972356,222,0.9384384384384384
top2_momentum_lb63_skip0_trend200_vol21_equal_monthly_abs_cap1_adjusted,adjusted,63,0,2,200,21,monthly,momentum,equal,True,1.0,0.0,2000-01-03,2026-07-17,6662,634,0.8679075352746923,1.5123086160312218,21.935326698676448,0.125308522819213,-0.6094045910020466,0.2980552360808211,0.544997024550988,216.624425920484,2018-07-02,25.749484861572437,0.1944733254657145,-0.6094045910020466,0.7427927907362514,2018-07-03,-0.21832120307069758,-0.03017739669206687,-0.5712944391414672,0.043671564384972356,222,0.9384384384384384
top3_momentum_lb63_skip0_trend200_vol21_equal_weekly_abs_cap1_adjusted,adjusted,63,0,3,200,21,weekly,momentum,equal,True,1.0,0.0,2000-01-03,2026-07-17,6662,2941,0.8658060642449715,1.9816871810267187,13.882952297813654,0.10711728908613405,-0.6241148063696945,0.2727336800019496,0.5090442885484632,465.6613593239035,2018-07-02,17.805081438583358,0.17192929310514504,-0.6241148063696945,0.696762964065576,2018-07-03,-0.2235288953864809,-0.03098354251230384,-0.6188621001785182,-0.01278096867047585,943,0.9479479479479479
top3_momentum_lb63_skip0_trend200_vol63_equal_weekly_abs_cap1_adjusted,adjusted,63,0,3,200,63,weekly,momentum,equal,True,1.0,0.0,2000-01-03,2026-07-17,6662,2939,0.8710597418192735,1.9966976883818672,10.020995104250494,0.094653933020306,-0.6240740358896733,0.27626974475550126,0.46584468294004616,465.10411314570587,2018-07-02,12.92779967371542,0.1530574288324862,-0.6240740358896733,0.6352585168614472,2018-07-03,-0.2235288953864809,-0.03098354251230384,-0.6188621001785182,-0.01278096867047585,943,0.9479479479479479
top1_risk_adjusted_lb252_skip21_trend0_vol21_equal_monthly_abs_cap1_adjusted,adjusted,252,21,1,0,21,monthly,risk_adjusted,equal,True,1.0,0.0,2000-01-03,2026-07-17,6662,167,0.8832182527769439,0.8832182527769439,4.969497458776019,0.06965019269552641,-0.6781906155758988,0.34642707274663664,0.3681052386893344,156.65133239132822,2018-07-02,6.04998833951818,0.11137966065184557,-0.6781906155758988,0.4837060329091803,2018-07-03,-0.2268023552468329,-0.031492697486631194,-0.633491462629052,0.1051341473445701,70,0.98998998998999
top1_risk_adjusted_lb252_skip21_trend0_vol63_equal_weekly_abs_cap1_adjusted,adjusted,252,21,1,0,63,weekly,risk_adjusted,equal,True,1.0,0.0,2000-01-03,2026-07-17,6662,316,0.886670669468628,0.886670669468628,2.161965317110979,0.044338391043312164,-0.6884655685059089,0.34377376690747263,0.2990448042093932,304.3311404777633,2018-07-02,2.936479554091427,0.07690680049666998,-0.6884655685059089,0.3897387446866094,2018-07-03,-0.22875061654447382,-0.03179662732038313,-0.6443057578652649,0.10060427351975476,123,0.997997997997998
top1_risk_adjusted_lb252_skip21_trend0_vol21_equal_weekly_abs_cap1_adjusted,adjusted,252,21,1,0,21,weekly,risk_adjusted,equal,True,1.0,0.0,2000-01-03,2026-07-17,6662,382,0.886670669468628,0.886670669468628,4.186388820142729,0.06399651403954643,-0.7314717839674638,0.33958313402875484,0.35219727201998,364.08918271984817,2018-07-02,5.627225580735135,0.10766970358755179,-0.7012423889337295,0.47565932060889604,2018-07-03,-0.24616485040640868,-0.034543530114259924,-0.7303184978201083,0.08776243279803428,142,0.997997997997998
top1_risk_adjusted_lb126_skip0_trend0_vol63_equal_monthly_abs_cap1_adjusted,adjusted,126,0,1,0,63,monthly,risk_adjusted,equal,True,1.0,0.0,2000-01-03,2026-07-17,6662,201,0.9147403182227559,0.9147403182227559,14.799876030715089,0.10961450987998123,-0.6269629241055553,0.3432687386882422,0.47457745981661986,188.83207383493416,2018-07-02,18.181195624852315,0.17318484882552898,-0.5848789628309103,0.6314978439172826,2018-07-03,-0.2513607356435361,-0.03537388593593327,-0.624061767952304,0.055332985430416405,81,0.96996996996997
top1_risk_adjusted_lb252_skip21_trend200_vol63_equal_weekly_abs_cap1_adjusted,adjusted,252,21,1,200,63,weekly,risk_adjusted,equal,True,1.0,0.0,2000-01-03,2026-07-17,6662,372,0.8237766436505554,0.8237766436505554,2.440116833343808,0.0476618923776333,-0.7611054084714801,0.31500496991803467,0.3067493690597335,362.1385591026987,2018-07-02,3.5457433578364466,0.0853189692530203,-0.7228244397632113,0.4213692736214238,2018-07-03,-0.2727610692683462,-0.03884797079885016,-0.5871569209370082,0.05590240101447128,129,0.9569569569569569
top1_risk_adjusted_lb126_skip0_trend200_vol21_equal_weekly_abs_cap1_adjusted,adjusted,126,0,1,200,21,weekly,risk_adjusted,equal,True,1.0,0.0,2000-01-03,2026-07-17,6662,468,0.9024317021915341,0.9024317021915341,2.324703489002131,0.046315441115904354,-0.7797278731259765,0.3357413049768391,0.30286015872314603,450.0059053602467,2018-07-02,3.4093253887759083,0.083532354942637,-0.756363494859767,0.4047774651482728,2018-07-03,-0.2763937577705081,-0.03944656014541159,-0.6368089673869317,0.03307748945069261,155,0.9769769769769769
top1_risk_adjusted_lb252_skip0_trend200_vol63_equal_monthly_abs_cap1_adjusted,adjusted,252,0,1,200,63,monthly,risk_adjusted,equal,True,1.0,0.0,2000-01-03,2026-07-17,6662,173,0.8608525968177725,0.8608525968177725,1.7377347078156462,0.038683920398746574,-0.7567019669060021,0.33126785895462585,0.28116467963993214,164.68194979293727,2018-07-02,2.491517914993431,0.06994476112441017,-0.629367011351579,0.3716138650210332,2018-07-03,-0.2841501467667368,-0.04073350508645068,-0.6596529601294991,0.06383917357786796,73,0.9584584584584585
top1_momentum_lb252_skip21_trend200_vol21_equal_weekly_abs_cap1_adjusted,adjusted,252,21,1,200,21,weekly,momentum,equal,True,1.0,0.0,2000-01-03,2026-07-17,6662,349,0.8237766436505554,0.8237766436505554,1.3077074909393263,0.03201670814501423,-0.7410520321026535,0.31762345036500267,0.25870281050927424,336.11761591485,2018-07-02,2.1152230361000446,0.06336773930422446,-0.6850818705185018,0.35308662574294153,2018-07-03,-0.2879051429031606,-0.041360928153141074,-0.6252811577422737,0.042830558292859096,124,0.9569569569569569
top1_momentum_lb252_skip21_trend200_vol63_equal_weekly_abs_cap1_adjusted,adjusted,252,21,1,200,63,weekly,momentum,equal,True,1.0,0.0,2000-01-03,2026-07-17,6662,343,0.8237766436505554,0.8237766436505554,1.2576331246363717,0.031163856039795323,-0.741124923154343,0.318014193324394,0.2562052214508819,330.1305156406687,2018-07-02,2.046470898988844,0.06208534834695101,-0.6851389333996125,0.34916335346977784,2018-07-03,-0.2879051429031606,-0.041360928153141074,-0.6252811577422737,0.042830558292859096,124,0.9569569569569569
top1_risk_adjusted_lb252_skip21_trend200_vol21_equal_weekly_abs_cap1_adjusted,adjusted,252,21,1,200,21,weekly,risk_adjusted,equal,True,1.0,0.0,2000-01-03,2026-07-17,6662,406,0.8237766436505554,0.8237766436505554,3.448135508180277,0.05785722138107863,-0.7528860454892757,0.3115442497379825,0.3366901204687565,391.9791278973816,2018-07-02,5.147683589690512,0.10318021916507192,-0.6910940313184395,0.47578729895433775,2018-07-03,-0.30614770509443956,-0.04445093633545305,-0.6234684240495876,0.031485215531457535,149,0.9569569569569569
top1_risk_adjusted_lb126_skip0_trend200_vol63_equal_weekly_abs_cap1_adjusted,adjusted,126,0,1,200,63,weekly,risk_adjusted,equal,True,1.0,0.0,2000-01-03,2026-07-17,6662,431,0.9024317021915341,0.9024317021915341,1.9382232647907216,0.0414540484142516,-0.8147595782659391,0.3345939478140157,0.2889712764966446,417.99560937227517,2018-07-02,3.0725654832867244,0.07888762674230088,-0.7722010091655535,0.3927289885960654,2018-07-03,-0.3070909649570642,-0.0446126363692253,-0.5871054318966922,0.016632881783526014,162,0.9769769769769769
top1_momentum_lb63_skip0_trend0_vol21_equal_monthly_abs_cap1_adjusted,adjusted,63,0,1,0,21,monthly,momentum,equal,True,1.0,0.0,2000-01-03,2026-07-17,6662,284,0.9156409486640649,0.9156409486640649,32.8727464574514,0.14196689602980372,-0.7383446215431155,0.37520980216820904,0.5408134765243777,280.2774152898,2018-07-02,44.112852621489886,0.22871106054658408,-0.7120998662225336,0.7301915384644707,2018-07-03,-0.3172487909795637,-0.04636628367391138,-0.6784207022443487,0.04919854618120008,115,0.95995995995996
top1_momentum_lb63_skip0_trend0_vol63_equal_monthly_abs_cap1_adjusted,adjusted,63,0,1,0,63,monthly,momentum,equal,True,1.0,0.0,2000-01-03,2026-07-17,6662,282,0.918793155208646,0.918793155208646,28.9063774071032,0.13661981247875654,-0.7383320913172391,0.3730334408493403,0.5293438204863044,277.77829810992085,2018-07-02,38.830557121408624,0.22046518014110172,-0.7120925111895686,0.7154066612558682,2018-07-03,-0.3172487909795637,-0.04636628367391138,-0.6784207022443487,0.04919854618120008,115,0.95995995995996
top1_momentum_lb126_skip0_trend0_vol63_equal_monthly_abs_cap1_adjusted,adjusted,126,0,1,0,63,monthly,momentum,equal,True,1.0,0.0,2000-01-03,2026-07-17,6662,188,0.9147403182227559,0.9147403182227559,13.221435933111433,0.1052219568125008,-0.6399517849965006,0.3528622060865069,0.45981318844259733,176.82542886090647,2018-07-02,18.162161833257542,0.17312187140583046,-0.5848822008419697,0.6253098719635112,2018-07-03,-0.32552301459997224,-0.047811710760408466,-0.640330571056736,0.0295608950899738,72,0.96996996996997
top1_momentum_lb126_skip0_trend0_vol21_equal_monthly_abs_cap1_adjusted,adjusted,126,0,1,0,21,monthly,momentum,equal,True,1.0,0.0,2000-01-03,2026-07-17,6662,188,0.9147403182227559,0.9147403182227559,11.047982989591672,0.09833553701337316,-0.6399856713497678,0.35376253466070157,0.44208412104748024,178.8157756601179,2018-07-02,15.235879834910705,0.16265726394192837,-0.5848432463535106,0.5995855876338408,2018-07-03,-0.32552301459997224,-0.047811710760408466,-0.640330571056736,0.0295608950899738,72,0.96996996996997
top1_risk_adjusted_lb21_skip0_trend0_vol21_equal_weekly_abs_cap1_adjusted,adjusted,21,0,1,0,21,weekly,risk_adjusted,equal,True,1.0,0.0,2000-01-03,2026-07-17,6662,1026,0.8976283398378865,0.8976283398378865,1.112270059957985,0.02858080791728379,-0.9441902082119955,0.595441365606185,0.23440650352263545,1014.0921943268202,2018-07-02,2.175513921569878,0.06447046340988605,-0.9409939994506441,0.2899828497612794,2018-07-03,-0.33477979344045605,-0.04944729867548825,-0.806406489963684,0.02881396102319718,367,0.955955955955956
top1_momentum_lb126_skip0_trend200_vol63_equal_monthly_abs_cap1_adjusted,adjusted,126,0,1,200,63,monthly,momentum,equal,True,1.0,0.0,2000-01-03,2026-07-17,6662,180,0.8953767637346143,0.8953767637346143,12.880348710451491,0.1042112840766829,-0.6357048418160705,0.3482104863383903,0.4587286559671641,170.88198318302148,2018-07-02,18.06927441366403,0.17281368173053857,-0.6059827599197017,0.6283260048122704,2018-07-03,-0.3392038389656846,-0.050236036084473135,-0.635948269591829,0.018165610990581983,72,0.96996996996997
top1_momentum_lb126_skip0_trend200_vol21_equal_monthly_abs_cap1_adjusted,adjusted,126,0,1,200,21,monthly,momentum,equal,True,1.0,0.0,2000-01-03,2026-07-17,6662,182,0.8953767637346143,0.8953767637346143,10.762875073310529,0.09734470308422893,-0.6356788438082965,0.34913284022724783,0.4407838925361574,172.87850456406335,2018-07-02,15.158224885323307,0.16235589792597982,-0.6059749370000416,0.6022190216523573,2018-07-03,-0.3392038389656846,-0.050236036084473135,-0.635948269591829,0.018165610990581983,72,0.96996996996997
top1_risk_adjusted_lb126_skip21_trend200_vol63_equal_weekly_abs_cap1_adjusted,adjusted,126,21,1,200,63,weekly,risk_adjusted,equal,True,1.0,0.0,2000-01-03,2026-07-17,6662,397,0.882017412188532,0.882017412188532,11.394891502478687,0.09951115444002379,-0.6076469037168877,0.32511946678237413,0.45438282534515395,386.1385600573475,2018-07-02,17.218424121304494,0.16992266214820395,-0.49584117447595233,0.6390323077853676,2018-07-03,-0.34837063172628635,-0.05188515641695601,-0.6078074381739158,-0.015570883188135307,149,0.96996996996997
top2_momentum_lb63_skip0_trend200_vol63_inv_vol_weekly_abs_cap1_adjusted,adjusted,63,0,2,200,63,weekly,momentum,inv_vol,True,1.0,0.0,2000-01-03,2026-07-17,6662,2311,0.8710597418192735,1.5351245872110477,5.374812030437253,0.07230154742035144,-0.6423824772765521,0.29086152471854204,0.3858069136711615,511.7180901697467,2018-07-02,9.188799337330346,0.133731669110158,-0.5917484572160882,0.5653630358899194,2018-07-03,-0.38639671548789445,-0.05895067222182482,-0.6413877546561443,-0.1064799135235829,778,0.9479479479479479
top1_risk_adjusted_lb126_skip21_trend0_vol63_equal_weekly_abs_cap1_adjusted,adjusted,126,21,1,0,63,weekly,risk_adjusted,equal,True,1.0,0.0,2000-01-03,2026-07-17,6662,423,0.9211948363854698,0.9211948363854698,3.995617204532552,0.06249485406358257,-0.7138289088137147,0.3473152666658683,0.35047903196395114,407.99283003915883,2018-07-02,6.853847434964902,0.11788738696074574,-0.7138289088137147,0.4939442631793635,2018-07-03,-0.38909542878750214,-0.05946655777585408,-0.6303713980503091,-0.023152577341081046,159,0.9844844844844844
top2_momentum_lb63_skip0_trend200_vol21_inv_vol_weekly_abs_cap1_adjusted,adjusted,63,0,2,200,21,weekly,momentum,inv_vol,True,1.0,0.0,2000-01-03,2026-07-17,6662,2324,0.8658060642449715,1.5238667066946863,8.696778407446784,0.08938594247306497,-0.6395454193120034,0.2884135501153681,0.4405623394354275,553.1769661775731,2018-07-02,14.765510831146425,0.16081053753255437,-0.5982522836767217,0.646099461823474,2018-07-03,-0.3943343742392408,-0.06047375647643538,-0.6387072632841578,-0.11124658562771397,822,0.9479479479479479
top1_risk_adjusted_lb126_skip0_trend0_vol21_equal_weekly_abs_cap1_adjusted,adjusted,126,0,1,0,21,weekly,risk_adjusted,equal,True,1.0,0.0,2000-01-03,2026-07-17,6662,469,0.9241969378564996,0.9241969378564996,2.655956915793921,0.05006721867534436,-0.8346848278027602,0.34358708847806324,0.31408008752031835,456.02272350727293,2018-07-02,4.946950842643176,0.10120180606689422,-0.7788369833983546,0.4494158071788027,2018-07-03,-0.4091285245856098,-0.06335972243011578,-0.7121865739295272,-0.03820742704451555,169,0.9794794794794794
top1_risk_adjusted_lb63_skip0_trend0_vol63_equal_monthly_abs_cap1_adjusted,adjusted,63,0,1,0,63,monthly,risk_adjusted,equal,True,1.0,0.0,2000-01-03,2026-07-17,6662,252,0.918793155208646,0.918793155208646,90.12518967525794,0.18536032270591218,-0.681915513642775,0.3555470616538562,0.6551693938135834,244.42504118784612,2018-07-02,141.59592984088616,0.30759982131247865,-0.5771963571016256,0.9142112210965829,2018-07-03,-0.4176497997764853,-0.0650508516278191,-0.6784207022443487,-0.04051174480873564,108,0.95995995995996
top1_risk_adjusted_lb252_skip21_trend200_vol63_equal_monthly_abs_cap1_adjusted,adjusted,252,21,1,200,63,monthly,risk_adjusted,equal,True,1.0,0.0,2000-01-03,2026-07-17,6662,170,0.8269288501951366,0.8269288501951366,6.236972908010663,0.07743982105336578,-0.722752848681595,0.3315327730232891,0.391763895413539,162.7620952125889,2018-07-02,10.6868966421851,0.1421723068839964,-0.5975059323945369,0.5817910809678402,2018-07-03,-0.4324869580440748,-0.06804783135660664,-0.7204443824129798,-0.003136818765827639,76,0.948948948948949
top1_risk_adjusted_lb126_skip0_trend0_vol63_equal_weekly_abs_cap1_adjusted,adjusted,126,0,1,0,63,weekly,risk_adjusted,equal,True,1.0,0.0,2000-01-03,2026-07-17,6662,443,0.9241969378564996,0.9241969378564996,1.5883231059550278,0.036489481670492596,-0.8683990603547702,0.34190101723530786,0.27600583084118246,431.9501413732766,2018-07-02,3.4265213373969505,0.08376042116369264,-0.8074894258663248,0.40439753016799956,2018-07-03,-0.4401737672774447,-0.06962757873473291,-0.663574315703128,-0.061315403836193466,173,0.9794794794794794
top1_risk_adjusted_lb63_skip0_trend200_vol21_equal_monthly_abs_cap1_adjusted,adjusted,63,0,1,200,21,monthly,risk_adjusted,equal,True,1.0,0.0,2000-01-03,2026-07-17,6662,260,0.8679075352746923,0.8679075352746923,10.050212229279067,0.09476315674051405,-0.6981562089225655,0.337263973727739,0.43685798685535815,254.4494222087181,2018-07-02,17.11091562489728,0.16954831969603124,-0.6225536099179836,0.6238036466820136,2018-07-03,-0.4438082956948797,-0.07038114853495436,-0.6952245521936213,-0.0782617735318956,88,0.9384384384384384
top2_momentum_lb63_skip0_trend200_vol21_equal_weekly_abs_cap1_adjusted,adjusted,63,0,2,200,21,weekly,momentum,equal,True,1.0,0.0,2000-01-03,2026-07-17,6662,2264,0.8658060642449715,1.5238667066946863,5.171410083217246,0.07099194762355854,-0.7004903714923939,0.2922657289035868,0.38048365628511915,494.0129964740011,2018-07-02,10.435918157461956,0.1408323696029865,-0.6260818414578788,0.5860894763386608,2018-07-03,-0.47021887799526685,-0.07599033929910182,-0.6981828981295994,-0.16352411931554844,713,0.9479479479479479
top2_momentum_lb63_skip0_trend200_vol63_equal_weekly_abs_cap1_adjusted,adjusted,63,0,2,200,63,weekly,momentum,equal,True,1.0,0.0,2000-01-03,2026-07-17,6662,2267,0.8710597418192735,1.5351245872110477,3.704471493219091,0.06009321625529451,-0.7003576830813487,0.29555276637004463,0.3456467823085961,492.0006529089293,2018-07-02,7.711838189612376,0.1241719170836757,-0.6259748542917114,0.5350297212752816,2018-07-03,-0.47021887799526685,-0.07599033929910182,-0.6981828981295994,-0.16352411931554844,713,0.9479479479479479
top1_risk_adjusted_lb21_skip0_trend0_vol63_equal_weekly_abs_cap1_adjusted,adjusted,21,0,1,0,63,weekly,risk_adjusted,equal,True,1.0,0.0,2000-01-03,2026-07-17,6662,977,0.8901230861603122,0.8901230861603122,2.5335292388021915,0.04872021445720831,-0.9230629813168747,0.596787992894626,0.26714419042024906,964.4796113941483,2018-07-02,5.737003500627281,0.10865412014946596,-0.9201438885785485,0.3508336626233893,2018-07-03,-0.4751781108631805,-0.07707081582314546,-0.8088172078321968,-0.059777559898008044,358,0.955955955955956
top1_momentum_lb252_skip21_trend0_vol21_equal_weekly_abs_cap1_adjusted,adjusted,252,21,1,0,21,weekly,momentum,equal,True,1.0,0.0,2000-01-03,2026-07-17,6662,333,0.886670669468628,0.886670669468628,0.3642370467032898,0.011773780457737804,-0.764151708095684,0.34704397426817785,0.20767929153567494,314.1417355364348,2018-07-02,1.5109953773825424,0.051042050390927685,-0.6884259846707459,0.3161085637691199,2018-07-03,-0.4774893386116593,-0.07757742397348732,-0.76338679618144,-0.0263401251571371,122,0.997997997997998
top1_momentum_lb252_skip21_trend0_vol63_equal_weekly_abs_cap1_adjusted,adjusted,252,21,1,0,63,weekly,momentum,equal,True,1.0,0.0,2000-01-03,2026-07-17,6662,321,0.886670669468628,0.886670669468628,0.18660901458264245,0.00646884755264443,-0.7641735589054498,0.34623434848908585,0.1922863515215131,306.15157280554496,2018-07-02,1.1851407418942115,0.0431722155043166,-0.6883355450691011,0.2936116237410257,2018-07-03,-0.4774893386116593,-0.07757742397348732,-0.76338679618144,-0.0263401251571371,122,0.997997997997998
top1_risk_adjusted_lb252_skip21_trend0_vol63_equal_monthly_abs_cap1_adjusted,adjusted,252,21,1,0,63,monthly,risk_adjusted,equal,True,1.0,0.0,2000-01-03,2026-07-17,6662,151,0.8832182527769439,0.8832182527769439,1.2760841008998152,0.03148020646716665,-0.7789703974109826,0.35009738168975374,0.2644677835656023,140.8367233204181,2018-07-02,3.200184685338689,0.08068912557033281,-0.6780863471283717,0.3989883764209369,2018-07-03,-0.5060214272906585,-0.08399872355168825,-0.7782885380298553,-0.038489247668775026,71,0.98998998998999
top1_risk_adjusted_lb126_skip21_trend0_vol21_equal_weekly_abs_cap1_adjusted,adjusted,126,21,1,0,21,weekly,risk_adjusted,equal,True,1.0,0.0,2000-01-03,2026-07-17,6662,474,0.9211948363854698,0.9211948363854698,2.641733131722711,0.04991296969465542,-0.6568459692223685,0.33840945014949686,0.3130604230234368,461.72375283996934,2018-07-02,6.31735335938082,0.11361875676986899,-0.6485245083232096,0.48535953291830963,2018-07-03,-0.5217911822419822,-0.08768847523279344,-0.6539948557458086,-0.11074508744214834,185,0.9844844844844844
top1_risk_adjusted_lb63_skip0_trend200_vol63_equal_monthly_abs_cap1_adjusted,adjusted,63,0,1,200,63,monthly,risk_adjusted,equal,True,1.0,0.0,2000-01-03,2026-07-17,6662,236,0.8710597418192735,0.8710597418192735,39.13781060834255,0.14929383017169506,-0.6981717998499619,0.3401821620236442,0.578665764249034,226.65381484174605,2018-07-02,75.9462795527147,0.26470187206798834,-0.6225991184527432,0.8478475319431853,2018-07-03,-0.5235282178705362,-0.08810138973718051,-0.6952245521936213,-0.12825723835496028,101,0.9384384384384384
top1_risk_adjusted_lb126_skip21_trend200_vol21_equal_weekly_abs_cap1_adjusted,adjusted,126,21,1,200,21,weekly,risk_adjusted,equal,True,1.0,0.0,2000-01-03,2026-07-17,6662,457,0.882017412188532,0.882017412188532,3.9875524721033084,0.06243016333632423,-0.7097382607490657,0.3230676090276154,0.34886954839787704,449.81285923271463,2018-07-02,9.891148713370574,0.13782552475270204,-0.4843564342116611,0.5581946314083791,2018-07-03,-0.5597811704182023,-0.09703489403878718,-0.709087306115606,-0.16544233461926788,187,0.96996996996997
top1_momentum_lb21_skip0_trend0_vol63_equal_weekly_abs_cap1_adjusted,adjusted,21,0,1,0,63,weekly,momentum,equal,True,1.0,0.0,2000-01-03,2026-07-17,6662,1019,0.8901230861603122,0.8901230861603122,0.5747899927710576,0.01726119379077118,-0.9208909817994251,0.6102081866789798,0.22463794159286674,1008.5188703266238,2018-07-02,2.720038535039584,0.07361879048943765,-0.9031444458111034,0.3074430805197703,2018-07-03,-0.5757578583259282,-0.10117801578173502,-0.8951994097534739,-0.08277982171027545,386,0.955955955955956
top1_momentum_lb126_skip21_trend0_vol21_equal_weekly_abs_cap1_adjusted,adjusted,126,21,1,0,21,weekly,momentum,equal,True,1.0,0.0,2000-01-03,2026-07-17,6662,437,0.9211948363854698,0.9211948363854698,0.693587846140133,0.020053109378236567,-0.8396063449984241,0.3600224333903011,0.23549290373663187,419.95086774492444,2018-07-02,2.8748733605028187,0.0759886900808342,-0.6914671852329066,0.38285630378977636,2018-07-03,-0.5800826768343051,-0.10232302313948971,-0.7141791628247447,-0.1282705222938962,170,0.9844844844844844
top1_momentum_lb126_skip21_trend0_vol63_equal_weekly_abs_cap1_adjusted,adjusted,126,21,1,0,63,weekly,momentum,equal,True,1.0,0.0,2000-01-03,2026-07-17,6662,431,0.9211948363854698,0.9211948363854698,0.23341821472941038,0.007937398232703341,-0.8396274604220594,0.364944522886181,0.2064979617721622,417.9019686734318,2018-07-02,1.8225463202792915,0.05771007235065184,-0.709289825443384,0.3391087979213911,2018-07-03,-0.5800826768343051,-0.10232302313948971,-0.7141791628247447,-0.1282705222938962,170,0.9844844844844844
top1_risk_adjusted_lb63_skip0_trend0_vol21_equal_weekly_abs_cap1_adjusted,adjusted,63,0,1,0,21,weekly,risk_adjusted,equal,True,1.0,0.0,2000-01-03,2026-07-17,6662,671,0.9051335935154609,0.9051335935154609,4.988615942873385,0.06977909655251557,-0.8583369655475925,0.35397876078860324,0.3670583708789927,655.4081520847741,2018-07-02,13.22939139837819,0.15439385221263824,-0.70557759457369,0.5758248405949448,2018-07-03,-0.5968597540165969,-0.10686483898950194,-0.7215196055030042,-0.1760131011694146,230,0.9574574574574575
top1_momentum_lb21_skip0_trend0_vol21_equal_weekly_abs_cap1_adjusted,adjusted,21,0,1,0,21,weekly,momentum,equal,True,1.0,0.0,2000-01-03,2026-07-17,6662,1032,0.8976283398378865,0.8976283398378865,-0.319457492236744,-0.014399239357389737,-0.9265954968462511,0.617849484283653,0.18181293313676172,1018.9938187734278,2018-07-02,0.7024987642323897,0.02918893448236548,-0.9048585806181723,0.2564748885395915,2018-07-03,-0.6000573490124799,-0.10774920415153022,-0.895289487753798,-0.10143641811423454,387,0.955955955955956
top1_risk_adjusted_lb63_skip0_trend200_vol21_equal_weekly_abs_cap1_adjusted,adjusted,63,0,1,200,21,weekly,risk_adjusted,equal,True,1.0,0.0,2000-01-03,2026-07-17,6662,650,0.8658060642449715,0.8658060642449715,2.54925616077154,0.04889574114525175,-0.9128093429094456,0.33776258036950163,0.30948654306651013,635.4332956422594,2018-07-02,7.876137197998917,0.12530817969283614,-0.7871606843492601,0.5114183967194978,2018-07-03,-0.6161259969460857,-0.11228934710897409,-0.7525679303007542,-0.23146043617318307,228,0.9479479479479479
top1_risk_adjusted_lb63_skip0_trend200_vol63_equal_weekly_abs_cap1_adjusted,adjusted,63,0,1,200,63,weekly,risk_adjusted,equal,True,1.0,0.0,2000-01-03,2026-07-17,6662,550,0.8710597418192735,0.8710597418192735,1.9197059422131004,0.04120594615918205,-0.9319176950247416,0.34426063161862425,0.2897258956770756,533.7466143071109,2018-07-02,6.390314125487495,0.1142163381367467,-0.7603404243768078,0.4810386690322696,2018-07-03,-0.6221806439875973,-0.11404332456463284,-0.7801088530673721,-0.239333935066857,217,0.9479479479479479
top1_momentum_lb126_skip21_trend200_vol21_equal_weekly_abs_cap1_adjusted,adjusted,126,21,1,200,21,weekly,momentum,equal,True,1.0,0.0,2000-01-03,2026-07-17,6662,409,0.882017412188532,0.882017412188532,1.8305011213448075,0.03998911802699179,-0.8294366366978594,0.342010407855718,0.28603504506146005,396.11680553044374,2018-07-02,6.337844519520417,0.11378715572098841,-0.6190511077303751,0.48421327181784807,2018-07-03,-0.630034058567171,-0.11635542615605599,-0.7593365826617684,-0.20312144477787955,173,0.96996996996997
top1_momentum_lb126_skip21_trend200_vol63_equal_weekly_abs_cap1_adjusted,adjusted,126,21,1,200,63,weekly,momentum,equal,True,1.0,0.0,2000-01-03,2026-07-17,6662,411,0.882017412188532,0.882017412188532,1.8057592041928716,0.039645078090118524,-0.8294539940565693,0.3405355643972446,0.28473868434872585,396.11748084593626,2018-07-02,6.27642974397491,0.11328110206835507,-0.6189965155707141,0.4836187361287881,2018-07-03,-0.630034058567171,-0.11635542615605599,-0.7593365826617684,-0.20312144477787955,173,0.96996996996997
top1_momentum_lb63_skip0_trend200_vol63_equal_monthly_abs_cap1_adjusted,adjusted,63,0,1,200,63,monthly,momentum,equal,True,1.0,0.0,2000-01-03,2026-07-17,6662,259,0.8710597418192735,0.8710597418192735,9.365407060634018,0.0921268979488552,-0.8189829472499777,0.3568585574053793,0.4250374138237365,254.3571165154443,2018-07-02,27.329965956036443,0.19818666321282463,-0.7478295641074437,0.680290655192217,2018-07-03,-0.6669788080017451,-0.1278451222109801,-0.7460362550808122,-0.22383520547599778,102,0.9384384384384384
top1_momentum_lb63_skip0_trend200_vol21_equal_monthly_abs_cap1_adjusted,adjusted,63,0,1,200,21,monthly,momentum,equal,True,1.0,0.0,2000-01-03,2026-07-17,6662,263,0.8679075352746923,0.8679075352746923,9.18222771444067,0.09139329648699501,-0.8189864064884737,0.3559482923725351,0.4234224151152085,256.3553011543429,2018-07-02,26.82714717802478,0.19702701190952743,-0.7478349623300966,0.6788840732724226,2018-07-03,-0.6669788080017451,-0.1278451222109801,-0.7460362550808122,-0.22383520547599778,102,0.9384384384384384
top1_risk_adjusted_lb63_skip0_trend0_vol63_equal_weekly_abs_cap1_adjusted,adjusted,63,0,1,0,63,weekly,risk_adjusted,equal,True,1.0,0.0,2000-01-03,2026-07-17,6662,557,0.9103872710897628,0.9103872710897628,2.815579895022101,0.05175970526253648,-0.9099278445785881,0.36638424471833986,0.3207144869103646,545.3999929621989,2018-07-02,10.588990982847475,0.14165287114613934,-0.6585378894703562,0.5381377942445059,2018-07-03,-0.6845047549203593,-0.13369119774216065,-0.7867687701905595,-0.262423194129892,214,0.9574574574574575
top1_momentum_lb126_skip0_trend200_vol63_equal_weekly_abs_cap1_adjusted,adjusted,126,0,1,200,63,weekly,momentum,equal,True,1.0,0.0,2000-01-03,2026-07-17,6662,449,0.9024317021915341,0.9024317021915341,-0.045936245015344324,-0.0017705933717167,-0.9528792812902804,0.3478631204769253,0.16923662258151673,439.8340636115659,2018-07-02,2.5490550446486813,0.07089077608799377,-0.8507794365567157,0.3700565758562456,2018-07-03,-0.7415411173028719,-0.154917367842909,-0.7995494566493836,-0.3376747967905305,179,0.9769769769769769
top1_momentum_lb126_skip0_trend200_vol21_equal_weekly_abs_cap1_adjusted,adjusted,126,0,1,200,21,weekly,momentum,equal,True,1.0,0.0,2000-01-03,2026-07-17,6662,460,0.9024317021915341,0.9024317021915341,-0.18418254791003452,-0.007642130098580058,-0.9528755295002914,0.3506287279036945,0.1539632140675411,445.7898542426726,2018-07-02,2.0378049553625637,0.061921769141238814,-0.850725970301278,0.3465814890609891,2018-07-03,-0.7415411173028719,-0.154917367842909,-0.7995494566493836,-0.3376747967905305,179,0.9769769769769769
top1_momentum_lb126_skip0_trend0_vol63_equal_weekly_abs_cap1_adjusted,adjusted,126,0,1,0,63,weekly,momentum,equal,True,1.0,0.0,2000-01-03,2026-07-17,6662,457,0.9241969378564996,0.9241969378564996,-0.2553075973405803,-0.01104766968093207,-0.9697747957874177,0.3559568850231867,0.14710696489294708,443.8150394930188,2018-07-02,2.23906902753259,0.06561165196884233,-0.892054225581594,0.35603674653771694,2018-07-03,-0.7793117397601386,-0.17136448389004222,-0.8425756770165138,-0.37989302102484435,176,0.9794794794794794
top1_momentum_lb126_skip0_trend0_vol21_equal_weekly_abs_cap1_adjusted,adjusted,126,0,1,0,21,weekly,momentum,equal,True,1.0,0.0,2000-01-03,2026-07-17,6662,464,0.9241969378564996,0.9241969378564996,-0.354225753914584,-0.0163451101950699,-0.9697456993861667,0.35879008705284043,0.133926415275292,449.73934827728027,2018-07-02,1.807148524681379,0.05739726852278171,-0.8920569639424778,0.33517407903581586,2018-07-03,-0.7793117397601386,-0.17136448389004222,-0.8425756770165138,-0.37989302102484435,176,0.9794794794794794
top1_momentum_lb63_skip0_trend0_vol63_equal_weekly_abs_cap1_adjusted,adjusted,63,0,1,0,63,weekly,momentum,equal,True,1.0,0.0,2000-01-03,2026-07-17,6662,638,0.9103872710897628,0.9103872710897628,-0.21271513328022817,-0.00897261387316095,-0.9726517494699665,0.38435809837002827,0.16857221082879884,627.8970872412452,2018-07-02,3.4981880972808153,0.08470198498118142,-0.83363614492108,0.40272723214628475,2018-07-03,-0.831203616748318,-0.19854171714641788,-0.8488505700168397,-0.4019296770795951,225,0.9574574574574575
top1_momentum_lb63_skip0_trend0_vol21_equal_weekly_abs_cap1_adjusted,adjusted,63,0,1,0,21,weekly,momentum,equal,True,1.0,0.0,2000-01-03,2026-07-17,6662,654,0.9051335935154609,0.9051335935154609,-0.22494175759600132,-0.009557004725799567,-0.972628750065107,0.3831659857128992,0.16585625419068625,643.1917643274946,2018-07-02,3.42257686985952,0.08370818069241692,-0.8336626860802255,0.3997004693714166,2018-07-03,-0.831203616748318,-0.19854171714641788,-0.8488505700168397,-0.4019296770795951,225,0.9574574574574575
top1_momentum_lb63_skip0_trend200_vol21_equal_weekly_abs_cap1_adjusted,adjusted,63,0,1,200,21,weekly,momentum,equal,True,1.0,0.0,2000-01-03,2026-07-17,6662,654,0.8658060642449715,0.8658060642449715,-0.6091028054678713,-0.034779396946825414,-0.9850165459263844,0.3582310898221562,0.0800905221405246,640.863592823606,2018-07-02,1.6013248574984682,0.05305246969444455,-0.8903729175438648,0.3230381076762805,2018-07-03,-0.8549788835527738,-0.21353620673963292,-0.8743302661885827,-0.5167662114206697,233,0.9479479479479479
top1_momentum_lb63_skip0_trend200_vol63_equal_weekly_abs_cap1_adjusted,adjusted,63,0,1,200,63,weekly,momentum,equal,True,1.0,0.0,2000-01-03,2026-07-17,6662,637,0.8710597418192735,0.8710597418192735,-0.6324465179611519,-0.03701662045286014,-0.9850290320565395,0.3608425440404567,0.07626536705345302,622.976688230508,2018-07-02,1.4442866613001732,0.04951293840981208,-0.8904097511311635,0.31508009840227913,2018-07-03,-0.8549788835527738,-0.21353620673963292,-0.8743302661885827,-0.5167662114206697,233,0.9479479479479479
