ticker,strategy,fast,slow,signal_window,lookback,exit_lookback,rsi_period,lower,upper,trend_window,sma_window,stop_pct,window,num_std,exit_z,atr_period,atr_mult,start,end,candles,trades,exposure,final_equity,total_return,cagr,max_drawdown,annual_volatility,sharpe,benchmark_final_equity,benchmark_total_return,benchmark_cagr,benchmark_max_drawdown,excess_total_return
BBSE3,momentum,,,,40,,,,,,,,,,,,,2013-04-29,2026-07-17,3289,205,0.5901489814533293,33688.238993207066,2.3688238993207067,0.09625929916265874,-0.29591818048810037,0.1952802386016278,0.5684644978916995,66204.94070750098,5.620494070750098,0.15375934263630398,-0.4404139785484886,-3.2516701714293914
BBSE3,momentum,,,,84,,,,,,,,,,,,,2013-04-29,2026-07-17,3289,119,0.6485253876558225,23382.108931677547,1.3382108931677545,0.06638182214429111,-0.5603337252741107,0.19882288058705974,0.4228154413523795,66204.94070750098,5.620494070750098,0.15375934263630398,-0.4404139785484886,-4.282283177582343
BBSE3,momentum,,,,63,,,,,,,,,,,,,2013-04-29,2026-07-17,3289,147,0.6269382791121921,22518.137533375815,1.2518137533375815,0.06334812086542718,-0.5522462944092883,0.19683143264465663,0.4106258432115576,66204.94070750098,5.620494070750098,0.15375934263630398,-0.4404139785484886,-4.368680317412517
BBSE3,momentum,,,,189,,,,,,,,,,,,,2013-04-29,2026-07-17,3289,103,0.6491334752204317,15762.472886797332,0.5762472886797332,0.03503220389151651,-0.5406745314394321,0.1947193088309786,0.27453618700742966,66204.94070750098,5.620494070750098,0.15375934263630398,-0.4404139785484886,-5.044246782070365
BBSE3,momentum,,,,252,,,,,,,,,,,,,2013-04-29,2026-07-17,3289,127,0.6533900881726968,14939.200092201429,0.4939200092201428,0.030839429335227875,-0.5527439938333761,0.20498205133453531,0.2512729931411357,66204.94070750098,5.620494070750098,0.15375934263630398,-0.4404139785484886,-5.126574061529955
BBSE3,momentum,,,,378,,,,,,,,,,,,,2013-04-29,2026-07-17,3289,77,0.6971723928245668,14152.918286929893,0.4152918286929892,0.026630665933489395,-0.5228724058911458,0.21839121678096332,0.2298895498522096,66204.94070750098,5.620494070750098,0.15375934263630398,-0.4404139785484886,-5.2052022420571085
BBSE3,momentum,,,,20,,,,,,,,,,,,,2013-04-29,2026-07-17,3289,339,0.5667376102158711,13393.303977653755,0.33933039776537544,0.022354128862042355,-0.49039427362922483,0.19486742929208745,0.21104773400974813,66204.94070750098,5.620494070750098,0.15375934263630398,-0.4404139785484886,-5.2811636729847224
BBSE3,momentum,,,,126,,,,,,,,,,,,,2013-04-29,2026-07-17,3289,137,0.663727576771055,12113.27098884903,0.21132709888490298,0.014612563854213612,-0.704509904413468,0.203447709329212,0.1732193709396431,66204.94070750098,5.620494070750098,0.15375934263630398,-0.4404139785484886,-5.409166971865195
BBSE3,momentum,,,,504,,,,,,,,,,,,,2013-04-29,2026-07-17,3289,79,0.6959562176953481,11068.517909628556,0.10685179096285546,0.007711389949055514,-0.5746895611142717,0.23399958810136723,0.1504014030946327,66204.94070750098,5.620494070750098,0.15375934263630398,-0.4404139785484886,-5.513642279787243
BBSE3,momentum,,,,10,,,,,,,,,,,,,2013-04-29,2026-07-17,3289,461,0.5436302827607176,9596.555210527145,-0.040344478947285434,-0.0031112305435510024,-0.5785889526216781,0.19352157393241082,0.08081448223797631,66204.94070750098,5.620494070750098,0.15375934263630398,-0.4404139785484886,-5.660838549697384
GGBR3,momentum,,,,20,,,,,,,,,,,,,2000-05-19,2026-07-17,5856,573,0.5527663934426229,292231.2879119776,28.223128791197762,0.1377031400409714,-0.7930726733146316,0.2911795213987154,0.5890373237001052,352978.9038749614,34.297890387496146,0.14594648298089452,-0.9122995153080269,-6.074761596298384
GGBR3,momentum,,,,40,,,,,,,,,,,,,2000-05-19,2026-07-17,5856,385,0.5601092896174863,434772.0270502208,42.47720270502208,0.15511250491194017,-0.5114315077288277,0.28481579455517214,0.6482309553305091,352978.9038749614,34.297890387496146,0.14594648298089452,-0.9122995153080269,8.179312317525934
GGBR3,momentum,,,,504,,,,,,,,,,,,,2000-05-19,2026-07-17,5856,55,0.5961407103825137,41110.55334981389,3.1110553349813888,0.05552619661044855,-0.8364793832461652,0.2595053930769415,0.33823718024165933,352978.9038749614,34.297890387496146,0.14594648298089452,-0.9122995153080269,-31.18683505251476
GGBR3,momentum,,,,252,,,,,,,,,,,,,2000-05-19,2026-07-17,5856,133,0.5732581967213115,114567.38328305064,10.456738328305065,0.0977001630913441,-0.6446310405121303,0.26956208790186237,0.48043772951322355,352978.9038749614,34.297890387496146,0.14594648298089452,-0.9122995153080269,-23.84115205919108
GGBR3,momentum,,,,10,,,,,,,,,,,,,2000-05-19,2026-07-17,5856,807,0.54474043715847,1057653.6492529912,104.76536492529912,0.1950406390366115,-0.5058397195010949,0.2851594885939419,0.7671892251992795,352978.9038749614,34.297890387496146,0.14594648298089452,-0.9122995153080269,70.46747453780299
GGBR3,momentum,,,,126,,,,,,,,,,,,,2000-05-19,2026-07-17,5856,185,0.579405737704918,257276.3863917042,24.72763863917042,0.13217622766946358,-0.5022547102746759,0.28370514415768655,0.5793886541334172,352978.9038749614,34.297890387496146,0.14594648298089452,-0.9122995153080269,-9.570251748325727
GGBR3,momentum,,,,378,,,,,,,,,,,,,2000-05-19,2026-07-17,5856,97,0.6055327868852459,62245.08438525692,5.224508438525692,0.07239679507713292,-0.6776116331084672,0.26486989976196645,0.3962714074584803,352978.9038749614,34.297890387496146,0.14594648298089452,-0.9122995153080269,-29.073381948970454
GGBR3,momentum,,,,84,,,,,,,,,,,,,2000-05-19,2026-07-17,5856,291,0.5636953551912568,152583.477879556,14.258347787955602,0.10979005487415971,-0.6012974408410441,0.2890711697935306,0.5052818188927564,352978.9038749614,34.297890387496146,0.14594648298089452,-0.9122995153080269,-20.039542599540546
GGBR3,momentum,,,,189,,,,,,,,,,,,,2000-05-19,2026-07-17,5856,195,0.5799180327868853,87651.35561264367,7.765135561264367,0.08652055777479073,-0.7615977722535257,0.2798648010568812,0.43641567814286975,352978.9038749614,34.297890387496146,0.14594648298089452,-0.9122995153080269,-26.53275482623178
GGBR3,momentum,,,,63,,,,,,,,,,,,,2000-05-19,2026-07-17,5856,345,0.5578893442622951,81817.38603085405,7.181738603085405,0.08366361148497825,-0.6358119105417692,0.2839050017118444,0.424811287112837,352978.9038749614,34.297890387496146,0.14594648298089452,-0.9122995153080269,-27.11615178441074
LOGG3,momentum,,,,40,,,,,,,,,,,,,2018-12-21,2026-07-17,1881,147,0.5337586390217969,23629.25231339054,1.3629252313390543,0.1202936244108217,-0.42283524967357444,0.26276417607561253,0.5628418536172392,27247.70777869925,1.7247707778699248,0.14157924963523816,-0.6229585913653009,-0.36184554653087053
LOGG3,momentum,,,,20,,,,,,,,,,,,,2018-12-21,2026-07-17,1881,190,0.5162147793726741,15188.677781630711,0.5188677781630711,0.05676485434187439,-0.570282336264718,0.2656471457067742,0.3397484571467822,27247.70777869925,1.7247707778699248,0.14157924963523816,-0.6229585913653009,-1.2059029997068538
LOGG3,momentum,,,,63,,,,,,,,,,,,,2018-12-21,2026-07-17,1881,79,0.5555555555555556,11715.648581487654,0.17156485814876543,0.021136667550311294,-0.6001626062785932,0.25544905540327667,0.20900121204462413,27247.70777869925,1.7247707778699248,0.14157924963523816,-0.6229585913653009,-1.5532059197211594
LOGG3,momentum,,,,126,,,,,,,,,,,,,2018-12-21,2026-07-17,1881,87,0.5300372142477405,8045.113531465636,-0.19548864685343648,-0.02832501416333255,-0.7302036208876388,0.27705610383612844,0.035616761255849005,27247.70777869925,1.7247707778699248,0.14157924963523816,-0.6229585913653009,-1.9202594247233613
LOGG3,momentum,,,,84,,,,,,,,,,,,,2018-12-21,2026-07-17,1881,87,0.582668793195109,7528.466776703671,-0.24715332232963294,-0.03680720882557276,-0.7715796550783818,0.2770374383300527,0.0034292510448193344,27247.70777869925,1.7247707778699248,0.14157924963523816,-0.6229585913653009,-1.9719241001995578
LOGG3,momentum,,,,378,,,,,,,,,,,,,2018-12-21,2026-07-17,1881,51,0.48165869218500795,7334.42375806498,-0.26655762419350204,-0.04012392961993472,-0.663172311296645,0.24440671890141802,-0.045664382042424484,27247.70777869925,1.7247707778699248,0.14157924963523816,-0.6229585913653009,-1.9913284020634268
LOGG3,momentum,,,,252,,,,,,,,,,,,,2018-12-21,2026-07-17,1881,63,0.5023923444976076,6779.487381862225,-0.3220512618137774,-0.05004834960933635,-0.6611398458314195,0.3008506255599563,-0.018573103683434355,27247.70777869925,1.7247707778699248,0.14157924963523816,-0.6229585913653009,-2.0468220396837022
LOGG3,momentum,,,,189,,,,,,,,,,,,,2018-12-21,2026-07-17,1881,95,0.507177033492823,5906.140436564898,-0.40938595634351027,-0.06719736211408056,-0.7564242817619107,0.2880236020104242,-0.09546217463555652,27247.70777869925,1.7247707778699248,0.14157924963523816,-0.6229585913653009,-2.134156734213435
LOGG3,momentum,,,,504,,,,,,,,,,,,,2018-12-21,2026-07-17,1881,41,0.4258373205741627,4752.160340133974,-0.5247839659866025,-0.0936038086507659,-0.7662838649595932,0.22444874315812344,-0.3253502457703717,27247.70777869925,1.7247707778699248,0.14157924963523816,-0.6229585913653009,-2.2495547438565273
LOGG3,momentum,,,,10,,,,,,,,,,,,,2018-12-21,2026-07-17,1881,338,0.5231259968102073,3943.733598400773,-0.6056266401599226,-0.11565781964637889,-0.7733855624259767,0.27332590979806115,-0.3133083418155702,27247.70777869925,1.7247707778699248,0.14157924963523816,-0.6229585913653009,-2.3303974180298477
VALE3,momentum,,,,252,,,,,,,,,,,,,2000-01-03,2026-07-17,6662,179,0.6284899429600721,270879.68366248545,26.087968366248546,0.13238787821409748,-0.624200885909306,0.27343666313779286,0.5920707389976718,565067.2146473232,55.50672146473232,0.16420418059806652,-0.840798782166901,-29.418753098483776
VALE3,momentum,,,,378,,,,,,,,,,,,,2000-01-03,2026-07-17,6662,103,0.601921344941459,173940.65872368217,16.394065872368216,0.11364150654089844,-0.6231856693434729,0.26876444299483293,0.5355802404268197,565067.2146473232,55.50672146473232,0.16420418059806652,-0.840798782166901,-39.112655592364106
VALE3,momentum,,,,504,,,,,,,,,,,,,2000-01-03,2026-07-17,6662,113,0.6167817472230561,170729.6531636269,16.07296531636269,0.11285978964510224,-0.7798455969911553,0.2898091195328071,0.5150671403645537,565067.2146473232,55.50672146473232,0.16420418059806652,-0.840798782166901,-39.43375614836963
VALE3,momentum,,,,63,,,,,,,,,,,,,2000-01-03,2026-07-17,6662,328,0.5944160912638847,95088.42080517102,8.508842080517102,0.08858274065143856,-0.8183993540975097,0.27477834246757793,0.44611737993866624,565067.2146473232,55.50672146473232,0.16420418059806652,-0.840798782166901,-46.997879384215224
VALE3,momentum,,,,189,,,,,,,,,,,,,2000-01-03,2026-07-17,6662,225,0.6149804863404383,88273.484714894,7.827348471489401,0.08553616061521008,-0.7630239446831124,0.26702099855013206,0.4415941267310573,565067.2146473232,55.50672146473232,0.16420418059806652,-0.840798782166901,-47.67937299324292
VALE3,momentum,,,,84,,,,,,,,,,,,,2000-01-03,2026-07-17,6662,288,0.5863104172921044,87324.59280190268,7.732459280190268,0.08509411825838509,-0.745397088197588,0.27413264517607955,0.4351853402187145,565067.2146473232,55.50672146473232,0.16420418059806652,-0.840798782166901,-47.77426218454205
VALE3,momentum,,,,40,,,,,,,,,,,,,2000-01-03,2026-07-17,6662,462,0.5764034824377064,52971.29992574221,4.297129992574221,0.0648440109383408,-0.8075850912674539,0.2747833886735189,0.3666304294337751,565067.2146473232,55.50672146473232,0.16420418059806652,-0.840798782166901,-51.2095914721581
VALE3,momentum,,,,20,,,,,,,,,,,,,2000-01-03,2026-07-17,6662,630,0.5600420294205944,27485.2629017636,1.7485262901763599,0.038837924271626134,-0.7975883622379945,0.27167765451336806,0.27675117541808286,565067.2146473232,55.50672146473232,0.16420418059806652,-0.840798782166901,-53.758195174555965
VALE3,momentum,,,,126,,,,,,,,,,,,,2000-01-03,2026-07-17,6662,306,0.6037226058240769,21111.468735844213,1.1111468735844214,0.028560190761228066,-0.7874545508031031,0.2713586634205782,0.24045213402098947,565067.2146473232,55.50672146473232,0.16420418059806652,-0.840798782166901,-54.3955745911479
VALE3,momentum,,,,10,,,,,,,,,,,,,2000-01-03,2026-07-17,6662,956,0.548784148904233,13219.157245669454,0.3219157245669453,0.010572908141147863,-0.7380140092700751,0.27045941104631394,0.17475621761044055,565067.2146473232,55.50672146473232,0.16420418059806652,-0.840798782166901,-55.18480574016538
