rank,ticker,strategy,label,params,test_total_return,test_benchmark_total_return,test_excess_total_return,test_max_drawdown,test_trades,test_exposure
1,GGBR3,rsi_reversion_atr,rsi_atr_slow,rsi_period=21;lower=45.0;upper=75.0;atr_period=14;atr_mult=2.0,6.149824688305826,2.508794543975277,3.6410301443305495,-0.4979887175327925,39,0.8774387193596799
2,GGBR3,rsi_reversion_trend_entry,rsi_trend_entry_fast,rsi_period=21;lower=50.0;upper=80.0;trend_window=50,4.759681211321656,2.508794543975277,2.250886667346379,-0.3269200323496183,3,0.9559779889944973
3,GGBR3,rsi_cross_reversion,rsi_cross_confirm,rsi_period=10;lower=35.0;upper=85.0,4.55773482120157,2.508794543975277,2.048940277226293,-0.5313184286899109,11,0.8814407203601801
4,GGBR3,rsi_reversion,base_14_40_80,rsi_period=14;lower=40.0;upper=80.0,3.9222055096928194,2.508794543975277,1.4134109657175427,-0.5225626849293556,11,0.8994497248624312
5,GGBR3,rsi_reversion_trend_entry,rsi_trend_entry_slow,rsi_period=21;lower=50.0;upper=75.0;trend_window=200,3.573677605164077,2.508794543975277,1.0648830611888003,-0.5614381707813754,13,0.9119559779889945
6,GGBR3,rsi_reversion,rsi_fast_loose_exit,rsi_period=7;lower=50.0;upper=90.0,3.0206367160749004,2.508794543975277,0.5118421720996236,-0.597326424959689,7,0.9754877438719359
7,GGBR3,rsi_reversion,rsi_slow_mid,rsi_period=21;lower=45.0;upper=70.0,2.989902982815126,2.508794543975277,0.4811084388398492,-0.5227079659473053,17,0.8144072036018009
8,GGBR3,rsi_reversion_atr,rsi_atr_stop,rsi_period=14;lower=45.0;upper=80.0;atr_period=14;atr_mult=3.0,2.818837753027987,2.508794543975277,0.3100432090527101,-0.6469331232809351,29,0.9214607303651826
12,VALE3,rsi_reversion,rsi_slow_mid,rsi_period=21;lower=45.0;upper=70.0,1.5512214996284444,1.438434766531,0.11278673309744436,-0.3956719378035115,17,0.824912456228114
14,BBSE3,rsi_reversion_atr,rsi_atr_slow,rsi_period=21;lower=45.0;upper=75.0;atr_period=14;atr_mult=2.0,1.1454621960103477,0.8821820176484423,0.2632801783619054,-0.20928170519522893,12,0.9179331306990881
16,BBSE3,rsi_reversion,rsi_fast_loose_exit,rsi_period=7;lower=50.0;upper=90.0,1.0967245369397651,0.8821820176484423,0.21454251929132284,-0.18190086007857575,5,0.977710233029382
17,BBSE3,rsi_reversion_atr,rsi_atr_stop,rsi_period=14;lower=45.0;upper=80.0;atr_period=14;atr_mult=3.0,1.0711170648988673,0.8821820176484423,0.18893504725042498,-0.20673124774334029,12,0.9300911854103343
18,BBSE3,rsi_cross_reversion,rsi_cross_confirm,rsi_period=10;lower=35.0;upper=85.0,1.0612080909329715,0.8821820176484423,0.17902607328452924,-0.206684288523577,6,0.9290780141843972
19,BBSE3,rsi_reversion,base_14_40_80,rsi_period=14;lower=40.0;upper=80.0,1.0507792939816527,0.8821820176484423,0.16859727633321042,-0.20680848852253997,6,0.9321175278622087
21,BBSE3,rsi_cross_reversion,rsi_cross_high_entry,rsi_period=14;lower=55.0;upper=80.0,1.04238369305634,0.8821820176484423,0.16020167540789765,-0.2067235275640309,6,0.9057750759878419
22,BBSE3,rsi_reversion,base_14_50_80,rsi_period=14;lower=50.0;upper=80.0,1.0195861478175878,0.8821820176484423,0.13740413016914554,-0.20669694935889726,6,0.9463019250253293
23,BBSE3,rsi_reversion_trend_entry,rsi_trend_entry_slow,rsi_period=21;lower=50.0;upper=75.0;trend_window=200,0.9927628424502015,0.8821820176484423,0.11058082480175924,-0.20660770918382554,6,0.9381965552178319
24,BBSE3,rsi_reversion_hold,rsi_hold_40,rsi_period=7;lower=50.0;upper=85.0;max_hold=40,0.9897774913475224,0.8821820176484423,0.10759547369908007,-0.15001405491502262,45,0.8530901722391084
26,BBSE3,rsi_reversion,rsi_slow_mid,rsi_period=21;lower=45.0;upper=70.0,0.9543964449327511,0.8821820176484423,0.07221442728430882,-0.16012013765768984,8,0.8156028368794326
27,BBSE3,breakout,breakout_5_55,lookback=5;exit_lookback=55,0.9340727585424407,0.8821820176484423,0.051890740893998366,-0.21490792462855635,13,0.9037487335359676
28,LOGG3,rsi_reversion,rsi_slow_mid,rsi_period=21;lower=45.0;upper=70.0,0.9225439805760882,0.594424209953542,0.32811977062254627,-0.2625750801829464,5,0.9504424778761061
29,BBSE3,rsi_reversion_trend_entry,rsi_trend_entry_fast,rsi_period=21;lower=50.0;upper=80.0;trend_window=50,0.9201769251179375,0.8821820176484423,0.03799490746949519,-0.17846695014196734,1,0.9989868287740629
31,LOGG3,rsi_reversion_hold,rsi_hold_14_40,rsi_period=14;lower=50.0;upper=85.0;max_hold=40,0.8907928011772692,0.594424209953542,0.2963685912237273,-0.2532945665412133,27,0.9185840707964602
34,LOGG3,rsi_reversion_hold,rsi_hold_40,rsi_period=7;lower=50.0;upper=85.0;max_hold=40,0.8017950039354313,0.594424209953542,0.2073707939818894,-0.25922761131634875,27,0.8973451327433628
40,LOGG3,rsi_reversion,base_14_50_80,rsi_period=14;lower=50.0;upper=80.0,0.6404225355171778,0.594424209953542,0.04599832556363581,-0.2625750801829464,1,0.9982300884955753
41,LOGG3,rsi_reversion,base_14_40_80,rsi_period=14;lower=40.0;upper=80.0,0.6404225355171778,0.594424209953542,0.04599832556363581,-0.2625750801829464,1,0.9982300884955753
42,LOGG3,rsi_reversion,rsi_fast_loose_exit,rsi_period=7;lower=50.0;upper=90.0,0.6404225355171778,0.594424209953542,0.04599832556363581,-0.2625750801829464,1,0.9982300884955753
43,LOGG3,rsi_reversion_atr,rsi_atr_stop,rsi_period=14;lower=45.0;upper=80.0;atr_period=14;atr_mult=3.0,0.6404225355171778,0.594424209953542,0.04599832556363581,-0.2625750801829464,1,0.9982300884955753
44,LOGG3,rsi_reversion_trend_entry,rsi_trend_entry_slow,rsi_period=21;lower=50.0;upper=75.0;trend_window=200,0.6404225355171778,0.594424209953542,0.04599832556363581,-0.2625750801829464,1,0.9982300884955753
45,LOGG3,rsi_reversion_trend_entry,rsi_trend_entry_fast,rsi_period=21;lower=50.0;upper=80.0;trend_window=50,0.6404225355171778,0.594424209953542,0.04599832556363581,-0.2625750801829464,1,0.9982300884955753
46,LOGG3,rsi_cross_reversion,rsi_cross_confirm,rsi_period=10;lower=35.0;upper=85.0,0.6404225355171778,0.594424209953542,0.04599832556363581,-0.2625750801829464,1,0.9982300884955753
47,LOGG3,rsi_cross_reversion,rsi_cross_high_entry,rsi_period=14;lower=55.0;upper=80.0,0.6404225355171778,0.594424209953542,0.04599832556363581,-0.2625750801829464,1,0.9982300884955753
50,LOGG3,rsi_reversion_atr,rsi_atr_slow,rsi_period=21;lower=45.0;upper=75.0;atr_period=14;atr_mult=2.0,0.6011536552395873,0.594424209953542,0.006729445286045355,-0.2977572157698555,3,0.9964601769911504
