date,ticker,source_symbol,open,high,low,close,adj_close,volume,raw_open,raw_high,raw_low,raw_close,adjustment_factor,source_high,source_low,ohlc_repaired
2005-01-03,BBDC3,BBDC3.SA,1.1563624143600464,1.1563624143600464,1.1563624143600464,1.1563624143600464,1.1563624143600464,8122788,2.7323660850524902,2.7323660850524902,2.7323660850524902,2.7323660850524902,0.42320918148046477,2.7323660850524902,2.7323660850524902,0
2005-01-04,BBDC3,BBDC3.SA,1.1152632236480713,1.1152632236480713,1.1152632236480713,1.1152632236480713,1.1152632236480713,1655704,2.635251998901367,2.635251998901367,2.635251998901367,2.635251998901367,0.4232093265133744,2.635251998901367,2.635251998901367,0
2005-01-05,BBDC3,BBDC3.SA,1.0739566087722778,1.0739566087722778,1.0739566087722778,1.0739566087722778,1.0739566087722778,1622918,2.5376501083374023,2.5376501083374023,2.5376501083374023,2.5376501083374023,0.4232090961806804,2.5376501083374023,2.5376501083374023,0
2005-01-06,BBDC3,BBDC3.SA,1.0429764986038208,1.0429764986038208,1.0429764986038208,1.0429764986038208,1.0429764986038208,2270446,2.464448928833008,2.464448928833008,2.464448928833008,2.464448928833008,0.4232088100513822,2.464448928833008,2.464448928833008,0
2005-01-07,BBDC3,BBDC3.SA,1.0656956434249878,1.0656956434249878,1.0656956434249878,1.0656956434249878,1.0656956434249878,2016353,2.51813006401062,2.51813006401062,2.51813006401062,2.51813006401062,0.42320913389503667,2.51813006401062,2.51813006401062,0
2005-01-10,BBDC3,BBDC3.SA,1.0530970096588135,1.0530970096588135,1.0530970096588135,1.0530970096588135,1.0530970096588135,2245856,2.48836088180542,2.48836088180542,2.48836088180542,2.48836088180542,0.42320911623347146,2.48836088180542,2.48836088180542,0
2005-01-11,BBDC3,BBDC3.SA,1.0471076965332031,1.0471076965332031,1.0471076965332031,1.0471076965332031,1.0471076965332031,4368765,2.4742090702056885,2.4742090702056885,2.4742090702056885,2.4742090702056885,0.42320906068223,2.4742090702056885,2.4742090702056885,0
2005-01-12,BBDC3,BBDC3.SA,1.0223238468170166,1.0223238468170166,1.0223238468170166,1.0223238468170166,1.0223238468170166,1073749,2.4156479835510254,2.4156479835510254,2.4156479835510254,2.4156479835510254,0.42320895005330655,2.4156479835510254,2.4156479835510254,0
2005-01-13,BBDC3,BBDC3.SA,1.026661992073059,1.026661992073059,1.026661992073059,1.026661992073059,1.026661992073059,6409707,2.425895929336548,2.425895929336548,2.425895929336548,2.425895929336548,0.42320941292557357,2.425895929336548,2.425895929336548,0
2005-01-14,BBDC3,BBDC3.SA,1.0122039318084717,1.0122039318084717,1.0122039318084717,1.0122039318084717,1.0122039318084717,3811399,2.391735076904297,2.391735076904297,2.391735076904297,2.391735076904297,0.42320905086135263,2.391735076904297,2.391735076904297,0
2005-01-17,BBDC3,BBDC3.SA,1.0202590227127075,1.0202590227127075,1.0202590227127075,1.0202590227127075,1.0202590227127075,10876831,2.4107680320739746,2.4107680320739746,2.4107680320739746,2.4107680320739746,0.4232091222128006,2.4107680320739746,2.4107680320739746,0
2005-01-18,BBDC3,BBDC3.SA,1.0535099506378174,1.0535099506378174,1.0535099506378174,1.0535099506378174,1.0535099506378174,14409547,2.4893369674682617,2.4893369674682617,2.4893369674682617,2.4893369674682617,0.4232090570322715,2.4893369674682617,2.4893369674682617,0
2005-01-19,BBDC3,BBDC3.SA,1.082218050956726,1.082218050956726,1.082218050956726,1.082218050956726,1.082218050956726,5024489,2.557171106338501,2.557171106338501,2.557171106338501,2.557171106338501,0.4232090876806072,2.557171106338501,2.557171106338501,0
2005-01-20,BBDC3,BBDC3.SA,1.063630223274231,1.063630223274231,1.063630223274231,1.063630223274231,1.063630223274231,557365,2.5132501125335693,2.5132501125335693,2.5132501125335693,2.5132501125335693,0.423209062229784,2.5132501125335693,2.5132501125335693,0
2005-01-21,BBDC3,BBDC3.SA,1.0326504707336426,1.0326504707336426,1.0326504707336426,1.0326504707336426,1.0326504707336426,254093,2.4400479793548584,2.4400479793548584,2.4400479793548584,2.4400479793548584,0.42320908419459535,2.4400479793548584,2.4400479793548584,0
2005-01-24,BBDC3,BBDC3.SA,1.0326504707336426,1.0326504707336426,1.0326504707336426,1.0326504707336426,1.0326504707336426,3016333,2.4400479793548584,2.4400479793548584,2.4400479793548584,2.4400479793548584,0.42320908419459535,2.4400479793548584,2.4400479793548584,0
2005-01-26,BBDC3,BBDC3.SA,1.0561946630477905,1.0561946630477905,1.0561946630477905,1.0561946630477905,1.0561946630477905,1114731,2.495681047439575,2.495681047439575,2.495681047439575,2.495681047439575,0.4232089930447584,2.495681047439575,2.495681047439575,0
2005-01-27,BBDC3,BBDC3.SA,1.0623915195465088,1.0623915195465088,1.0623915195465088,1.0623915195465088,1.0623915195465088,1631114,2.510322093963623,2.510322093963623,2.510322093963623,2.510322093963623,0.42320924557894757,2.510322093963623,2.510322093963623,0
2005-01-28,BBDC3,BBDC3.SA,1.0698256492614746,1.0698256492614746,1.0698256492614746,1.0698256492614746,1.0698256492614746,786869,2.5278899669647217,2.5278899669647217,2.5278899669647217,2.5278899669647217,0.4232089462920855,2.5278899669647217,2.5278899669647217,0
2005-01-31,BBDC3,BBDC3.SA,1.1233177185058594,1.1233177185058594,1.1233177185058594,1.1233177185058594,1.1233177185058594,3229443,2.654284954071045,2.654284954071045,2.654284954071045,2.654284954071045,0.42320916478200876,2.654284954071045,2.654284954071045,0
2005-02-01,BBDC3,BBDC3.SA,1.1152632236480713,1.1152632236480713,1.1152632236480713,1.1152632236480713,1.1152632236480713,3811399,2.635251998901367,2.635251998901367,2.635251998901367,2.635251998901367,0.4232093265133744,2.635251998901367,2.635251998901367,0
2005-02-02,BBDC3,BBDC3.SA,1.1567761898040771,1.1567761898040771,1.1567761898040771,1.1567761898040771,1.1567761898040771,9565382,2.733341932296753,2.733341932296753,2.733341932296753,2.733341932296753,0.4232094697468273,2.733341932296753,2.733341932296753,0
2005-02-03,BBDC3,BBDC3.SA,1.2476487159729004,1.2476487159729004,1.2476487159729004,1.2476487159729004,1.2476487159729004,14778392,2.948065996170044,2.948065996170044,2.948065996170044,2.948065996170044,0.42320922177243425,2.948065996170044,2.948065996170044,0
2005-02-04,BBDC3,BBDC3.SA,1.3585567474365234,1.3585567474365234,1.3585567474365234,1.3585567474365234,1.3585567474365234,15794765,3.21012806892395,3.21012806892395,3.21012806892395,3.21012806892395,0.4232095163393023,3.21012806892395,3.21012806892395,0
2005-02-09,BBDC3,BBDC3.SA,1.387883186340332,1.387883186340332,1.387883186340332,1.387883186340332,1.387883186340332,7655584,3.2794249057769775,3.2794249057769775,3.2794249057769775,3.2794249057769775,0.42320932060235966,3.2794249057769775,3.2794249057769775,0
2005-02-10,BBDC3,BBDC3.SA,1.3507075309753418,1.3507075309753418,1.3507075309753418,1.3507075309753418,1.3507075309753418,4827772,3.1915829181671143,3.1915829181671143,3.1915829181671143,3.1915829181671143,0.4232092869299589,3.1915829181671143,3.1915829181671143,0
2005-02-11,BBDC3,BBDC3.SA,1.363099217414856,1.363099217414856,1.363099217414856,1.363099217414856,1.363099217414856,5631034,3.2208640575408936,3.2208640575408936,3.2208640575408936,3.2208640575408936,0.4232091740175996,3.2208640575408936,3.2208640575408936,0
2005-02-14,BBDC3,BBDC3.SA,1.4457111358642578,1.4457111358642578,1.4457111358642578,1.4457111358642578,1.4457111358642578,3172067,3.4160680770874023,3.4160680770874023,3.4160680770874023,3.4160680770874023,0.42320911153998303,3.4160680770874023,3.4160680770874023,0
2005-02-15,BBDC3,BBDC3.SA,1.4353842735290527,1.4353842735290527,1.4353842735290527,1.4353842735290527,1.4353842735290527,1606525,3.391666889190674,3.391666889190674,3.391666889190674,3.391666889190674,0.42320909465008427,3.391666889190674,3.391666889190674,0
2005-02-16,BBDC3,BBDC3.SA,1.4044042825698853,1.4044042825698853,1.4044042825698853,1.4044042825698853,1.4044042825698853,4754003,3.3184659481048584,3.3184659481048584,3.3184659481048584,3.3184659481048584,0.4232088876403647,3.3184659481048584,3.3184659481048584,0
2005-02-17,BBDC3,BBDC3.SA,1.4044042825698853,1.4044042825698853,1.4044042825698853,1.4044042825698853,1.4044042825698853,5606445,3.3184659481048584,3.3184659481048584,3.3184659481048584,3.3184659481048584,0.4232088876403647,3.3184659481048584,3.3184659481048584,0
2005-02-18,BBDC3,BBDC3.SA,1.3899480104446411,1.3899480104446411,1.3899480104446411,1.3899480104446411,1.3899480104446411,5352351,3.2843050956726074,3.2843050956726074,3.2843050956726074,3.2843050956726074,0.4232091629599313,3.2843050956726074,3.2843050956726074,0
2005-02-21,BBDC3,BBDC3.SA,1.3589683771133423,1.3589683771133423,1.3589683771133423,1.3589683771133423,1.3589683771133423,2836008,3.211103916168213,3.211103916168213,3.211103916168213,3.211103916168213,0.42320909338087986,3.211103916168213,3.211103916168213,0
2005-02-22,BBDC3,BBDC3.SA,1.3940781354904175,1.3940781354904175,1.3940781354904175,1.3940781354904175,1.3940781354904175,2180284,3.294064998626709,3.294064998626709,3.294064998626709,3.294064998626709,0.423209055095029,3.294064998626709,3.294064998626709,0
2005-02-23,BBDC3,BBDC3.SA,1.4085365533828735,1.4085365533828735,1.4085365533828735,1.4085365533828735,1.4085365533828735,7409687,3.328226089477539,3.328226089477539,3.328226089477539,3.328226089477539,0.4232093960912325,3.328226089477539,3.328226089477539,0
2005-02-24,BBDC3,BBDC3.SA,1.4663647413253784,1.4663647413253784,1.4663647413253784,1.4663647413253784,1.4663647413253784,7278542,3.4648690223693848,3.4648690223693848,3.4648690223693848,3.4648690223693848,0.4232092849277843,3.4648690223693848,3.4648690223693848,0
2005-02-25,BBDC3,BBDC3.SA,1.4560370445251465,1.4560370445251465,1.4560370445251465,1.4560370445251465,1.4560370445251465,2786829,3.4404680728912354,3.4404680728912354,3.4404680728912354,3.4404680728912354,0.4232089976354728,3.4404680728912354,3.4404680728912354,0
2005-02-28,BBDC3,BBDC3.SA,1.4560370445251465,1.4560370445251465,1.4560370445251465,1.4560370445251465,1.4560370445251465,1745866,3.4404680728912354,3.4404680728912354,3.4404680728912354,3.4404680728912354,0.4232089976354728,3.4404680728912354,3.4404680728912354,0
2005-03-01,BBDC3,BBDC3.SA,1.4849532842636108,1.4849532842636108,1.4849532842636108,1.4849532842636108,1.4849532842636108,6778552,3.5087900161743164,3.5087900161743164,3.5087900161743164,3.5087900161743164,0.42320950453532025,3.5087900161743164,3.5087900161743164,0
2005-03-02,BBDC3,BBDC3.SA,1.464298963546753,1.464298963546753,1.464298963546753,1.464298963546753,1.464298963546753,2040942,3.459989070892334,3.459989070892334,3.459989070892334,3.459989070892334,0.42320912972395863,3.459989070892334,3.459989070892334,0
2005-03-03,BBDC3,BBDC3.SA,1.4952778816223145,1.4952778816223145,1.4952778816223145,1.4952778816223145,1.4952778816223145,2065532,3.5331900119781494,3.5331900119781494,3.5331900119781494,3.5331900119781494,0.42320901976770386,3.5331900119781494,3.5331900119781494,0
2005-03-04,BBDC3,BBDC3.SA,1.544638752937317,1.544638752937317,1.544638752937317,1.544638752937317,1.544638752937317,5221207,3.649825096130371,3.649825096130371,3.649825096130371,3.649825096130371,0.4232089791302544,3.649825096130371,3.649825096130371,0
2005-03-07,BBDC3,BBDC3.SA,1.5923482179641724,1.5923482179641724,1.5923482179641724,1.5923482179641724,1.5923482179641724,5311369,3.762554883956909,3.762554883956909,3.762554883956909,3.762554883956909,0.42320929981746114,3.762554883956909,3.762554883956909,0
2005-03-08,BBDC3,BBDC3.SA,1.5673563480377197,1.5673563480377197,1.5673563480377197,1.5673563480377197,1.5673563480377197,4409747,3.7035059928894043,3.7035059928894043,3.7035059928894043,3.7035059928894043,0.4232088056687329,3.7035059928894043,3.7035059928894043,0
2005-03-09,BBDC3,BBDC3.SA,1.5283242464065552,1.5283242464065552,1.5283242464065552,1.5283242464065552,1.5283242464065552,2213070,3.611272096633911,3.611272096633911,3.611272096633911,3.611272096633911,0.423209385920024,3.611272096633911,3.611272096633911,0
2005-03-10,BBDC3,BBDC3.SA,1.5128334760665894,1.5128334760665894,1.5128334760665894,1.5128334760665894,1.5128334760665894,1680294,3.5746710300445557,3.5746710300445557,3.5746710300445557,3.5746710300445557,0.4232091466183765,3.5746710300445557,3.5746710300445557,0
2005-03-11,BBDC3,BBDC3.SA,1.5051918029785156,1.5051918029785156,1.5051918029785156,1.5051918029785156,1.5051918029785156,2254053,3.556615114212036,3.556615114212036,3.556615114212036,3.556615114212036,0.4232090779133938,3.556615114212036,3.556615114212036,0
2005-03-14,BBDC3,BBDC3.SA,1.4663647413253784,1.4663647413253784,1.4663647413253784,1.4663647413253784,1.4663647413253784,1221287,3.4648690223693848,3.4648690223693848,3.4648690223693848,3.4648690223693848,0.4232092849277843,3.4648690223693848,3.4648690223693848,0
2005-03-15,BBDC3,BBDC3.SA,1.4353842735290527,1.4353842735290527,1.4353842735290527,1.4353842735290527,1.4353842735290527,868835,3.391666889190674,3.391666889190674,3.391666889190674,3.391666889190674,0.42320909465008427,3.391666889190674,3.391666889190674,0
2005-03-16,BBDC3,BBDC3.SA,1.4558312892913818,1.4558312892913818,1.4558312892913818,1.4558312892913818,1.4558312892913818,3147478,3.4399800300598145,3.4399800300598145,3.4399800300598145,3.4399800300598145,0.4232092269634681,3.4399800300598145,3.4399800300598145,0
2005-03-17,BBDC3,BBDC3.SA,1.4663647413253784,1.4663647413253784,1.4663647413253784,1.4663647413253784,1.4663647413253784,2770436,3.4648690223693848,3.4648690223693848,3.4648690223693848,3.4648690223693848,0.4232092849277843,3.4648690223693848,3.4648690223693848,0
2005-03-18,BBDC3,BBDC3.SA,1.4663647413253784,1.4663647413253784,1.4663647413253784,1.4663647413253784,1.4663647413253784,3942544,3.4648690223693848,3.4648690223693848,3.4648690223693848,3.4648690223693848,0.4232092849277843,3.4648690223693848,3.4648690223693848,0
2005-03-21,BBDC3,BBDC3.SA,1.4622340202331543,1.4622340202331543,1.4622340202331543,1.4622340202331543,1.4622340202331543,565562,3.455108880996704,3.455108880996704,3.455108880996704,3.455108880996704,0.42320924480137945,3.455108880996704,3.455108880996704,0
2005-03-22,BBDC3,BBDC3.SA,1.4537670612335205,1.4537670612335205,1.4537670612335205,1.4537670612335205,1.4537670612335205,942604,3.4351000785827637,3.4351000785827637,3.4351000785827637,3.4351000785827637,0.4232095216955974,3.4351000785827637,3.4351000785827637,0
2005-03-23,BBDC3,BBDC3.SA,1.4234057664871216,1.4234057664871216,1.4234057664871216,1.4234057664871216,1.4234057664871216,950800,3.363363027572632,3.363363027572632,3.363363027572632,3.363363027572632,0.4232090781810151,3.363363027572632,3.363363027572632,0
2005-03-24,BBDC3,BBDC3.SA,1.433319330215454,1.433319330215454,1.433319330215454,1.433319330215454,1.433319330215454,590152,3.386786937713623,3.386786937713623,3.386786937713623,3.386786937713623,0.42320918220591397,3.386786937713623,3.386786937713623,0
2005-03-28,BBDC3,BBDC3.SA,1.402133584022522,1.402133584022522,1.402133584022522,1.402133584022522,1.402133584022522,1426200,3.3130979537963867,3.3130979537963867,3.3130979537963867,3.3130979537963867,0.42320921493306773,3.3130979537963867,3.3130979537963867,0
2005-03-29,BBDC3,BBDC3.SA,1.3835450410842896,1.3835450410842896,1.3835450410842896,1.3835450410842896,1.3835450410842896,2819615,3.269176959991455,3.269176959991455,3.269176959991455,3.269176959991455,0.4232089782891122,3.269176959991455,3.269176959991455,0
2005-03-30,BBDC3,BBDC3.SA,1.3899480104446411,1.3899480104446411,1.3899480104446411,1.3899480104446411,1.3899480104446411,1688490,3.2843050956726074,3.2843050956726074,3.2843050956726074,3.2843050956726074,0.4232091629599313,3.2843050956726074,3.2843050956726074,0
2005-03-31,BBDC3,BBDC3.SA,1.383751392364502,1.383751392364502,1.383751392364502,1.383751392364502,1.383751392364502,1811439,3.269665002822876,3.269665002822876,3.269665002822876,3.269665002822876,0.42320891931431376,3.269665002822876,3.269665002822876,0
2005-04-01,BBDC3,BBDC3.SA,1.3692950010299683,1.3692950010299683,1.3692950010299683,1.3692950010299683,1.3692950010299683,1573739,3.235503911972046,3.235503911972046,3.235503911972046,3.235503911972046,0.42320919346235014,3.235503911972046,3.235503911972046,0
2005-04-04,BBDC3,BBDC3.SA,1.3620662689208984,1.3620662689208984,1.3620662689208984,1.3620662689208984,1.3620662689208984,877031,3.218424081802368,3.218424081802368,3.218424081802368,3.218424081802368,0.42320907198721924,3.218424081802368,3.218424081802368,0
2005-04-05,BBDC3,BBDC3.SA,1.3424451351165771,1.3424451351165771,1.3424451351165771,1.3424451351165771,1.3424451351165771,2778632,3.172063112258911,3.172063112258911,3.172063112258911,3.172063112258911,0.4232088352619775,3.172063112258911,3.172063112258911,0
2005-04-06,BBDC3,BBDC3.SA,1.3486424684524536,1.3486424684524536,1.3486424684524536,1.3486424684524536,1.3486424684524536,3696647,3.1867029666900635,3.1867029666900635,3.1867029666900635,3.1867029666900635,0.4232093428692696,3.1867029666900635,3.1867029666900635,0
2005-04-07,BBDC3,BBDC3.SA,1.383751392364502,1.383751392364502,1.383751392364502,1.383751392364502,1.383751392364502,721297,3.269665002822876,3.269665002822876,3.269665002822876,3.269665002822876,0.42320891931431376,3.269665002822876,3.269665002822876,0
2005-04-08,BBDC3,BBDC3.SA,1.3734266757965088,1.3734266757965088,1.3734266757965088,1.3734266757965088,1.3734266757965088,1303252,3.2452640533447266,3.2452640533447266,3.2452640533447266,3.2452640533447266,0.42320953032496345,3.2452640533447266,3.2452640533447266,0
2005-04-11,BBDC3,BBDC3.SA,1.3734266757965088,1.3734266757965088,1.3734266757965088,1.3734266757965088,1.3734266757965088,598348,3.2452640533447266,3.2452640533447266,3.2452640533447266,3.2452640533447266,0.42320953032496345,3.2452640533447266,3.2452640533447266,0
2005-04-12,BBDC3,BBDC3.SA,1.3734266757965088,1.3734266757965088,1.3734266757965088,1.3734266757965088,1.3734266757965088,1311449,3.2452640533447266,3.2452640533447266,3.2452640533447266,3.2452640533447266,0.42320953032496345,3.2452640533447266,3.2452640533447266,0
2005-04-13,BBDC3,BBDC3.SA,1.383751392364502,1.383751392364502,1.383751392364502,1.383751392364502,1.383751392364502,2573719,3.269665002822876,3.269665002822876,3.269665002822876,3.269665002822876,0.42320891931431376,3.269665002822876,3.269665002822876,0
2005-04-14,BBDC3,BBDC3.SA,1.337282657623291,1.337282657623291,1.337282657623291,1.337282657623291,1.337282657623291,1278662,3.159862995147705,3.159862995147705,3.159862995147705,3.159862995147705,0.4232090630754644,3.159862995147705,3.159862995147705,0
2005-04-15,BBDC3,BBDC3.SA,1.3424451351165771,1.3424451351165771,1.3424451351165771,1.3424451351165771,1.3424451351165771,1229483,3.172063112258911,3.172063112258911,3.172063112258911,3.172063112258911,0.4232088352619775,3.172063112258911,3.172063112258911,0
2005-04-18,BBDC3,BBDC3.SA,1.3197275400161743,1.3197275400161743,1.3197275400161743,1.3197275400161743,1.3197275400161743,1237680,3.118381977081299,3.118381977081299,3.118381977081299,3.118381977081299,0.4232090711515063,3.118381977081299,3.118381977081299,0
2005-04-19,BBDC3,BBDC3.SA,1.3333579301834106,1.3333579301834106,1.3333579301834106,1.3333579301834106,1.3333579301834106,1958977,3.1505908966064453,3.1505908966064453,3.1505908966064453,3.1505908966064453,0.4232088436551991,3.1505908966064453,3.1505908966064453,0
2005-04-20,BBDC3,BBDC3.SA,1.3083678483963013,1.3083678483963013,1.3083678483963013,1.3083678483963013,1.3083678483963013,663921,3.091541051864624,3.091541051864624,3.091541051864624,3.091541051864624,0.42320895192615204,3.091541051864624,3.091541051864624,0
2005-04-22,BBDC3,BBDC3.SA,1.3104331493377686,1.3104331493377686,1.3104331493377686,1.3104331493377686,1.3104331493377686,1475380,3.096421003341675,3.096421003341675,3.096421003341675,3.096421003341675,0.42320897188190554,3.096421003341675,3.096421003341675,0
2005-04-25,BBDC3,BBDC3.SA,1.301140546798706,1.301140546798706,1.301140546798706,1.301140546798706,1.301140546798706,549169,3.074460983276367,3.074460983276367,3.074460983276367,3.074460983276367,0.42320932152865276,3.074460983276367,3.074460983276367,0
2005-04-26,BBDC3,BBDC3.SA,1.35277259349823,1.35277259349823,1.35277259349823,1.35277259349823,1.35277259349823,1237680,3.196463108062744,3.196463108062744,3.196463108062744,3.196463108062744,0.42320919959501563,3.196463108062744,3.196463108062744,0
2005-04-27,BBDC3,BBDC3.SA,1.371360421180725,1.371360421180725,1.371360421180725,1.371360421180725,1.371360421180725,4385158,3.240384101867676,3.240384101867676,3.240384101867676,3.240384101867676,0.4232092178178221,3.240384101867676,3.240384101867676,0
2005-04-28,BBDC3,BBDC3.SA,1.311465859413147,1.311465859413147,1.311465859413147,1.311465859413147,1.311465859413147,6524459,3.0988609790802,3.0988609790802,3.0988609790802,3.0988609790802,0.4232090010705851,3.0988609790802,3.0988609790802,0
2005-04-29,BBDC3,BBDC3.SA,1.3259243965148926,1.3259243965148926,1.3259243965148926,1.3259243965148926,1.3259243965148926,2696667,3.1330220699310303,3.1330220699310303,3.1330220699310303,3.1330220699310303,0.423209401951031,3.1330220699310303,3.1330220699310303,0
2005-05-02,BBDC3,BBDC3.SA,1.407090425491333,1.407090425491333,1.407090425491333,1.407090425491333,1.407090425491333,3008136,3.324810028076172,3.324810028076172,3.324810028076172,3.324810028076172,0.4232092701866383,3.324810028076172,3.324810028076172,0
2005-05-03,BBDC3,BBDC3.SA,1.3734266757965088,1.3734266757965088,1.3734266757965088,1.3734266757965088,1.3734266757965088,885228,3.2452640533447266,3.2452640533447266,3.2452640533447266,3.2452640533447266,0.42320953032496345,3.2452640533447266,3.2452640533447266,0
2005-05-04,BBDC3,BBDC3.SA,1.4209270477294922,1.4209270477294922,1.4209270477294922,1.4209270477294922,1.4209270477294922,3344195,3.3575069904327393,3.3575069904327393,3.3575069904327393,3.3575069904327393,0.423208961821507,3.3575069904327393,3.3575069904327393,0
2005-05-05,BBDC3,BBDC3.SA,1.4174171686172485,1.4174171686172485,1.4174171686172485,1.4174171686172485,1.4174171686172485,2508146,3.3492109775543213,3.3492109775543213,3.3492109775543213,3.3492109775543213,0.42320928066833297,3.3492109775543213,3.3492109775543213,0
2005-05-06,BBDC3,BBDC3.SA,1.4229933023452759,1.4229933023452759,1.4229933023452759,1.4229933023452759,1.4229933023452759,1532756,3.36238694190979,3.36238694190979,3.36238694190979,3.36238694190979,0.4232092638145433,3.36238694190979,3.36238694190979,0
2005-05-09,BBDC3,BBDC3.SA,1.469462275505066,1.469462275505066,1.469462275505066,1.469462275505066,1.469462275505066,3754023,3.472188949584961,3.472188949584961,3.472188949584961,3.472188949584961,0.4232091907557952,3.472188949584961,3.472188949584961,0
2005-05-10,BBDC3,BBDC3.SA,1.4845393896102905,1.4845393896102905,1.4845393896102905,1.4845393896102905,1.4845393896102905,2803222,3.5078139305114746,3.5078139305114746,3.5078139305114746,3.5078139305114746,0.42320927478437537,3.5078139305114746,3.5078139305114746,0
2005-05-11,BBDC3,BBDC3.SA,1.4457111358642578,1.4457111358642578,1.4457111358642578,1.4457111358642578,1.4457111358642578,3885168,3.4160680770874023,3.4160680770874023,3.4160680770874023,3.4160680770874023,0.42320911153998303,3.4160680770874023,3.4160680770874023,0
2005-05-12,BBDC3,BBDC3.SA,1.4044042825698853,1.4044042825698853,1.4044042825698853,1.4044042825698853,1.4044042825698853,6753963,3.3184659481048584,3.3184659481048584,3.3184659481048584,3.3184659481048584,0.4232088876403647,3.3184659481048584,3.3184659481048584,0
2005-05-13,BBDC3,BBDC3.SA,1.4250576496124268,1.4250576496124268,1.4250576496124268,1.4250576496124268,1.4250576496124268,4803182,3.367266893386841,3.367266893386841,3.367266893386841,3.367266893386841,0.4232089984940532,3.367266893386841,3.367266893386841,0
2005-05-16,BBDC3,BBDC3.SA,1.4560370445251465,1.4560370445251465,1.4560370445251465,1.4560370445251465,1.4560370445251465,1639311,3.4404680728912354,3.4404680728912354,3.4404680728912354,3.4404680728912354,0.4232089976354728,3.4404680728912354,3.4404680728912354,0
2005-05-17,BBDC3,BBDC3.SA,1.4455043077468872,1.4455043077468872,1.4455043077468872,1.4455043077468872,1.4455043077468872,4016313,3.4155800342559814,3.4155800342559814,3.4155800342559814,3.4155800342559814,0.42320902840789754,3.4155800342559814,3.4155800342559814,0
2005-05-18,BBDC3,BBDC3.SA,1.4870166778564453,1.4870166778564453,1.4870166778564453,1.4870166778564453,1.4870166778564453,2327822,3.513669967651367,3.513669967651367,3.513669967651367,3.513669967651367,0.4232089785172419,3.513669967651367,3.513669967651367,0
2005-05-19,BBDC3,BBDC3.SA,1.497137188911438,1.497137188911438,1.497137188911438,1.497137188911438,1.497137188911438,7467063,3.5375819206237793,3.5375819206237793,3.5375819206237793,3.5375819206237793,0.4232091927492237,3.5375819206237793,3.5375819206237793,0
2005-05-20,BBDC3,BBDC3.SA,1.4560370445251465,1.4560370445251465,1.4560370445251465,1.4560370445251465,1.4560370445251465,4885148,3.4404680728912354,3.4404680728912354,3.4404680728912354,3.4404680728912354,0.4232089976354728,3.4404680728912354,3.4404680728912354,0
2005-05-23,BBDC3,BBDC3.SA,1.4064700603485107,1.4064700603485107,1.4064700603485107,1.4064700603485107,1.4064700603485107,2098318,3.323345899581909,3.323345899581909,3.323345899581909,3.323345899581909,0.42320904980894425,3.323345899581909,3.323345899581909,0
2005-05-24,BBDC3,BBDC3.SA,1.4312539100646973,1.4312539100646973,1.4312539100646973,1.4312539100646973,1.4312539100646973,2245856,3.3819069862365723,3.3819069862365723,3.3819069862365723,3.3819069862365723,0.42320912901789004,3.3819069862365723,3.3819069862365723,0
2005-05-25,BBDC3,BBDC3.SA,1.4391019344329834,1.4391019344329834,1.4391019344329834,1.4391019344329834,1.4391019344329834,3426160,3.400451898574829,3.400451898574829,3.400451898574829,3.400451898574829,0.42320902555220047,3.400451898574829,3.400451898574829,0
2005-05-27,BBDC3,BBDC3.SA,1.433319330215454,1.433319330215454,1.433319330215454,1.433319330215454,1.433319330215454,1409807,3.386786937713623,3.386786937713623,3.386786937713623,3.386786937713623,0.42320918220591397,3.386786937713623,3.386786937713623,0
2005-05-30,BBDC3,BBDC3.SA,1.4457111358642578,1.4457111358642578,1.4457111358642578,1.4457111358642578,1.4457111358642578,1319645,3.4160680770874023,3.4160680770874023,3.4160680770874023,3.4160680770874023,0.42320911153998303,3.4160680770874023,3.4160680770874023,0
2005-05-31,BBDC3,BBDC3.SA,1.4457111358642578,1.4457111358642578,1.4457111358642578,1.4457111358642578,1.4457111358642578,6286759,3.4160680770874023,3.4160680770874023,3.4160680770874023,3.4160680770874023,0.42320911153998303,3.4160680770874023,3.4160680770874023,0
2005-06-01,BBDC3,BBDC3.SA,1.4560370445251465,1.4560370445251465,1.4560370445251465,1.4560370445251465,1.4560370445251465,1065552,3.4404680728912354,3.4404680728912354,3.4404680728912354,3.4404680728912354,0.4232089976354728,3.4404680728912354,3.4404680728912354,0
2005-06-02,BBDC3,BBDC3.SA,1.4725611209869385,1.4725611209869385,1.4725611209869385,1.4725611209869385,1.4725611209869385,2221267,3.479509115219116,3.479509115219116,3.479509115219116,3.479509115219116,0.42320944484555734,3.479509115219116,3.479509115219116,0
2005-06-03,BBDC3,BBDC3.SA,1.4973443746566772,1.4973443746566772,1.4973443746566772,1.4973443746566772,1.4973443746566772,4286799,3.5380699634552,3.5380699634552,3.5380699634552,3.5380699634552,0.42320937407195985,3.5380699634552,3.5380699634552,0
2005-06-06,BBDC3,BBDC3.SA,1.507670283317566,1.507670283317566,1.507670283317566,1.507670283317566,1.507670283317566,2540932,3.5624709129333496,3.5624709129333496,3.5624709129333496,3.5624709129333496,0.4232091489769233,3.5624709129333496,3.5624709129333496,0
2005-06-07,BBDC3,BBDC3.SA,1.5283242464065552,1.5283242464065552,1.5283242464065552,1.5283242464065552,1.5283242464065552,3606485,3.611272096633911,3.611272096633911,3.611272096633911,3.611272096633911,0.423209385920024,3.611272096633911,3.611272096633911,0
2005-06-08,BBDC3,BBDC3.SA,1.4950720071792603,1.4950720071792603,1.4950720071792603,1.4950720071792603,1.4950720071792603,2172087,3.5327019691467285,3.5327019691467285,3.5327019691467285,3.5327019691467285,0.4232092093351347,3.5327019691467285,3.5327019691467285,0
2005-06-09,BBDC3,BBDC3.SA,1.4766900539398193,1.4766900539398193,1.4766900539398193,1.4766900539398193,1.4766900539398193,2286839,3.4892690181732178,3.4892690181732178,3.4892690181732178,3.4892690181732178,0.4232090005811389,3.4892690181732178,3.4892690181732178,0
2005-06-10,BBDC3,BBDC3.SA,1.4870166778564453,1.4870166778564453,1.4870166778564453,1.4870166778564453,1.4870166778564453,1499969,3.513669967651367,3.513669967651367,3.513669967651367,3.513669967651367,0.4232089785172419,3.513669967651367,3.513669967651367,0
2005-06-13,BBDC3,BBDC3.SA,1.468016266822815,1.468016266822815,1.468016266822815,1.468016266822815,1.468016266822815,1680294,3.4687728881835938,3.4687728881835938,3.4687728881835938,3.4687728881835938,0.42320910424076064,3.4687728881835938,3.4687728881835938,0
2005-06-14,BBDC3,BBDC3.SA,1.5179954767227173,1.5179954767227173,1.5179954767227173,1.5179954767227173,1.5179954767227173,1049159,3.5868709087371826,3.5868709087371826,3.5868709087371826,3.5868709087371826,0.42320884005751763,3.5868709087371826,3.5868709087371826,0
2005-06-15,BBDC3,BBDC3.SA,1.4859849214553833,1.4859849214553833,1.4859849214553833,1.4859849214553833,1.4859849214553833,2606505,3.511229991912842,3.511229991912842,3.511229991912842,3.511229991912842,0.4232092243680828,3.511229991912842,3.511229991912842,0
2005-06-16,BBDC3,BBDC3.SA,1.5124201774597168,1.5124201774597168,1.5124201774597168,1.5124201774597168,1.5124201774597168,4442534,3.573694944381714,3.573694944381714,3.573694944381714,3.573694944381714,0.42320908779229366,3.573694944381714,3.573694944381714,0
2005-06-17,BBDC3,BBDC3.SA,1.536171555519104,1.536171555519104,1.536171555519104,1.536171555519104,1.536171555519104,565562,3.6298160552978516,3.6298160552978516,3.6298160552978516,3.6298160552978516,0.4232092018208483,3.6298160552978516,3.6298160552978516,0
2005-06-20,BBDC3,BBDC3.SA,1.5487697124481201,1.5487697124481201,1.5487697124481201,1.5487697124481201,1.5487697124481201,778672,3.6595849990844727,3.6595849990844727,3.6595849990844727,3.6595849990844727,0.4232091105509449,3.6595849990844727,3.6595849990844727,0
2005-06-21,BBDC3,BBDC3.SA,1.5283242464065552,1.5283242464065552,1.5283242464065552,1.5283242464065552,1.5283242464065552,2491753,3.611272096633911,3.611272096633911,3.611272096633911,3.611272096633911,0.423209385920024,3.611272096633911,3.611272096633911,0
2005-06-22,BBDC3,BBDC3.SA,1.5169628858566284,1.5169628858566284,1.5169628858566284,1.5169628858566284,1.5169628858566284,1106535,3.5844309329986572,3.5844309329986572,3.5844309329986572,3.5844309329986572,0.42320884799071024,3.5844309329986572,3.5844309329986572,0
2005-06-23,BBDC3,BBDC3.SA,1.513866901397705,1.513866901397705,1.513866901397705,1.513866901397705,1.513866901397705,1344235,3.577111005783081,3.577111005783081,3.577111005783081,3.577111005783081,0.42320937173888395,3.577111005783081,3.577111005783081,0
2005-06-24,BBDC3,BBDC3.SA,1.5159318447113037,1.5159318447113037,1.5159318447113037,1.5159318447113037,1.5159318447113037,352451,3.581990957260132,3.581990957260132,3.581990957260132,3.581990957260132,0.4232092885769989,3.581990957260132,3.581990957260132,0
2005-06-27,BBDC3,BBDC3.SA,1.5491821765899658,1.5491821765899658,1.5491821765899658,1.5491821765899658,1.5491821765899658,2327822,3.6605610847473145,3.6605610847473145,3.6605610847473145,3.6605610847473145,0.4232089400297235,3.6605610847473145,3.6605610847473145,0
2005-06-28,BBDC3,BBDC3.SA,1.5944130420684814,1.5944130420684814,1.5944130420684814,1.5944130420684814,1.5944130420684814,3524519,3.767435073852539,3.767435073852539,3.767435073852539,3.767435073852539,0.423209162417775,3.767435073852539,3.767435073852539,0
2005-06-29,BBDC3,BBDC3.SA,1.5902819633483887,1.5902819633483887,1.5902819633483887,1.5902819633483887,1.5902819633483887,1524559,3.7576749324798584,3.7576749324798584,3.7576749324798584,3.7576749324798584,0.42320903003147486,3.7576749324798584,3.7576749324798584,0
2005-06-30,BBDC3,BBDC3.SA,1.6419135332107544,1.6419135332107544,1.6419135332107544,1.6419135332107544,1.6419135332107544,10417824,3.8796770572662354,3.8796770572662354,3.8796770572662354,3.8796770572662354,0.4232088158305907,3.8796770572662354,3.8796770572662354,0
2005-07-01,BBDC3,BBDC3.SA,1.6260126829147339,1.6260126829147339,1.6260126829147339,1.6260126829147339,1.6260126829147339,2172087,3.842099905014038,3.842099905014038,3.842099905014038,3.842099905014038,0.4232093706862609,3.842099905014038,3.842099905014038,0
2005-07-04,BBDC3,BBDC3.SA,1.598543643951416,1.598543643951416,1.598543643951416,1.598543643951416,1.598543643951416,1573739,3.7771949768066406,3.7771949768066406,3.7771949768066406,3.7771949768066406,0.42320919459203427,3.7771949768066406,3.7771949768066406,0
2005-07-05,BBDC3,BBDC3.SA,1.5892492532730103,1.5892492532730103,1.5892492532730103,1.5892492532730103,1.5892492532730103,2401591,3.755234956741333,3.755234956741333,3.755234956741333,3.755234956741333,0.4232090059824399,3.755234956741333,3.755234956741333,0
2005-07-06,BBDC3,BBDC3.SA,1.5531073808670044,1.5531073808670044,1.5531073808670044,1.5531073808670044,1.5531073808670044,1467183,3.669832944869995,3.669832944869995,3.669832944869995,3.669832944869995,0.42320928614422904,3.669832944869995,3.669832944869995,0
2005-07-07,BBDC3,BBDC3.SA,1.5448459386825562,1.5448459386825562,1.5448459386825562,1.5448459386825562,1.5448459386825562,6368725,3.650312900543213,3.650312900543213,3.650312900543213,3.650312900543213,0.42320918254779294,3.650312900543213,3.650312900543213,0
2005-07-08,BBDC3,BBDC3.SA,1.5283242464065552,1.5283242464065552,1.5283242464065552,1.5283242464065552,1.5283242464065552,688510,3.611272096633911,3.611272096633911,3.611272096633911,3.611272096633911,0.423209385920024,3.611272096633911,3.611272096633911,0
2005-07-11,BBDC3,BBDC3.SA,1.5423671007156372,1.5423671007156372,1.5423671007156372,1.5423671007156372,1.5423671007156372,2844205,3.644455909729004,3.644455909729004,3.644455909729004,3.644455909729004,0.42320915355245037,3.644455909729004,3.644455909729004,0
2005-07-12,BBDC3,BBDC3.SA,1.56549870967865,1.56549870967865,1.56549870967865,1.56549870967865,1.56549870967865,975390,3.6991140842437744,3.6991140842437744,3.6991140842437744,3.6991140842437744,0.42320909115694155,3.6991140842437744,3.6991140842437744,0
2005-07-13,BBDC3,BBDC3.SA,1.579954981803894,1.579954981803894,1.579954981803894,1.579954981803894,1.579954981803894,2926170,3.733273983001709,3.733273983001709,3.733273983001709,3.733273983001709,0.4232089551952852,3.733273983001709,3.733273983001709,0
2005-07-14,BBDC3,BBDC3.SA,1.6004011631011963,1.6004011631011963,1.6004011631011963,1.6004011631011963,1.6004011631011963,1975370,3.7815868854522705,3.7815868854522705,3.7815868854522705,3.7815868854522705,0.4232088833547431,3.7815868854522705,3.7815868854522705,0
2005-07-15,BBDC3,BBDC3.SA,1.5902819633483887,1.5902819633483887,1.5902819633483887,1.5902819633483887,1.5902819633483887,811459,3.7576749324798584,3.7576749324798584,3.7576749324798584,3.7576749324798584,0.42320903003147486,3.7576749324798584,3.7576749324798584,0
2005-07-18,BBDC3,BBDC3.SA,1.6253918409347534,1.6253918409347534,1.6253918409347534,1.6253918409347534,1.6253918409347534,1491773,3.8406360149383545,3.8406360149383545,3.8406360149383545,3.8406360149383545,0.42320902960153134,3.8406360149383545,3.8406360149383545,0
2005-07-19,BBDC3,BBDC3.SA,1.6127947568893433,1.6127947568893433,1.6127947568893433,1.6127947568893433,1.6127947568893433,508186,3.81086802482605,3.81086802482605,3.81086802482605,3.81086802482605,0.4232092915269509,3.81086802482605,3.81086802482605,0
2005-07-20,BBDC3,BBDC3.SA,1.6181644201278687,1.6181644201278687,1.6181644201278687,1.6181644201278687,1.6181644201278687,3245836,3.8235559463500977,3.8235559463500977,3.8235559463500977,3.8235559463500977,0.4232092959624512,3.8235559463500977,3.8235559463500977,0
2005-07-21,BBDC3,BBDC3.SA,1.6109347343444824,1.6109347343444824,1.6109347343444824,1.6109347343444824,1.6109347343444824,1213090,3.80647611618042,3.80647611618042,3.80647611618042,3.80647611618042,0.42320894317365715,3.80647611618042,3.80647611618042,0
2005-07-22,BBDC3,BBDC3.SA,1.606805682182312,1.606805682182312,1.606805682182312,1.606805682182312,1.606805682182312,3221247,3.796715021133423,3.796715021133423,3.796715021133423,3.796715021133423,0.42320945165450863,3.796715021133423,3.796715021133423,0
2005-07-25,BBDC3,BBDC3.SA,1.5283242464065552,1.5283242464065552,1.5283242464065552,1.5283242464065552,1.5283242464065552,704903,3.611272096633911,3.611272096633911,3.611272096633911,3.611272096633911,0.423209385920024,3.611272096633911,3.611272096633911,0
2005-07-26,BBDC3,BBDC3.SA,1.5696287155151367,1.5696287155151367,1.5696287155151367,1.5696287155151367,1.5696287155151367,2565522,3.708873987197876,3.708873987197876,3.708873987197876,3.708873987197876,0.4232089634032082,3.708873987197876,3.708873987197876,0
2005-07-27,BBDC3,BBDC3.SA,1.5778898000717163,1.5778898000717163,1.5778898000717163,1.5778898000717163,1.5778898000717163,1639311,3.728394031524658,3.728394031524658,3.728394031524658,3.728394031524658,0.4232089705997269,3.728394031524658,3.728394031524658,0
2005-07-28,BBDC3,BBDC3.SA,1.588217854499817,1.588217854499817,1.588217854499817,1.588217854499817,1.588217854499817,418024,3.7527949810028076,3.7527949810028076,3.7527949810028076,3.7527949810028076,0.4232093313222827,3.7527949810028076,3.7527949810028076,0
2005-07-29,BBDC3,BBDC3.SA,1.5778898000717163,1.5778898000717163,1.5778898000717163,1.5778898000717163,1.5778898000717163,475400,3.728394031524658,3.728394031524658,3.728394031524658,3.728394031524658,0.4232089705997269,3.728394031524658,3.728394031524658,0
2005-08-01,BBDC3,BBDC3.SA,1.5933802127838135,1.5933802127838135,1.5933802127838135,1.5933802127838135,1.5933802127838135,2499949,3.7649950981140137,3.7649950981140137,3.7649950981140137,3.7649950981140137,0.4232091068543436,3.7649950981140137,3.7649950981140137,0
2005-08-02,BBDC3,BBDC3.SA,1.6419135332107544,1.6419135332107544,1.6419135332107544,1.6419135332107544,1.6419135332107544,4106475,3.8796770572662354,3.8796770572662354,3.8796770572662354,3.8796770572662354,0.4232088158305907,3.8796770572662354,3.8796770572662354,0
2005-08-03,BBDC3,BBDC3.SA,1.6006089448928833,1.6006089448928833,1.6006089448928833,1.6006089448928833,1.6006089448928833,2901581,3.7820749282836914,3.7820749282836914,3.7820749282836914,3.7820749282836914,0.42320921061689304,3.7820749282836914,3.7820749282836914,0
2005-08-04,BBDC3,BBDC3.SA,1.6107287406921387,1.6107287406921387,1.6107287406921387,1.6107287406921387,1.6107287406921387,2024549,3.805988073348999,3.805988073348999,3.805988073348999,3.805988073348999,0.42320908779801086,3.805988073348999,3.805988073348999,0
2005-08-05,BBDC3,BBDC3.SA,1.588217854499817,1.588217854499817,1.588217854499817,1.588217854499817,1.588217854499817,819655,3.7527949810028076,3.7527949810028076,3.7527949810028076,3.7527949810028076,0.4232093313222827,3.7527949810028076,3.7527949810028076,0
2005-08-08,BBDC3,BBDC3.SA,1.6315889358520508,1.6315889358520508,1.6315889358520508,1.6315889358520508,1.6315889358520508,1721277,3.8552770614624023,3.8552770614624023,3.8552770614624023,3.8552770614624023,0.42320925573975443,3.8552770614624023,3.8552770614624023,0
2005-08-09,BBDC3,BBDC3.SA,1.7346471548080444,1.7346471548080444,1.7346471548080444,1.7346471548080444,1.7346471548080444,5696607,4.098793029785156,4.098793029785156,4.098793029785156,4.098793029785156,0.42320925750646365,4.098793029785156,4.098793029785156,0
2005-08-10,BBDC3,BBDC3.SA,1.776159644126892,1.776159644126892,1.776159644126892,1.776159644126892,1.776159644126892,8122788,4.196883201599121,4.196883201599121,4.196883201599121,4.196883201599121,0.4232092147453923,4.196883201599121,4.196883201599121,0
2005-08-11,BBDC3,BBDC3.SA,1.7658334970474243,1.7658334970474243,1.7658334970474243,1.7658334970474243,1.7658334970474243,3434357,4.172482967376709,4.172482967376709,4.172482967376709,4.172482967376709,0.4232092763119475,4.172482967376709,4.172482967376709,0
2005-08-12,BBDC3,BBDC3.SA,1.776159644126892,1.776159644126892,1.776159644126892,1.776159644126892,1.776159644126892,4442534,4.196883201599121,4.196883201599121,4.196883201599121,4.196883201599121,0.4232092147453923,4.196883201599121,4.196883201599121,0
2005-08-15,BBDC3,BBDC3.SA,1.8030074834823608,1.8030074834823608,1.8030074834823608,1.8030074834823608,1.8030074834823608,1778652,4.260324954986572,4.260324954986572,4.260324954986572,4.260324954986572,0.4232089107127847,4.260324954986572,4.260324954986572,0
2005-08-16,BBDC3,BBDC3.SA,1.817465901374817,1.817465901374817,1.817465901374817,1.817465901374817,1.817465901374817,1295056,4.294485092163086,4.294485092163086,4.294485092163086,4.294485092163086,0.4232092701151697,4.294485092163086,4.294485092163086,0
2005-08-17,BBDC3,BBDC3.SA,1.828823208808899,1.828823208808899,1.828823208808899,1.828823208808899,1.828823208808899,2524539,4.321325778961182,4.321325778961182,4.321325778961182,4.321325778961182,0.42320882579895097,4.321325778961182,4.321325778961182,0
2005-08-18,BBDC3,BBDC3.SA,1.8071377277374268,1.8071377277374268,1.8071377277374268,1.8071377277374268,1.8071377277374268,508186,4.270084857940674,4.270084857940674,4.270084857940674,4.270084857940674,0.4232088559965883,4.270084857940674,4.270084857940674,0
2005-08-19,BBDC3,BBDC3.SA,1.758604645729065,1.758604645729065,1.758604645729065,1.758604645729065,1.758604645729065,1483576,4.155403137207031,4.155403137207031,4.155403137207031,4.155403137207031,0.42320915388033203,4.155403137207031,4.155403137207031,0
2005-08-22,BBDC3,BBDC3.SA,1.817465901374817,1.817465901374817,1.817465901374817,1.817465901374817,1.817465901374817,1581935,4.294485092163086,4.294485092163086,4.294485092163086,4.294485092163086,0.4232092701151697,4.294485092163086,4.294485092163086,0
2005-08-23,BBDC3,BBDC3.SA,1.7945406436920166,1.7945406436920166,1.7945406436920166,1.7945406436920166,1.7945406436920166,1147518,4.240315914154053,4.240315914154053,4.240315914154053,4.240315914154053,0.4232091853585464,4.240315914154053,4.240315914154053,0
2005-08-24,BBDC3,BBDC3.SA,1.7142006158828735,1.7142006158828735,1.7142006158828735,1.7142006158828735,1.7142006158828735,1827832,4.050480842590332,4.050480842590332,4.050480842590332,4.050480842590332,0.4232091651584312,4.050480842590332,4.050480842590332,0
2005-08-25,BBDC3,BBDC3.SA,1.8536082506179807,1.8536082506179807,1.8536082506179807,1.853608250617981,1.853608250617981,967193,4.379887104034424,4.379887104034424,4.379887104034424,4.379887104034424,0.4232091390918674,4.379887104034424,4.379887104034424,0
2005-08-26,BBDC3,BBDC3.SA,1.8156068325042725,1.8156068325042725,1.8156068325042725,1.8156068325042725,1.8156068325042725,401631,4.290092945098877,4.290092945098877,4.290092945098877,4.290092945098877,0.4232092068258038,4.290092945098877,4.290092945098877,0
2005-08-29,BBDC3,BBDC3.SA,1.8298572301864624,1.8298572301864624,1.8298572301864624,1.8298572301864624,1.8298572301864624,2844205,4.323766231536865,4.323766231536865,4.323766231536865,4.323766231536865,0.4232091034061402,4.323766231536865,4.323766231536865,0
2005-08-30,BBDC3,BBDC3.SA,1.8275866508483887,1.8275866508483887,1.8275866508483887,1.8275866508483887,1.8275866508483887,647528,4.3183979988098145,4.3183979988098145,4.3183979988098145,4.3183979988098145,0.42320940574539134,4.3183979988098145,4.3183979988098145,0
2005-08-31,BBDC3,BBDC3.SA,1.8302714824676511,1.8302714824676511,1.8302714824676511,1.8302714824676514,1.8302714824676514,2663881,4.324741840362549,4.324741840362549,4.324741840362549,4.324741840362549,0.42320941920413385,4.324741840362549,4.324741840362549,0
2005-09-01,BBDC3,BBDC3.SA,1.838118076324463,1.838118076324463,1.838118076324463,1.838118076324463,1.838118076324463,1868815,4.343286037445068,4.343286037445068,4.343286037445068,4.343286037445068,0.42320907729248547,4.343286037445068,4.343286037445068,0
2005-09-02,BBDC3,BBDC3.SA,1.8897510766983032,1.8897510766983032,1.8897510766983032,1.8897510766983032,1.8897510766983032,2147498,4.465289115905762,4.465289115905762,4.465289115905762,4.465289115905762,0.4232091198679252,4.465289115905762,4.465289115905762,0
2005-09-05,BBDC3,BBDC3.SA,1.898012638092041,1.898012638092041,1.898012638092041,1.898012638092041,1.898012638092041,836048,4.484808921813965,4.484808921813965,4.484808921813965,4.484808921813965,0.42320925399077075,4.484808921813965,4.484808921813965,0
2005-09-06,BBDC3,BBDC3.SA,1.968025803565979,1.968025803565979,1.968025803565979,1.968025803565979,1.968025803565979,4540892,4.650245189666748,4.650245189666748,4.650245189666748,4.650245189666748,0.4232090402327827,4.650245189666748,4.650245189666748,0
2005-09-08,BBDC3,BBDC3.SA,1.9630690813064575,1.9630690813064575,1.9630690813064575,1.9630690813064575,1.9630690813064575,1327842,4.6385321617126465,4.6385321617126465,4.6385321617126465,4.6385321617126465,0.42320911289782887,4.6385321617126465,4.6385321617126465,0
2005-09-09,BBDC3,BBDC3.SA,1.9930155277252197,1.9930155277252197,1.9930155277252197,1.9930155277252197,1.9930155277252197,2213070,4.709293842315674,4.709293842315674,4.709293842315674,4.709293842315674,0.42320899787922467,4.709293842315674,4.709293842315674,0
2005-09-12,BBDC3,BBDC3.SA,1.9930155277252197,1.9930155277252197,1.9930155277252197,1.9930155277252197,1.9930155277252197,3172067,4.709293842315674,4.709293842315674,4.709293842315674,4.709293842315674,0.42320899787922467,4.709293842315674,4.709293842315674,0
2005-09-13,BBDC3,BBDC3.SA,1.9620370864868164,1.9620370864868164,1.9620370864868164,1.9620370864868164,1.9620370864868164,2655684,4.636092185974121,4.636092185974121,4.636092185974121,4.636092185974121,0.42320924774159974,4.636092185974121,4.636092185974121,0
2005-09-14,BBDC3,BBDC3.SA,1.9269274473190308,1.9269274473190308,1.9269274473190308,1.9269274473190308,1.9269274473190308,1827832,4.553131103515625,4.553131103515625,4.553131103515625,4.553131103515625,0.42320930443474064,4.553131103515625,4.553131103515625,0
2005-09-15,BBDC3,BBDC3.SA,1.9915702342987058,1.9915702342987058,1.9915702342987058,1.991570234298706,1.991570234298706,2131104,4.705877780914307,4.705877780914307,4.705877780914307,4.705877780914307,0.42320908595967893,4.705877780914307,4.705877780914307,0
2005-09-16,BBDC3,BBDC3.SA,1.98805832862854,1.98805832862854,1.98805832862854,1.98805832862854,1.98805832862854,1942584,4.697580814361572,4.697580814361572,4.697580814361572,4.697580814361572,0.42320896801830293,4.697580814361572,4.697580814361572,0
2005-09-19,BBDC3,BBDC3.SA,1.999211311340332,1.999211311340332,1.999211311340332,1.999211311340332,1.999211311340332,2647488,4.723934173583984,4.723934173583984,4.723934173583984,4.723934173583984,0.4232089690241297,4.723934173583984,4.723934173583984,0
2005-09-20,BBDC3,BBDC3.SA,2.0475401878356934,2.0475401878356934,2.0475401878356934,2.0475401878356934,2.0475401878356934,8811299,4.838128089904785,4.838128089904785,4.838128089904785,4.838128089904785,0.42320917300806504,4.838128089904785,4.838128089904785,0
2005-09-21,BBDC3,BBDC3.SA,2.105988025665283,2.105988025665283,2.105988025665283,2.105988025665283,2.105988025665283,3426160,4.9762349128723145,4.9762349128723145,4.9762349128723145,4.9762349128723145,0.4232091254811147,4.9762349128723145,4.9762349128723145,0
2005-09-22,BBDC3,BBDC3.SA,2.0859529972076416,2.0859529972076416,2.0859529972076416,2.0859529972076416,2.0859529972076416,1098338,4.928897857666016,4.928897857666016,4.928897857666016,4.928897857666016,0.4232088100513822,4.928897857666016,4.928897857666016,0
2005-09-23,BBDC3,BBDC3.SA,2.0946297645568848,2.0946297645568848,2.0946297645568848,2.0946297645568848,2.0946297645568848,6573638,4.949395179748535,4.949395179748535,4.949395179748535,4.949395179748535,0.42320923839896474,4.949395179748535,4.949395179748535,0
2005-09-26,BBDC3,BBDC3.SA,2.0962817668914795,2.0962817668914795,2.0962817668914795,2.0962817668914795,2.0962817668914795,745886,4.953299045562744,4.953299045562744,4.953299045562744,4.953299045562744,0.42320920816791124,4.953299045562744,4.953299045562744,0
2005-09-27,BBDC3,BBDC3.SA,2.0692272186279297,2.0692272186279297,2.0692272186279297,2.0692272186279297,2.0692272186279297,3098298,4.889369010925293,4.889369010925293,4.889369010925293,4.889369010925293,0.4232094599536755,4.889369010925293,4.889369010925293,0
2005-09-28,BBDC3,BBDC3.SA,2.0653018951416016,2.0653018951416016,2.0653018951416016,2.0653018951416016,2.0653018951416016,3565502,4.880096912384033,4.880096912384033,4.880096912384033,4.880096912384033,0.423209196911759,4.880096912384033,4.880096912384033,0
2005-09-29,BBDC3,BBDC3.SA,2.081824541091919,2.081824541091919,2.081824541091919,2.081824541091919,2.081824541091919,2081925,4.919137954711914,4.919137954711914,4.919137954711914,4.919137954711914,0.4232092208550064,4.919137954711914,4.919137954711914,0
2005-09-30,BBDC3,BBDC3.SA,2.127260446548462,2.127260446548462,2.127260446548462,2.127260446548462,2.127260446548462,2344215,5.026500225067139,5.026500225067139,5.026500225067139,5.026500225067139,0.423209062229784,5.026500225067139,5.026500225067139,0
2005-10-03,BBDC3,BBDC3.SA,2.1685667037963867,2.1685667037963867,2.1685667037963867,2.1685667037963867,2.1685667037963867,3450750,5.1241021156311035,5.1241021156311035,5.1241021156311035,5.1241021156311035,0.42320911153998303,5.1241021156311035,5.1241021156311035,0
2005-10-04,BBDC3,BBDC3.SA,2.228255271911621,2.228255271911621,2.228255271911621,2.228255271911621,2.228255271911621,4204833,5.265137195587158,5.265137195587158,5.265137195587158,5.265137195587158,0.42320934652551445,5.265137195587158,5.265137195587158,0
2005-10-05,BBDC3,BBDC3.SA,2.127260446548462,2.127260446548462,2.127260446548462,2.127260446548462,2.127260446548462,934407,5.026500225067139,5.026500225067139,5.026500225067139,5.026500225067139,0.423209062229784,5.026500225067139,5.026500225067139,0
2005-10-06,BBDC3,BBDC3.SA,2.085747480392456,2.085747480392456,2.085747480392456,2.085747480392456,2.085747480392456,631134,4.928410053253174,4.928410053253174,4.928410053253174,4.928410053253174,0.4232089980044748,4.928410053253174,4.928410053253174,0
2005-10-07,BBDC3,BBDC3.SA,2.1035115718841553,2.1035115718841553,2.1035115718841553,2.1035115718841553,2.1035115718841553,999979,4.970378875732422,4.970378875732422,4.970378875732422,4.970378875732422,0.423209502630559,4.970378875732422,4.970378875732422,0
2005-10-10,BBDC3,BBDC3.SA,2.1386196613311768,2.1386196613311768,2.1386196613311768,2.1386196613311768,2.1386196613311768,237700,5.053340911865234,5.053340911865234,5.053340911865234,5.053340911865234,0.42320906082344495,5.053340911865234,5.053340911865234,0
2005-10-11,BBDC3,BBDC3.SA,2.2301137447357178,2.2301137447357178,2.2301137447357178,2.2301137447357178,2.2301137447357178,1524559,5.269528865814209,5.269528865814209,5.269528865814209,5.269528865814209,0.4232093231718424,5.269528865814209,5.269528865814209,0
2005-10-13,BBDC3,BBDC3.SA,2.1444036960601807,2.1444036960601807,2.1444036960601807,2.1444036960601807,2.1444036960601807,2917974,5.067005157470703,5.067005157470703,5.067005157470703,5.067005157470703,0.42320929807985486,5.067005157470703,5.067005157470703,0
2005-10-14,BBDC3,BBDC3.SA,2.102477550506592,2.102477550506592,2.102477550506592,2.102477550506592,2.102477550506592,549169,4.9679388999938965,4.9679388999938965,4.9679388999938965,4.9679388999938965,0.42320922073119194,4.9679388999938965,4.9679388999938965,0
2005-10-17,BBDC3,BBDC3.SA,2.1809608936309814,2.1809608936309814,2.1809608936309814,2.1809608936309814,2.1809608936309814,2426180,5.153382778167725,5.153382778167725,5.153382778167725,5.153382778167725,0.42320956690246436,5.153382778167725,5.153382778167725,0
2005-10-18,BBDC3,BBDC3.SA,2.1809608936309814,2.1809608936309814,2.1809608936309814,2.1809608936309814,2.1809608936309814,327862,5.153382778167725,5.153382778167725,5.153382778167725,5.153382778167725,0.42320956690246436,5.153382778167725,5.153382778167725,0
2005-10-19,BBDC3,BBDC3.SA,2.1066091060638428,2.1066091060638428,2.1066091060638428,2.1066091060638428,2.1066091060638428,2688470,4.977698802947998,4.977698802947998,4.977698802947998,4.977698802947998,0.42320943662083815,4.977698802947998,4.977698802947998,0
2005-10-20,BBDC3,BBDC3.SA,2.039485216140747,2.039485216140747,2.039485216140747,2.039485216140747,2.039485216140747,1245876,4.819096088409424,4.819096088409424,4.819096088409424,4.819096088409424,0.423209078782634,4.819096088409424,4.819096088409424,0
2005-10-21,BBDC3,BBDC3.SA,2.1128032207489014,2.1128032207489014,2.1128032207489014,2.1128032207489014,2.1128032207489014,5376941,4.992339134216309,4.992339134216309,4.992339134216309,4.992339134216309,0.42320907373224087,4.992339134216309,4.992339134216309,0
2005-10-24,BBDC3,BBDC3.SA,2.1270556449890137,2.1270556449890137,2.1270556449890137,2.1270556449890137,2.1270556449890137,336058,5.026011943817139,5.026011943817139,5.026011943817139,5.026011943817139,0.423209429019694,5.026011943817139,5.026011943817139,0
2005-10-25,BBDC3,BBDC3.SA,2.127260446548462,2.127260446548462,2.127260446548462,2.127260446548462,2.127260446548462,524579,5.026500225067139,5.026500225067139,5.026500225067139,5.026500225067139,0.423209062229784,5.026500225067139,5.026500225067139,0
2005-10-26,BBDC3,BBDC3.SA,2.123337507247925,2.123337507247925,2.123337507247925,2.123337507247925,2.123337507247925,1467183,5.017228126525879,5.017228126525879,5.017228126525879,5.017228126525879,0.42320928084213005,5.017228126525879,5.017228126525879,0
2005-10-27,BBDC3,BBDC3.SA,2.0611729621887207,2.0611729621887207,2.0611729621887207,2.0611729621887207,2.0611729621887207,680314,4.870337009429932,4.870337009429932,4.870337009429932,4.870337009429932,0.42320951470049895,4.870337009429932,4.870337009429932,0
2005-10-28,BBDC3,BBDC3.SA,2.1004116535186768,2.1004116535186768,2.1004116535186768,2.1004116535186768,2.1004116535186768,655724,4.963058948516846,4.963058948516846,4.963058948516846,4.963058948516846,0.42320908844863936,4.963058948516846,4.963058948516846,0
2005-10-31,BBDC3,BBDC3.SA,2.1888067722320557,2.1888067722320557,2.1888067722320557,2.1888067722320557,2.1888067722320557,499989,5.171926975250244,5.171926975250244,5.171926975250244,5.171926975250244,0.4232091409461848,5.171926975250244,5.171926975250244,0
2005-11-01,BBDC3,BBDC3.SA,2.2924857139587402,2.2924857139587402,2.2924857139587402,2.2924857139587402,2.2924857139587402,3549109,5.416907787322998,5.416907787322998,5.416907787322998,5.416907787322998,0.42320929282269953,5.416907787322998,5.416907787322998,0
2005-11-03,BBDC3,BBDC3.SA,2.313138723373413,2.313138723373413,2.313138723373413,2.313138723373413,2.313138723373413,1721277,5.465709209442139,5.465709209442139,5.465709209442139,5.465709209442139,0.42320925514614144,5.465709209442139,5.465709209442139,0
2005-11-04,BBDC3,BBDC3.SA,2.2904205322265625,2.2904205322265625,2.2904205322265625,2.2904205322265625,2.2904205322265625,1221287,5.412027835845947,5.412027835845947,5.412027835845947,5.412027835845947,0.42320930373939025,5.412027835845947,5.412027835845947,0
2005-11-07,BBDC3,BBDC3.SA,2.3337912559509277,2.3337912559509277,2.3337912559509277,2.3337912559509277,2.3337912559509277,4040902,5.514510154724121,5.514510154724121,5.514510154724121,5.514510154724121,0.4232091682615973,5.514510154724121,5.514510154724121,0
2005-11-08,BBDC3,BBDC3.SA,2.3750972747802734,2.3750972747802734,2.3750972747802734,2.3750972747802734,2.3750972747802734,3516323,5.612112045288086,5.612112045288086,5.612112045288086,5.612112045288086,0.42320916895705935,5.612112045288086,5.612112045288086,0
2005-11-09,BBDC3,BBDC3.SA,2.395750045776367,2.395750045776367,2.395750045776367,2.395750045776367,2.395750045776367,3385178,5.660912990570068,5.660912990570068,5.660912990570068,5.660912990570068,0.4232091271791671,5.660912990570068,5.660912990570068,0
2005-11-10,BBDC3,BBDC3.SA,2.3934786319732666,2.3934786319732666,2.3934786319732666,2.3934786319732666,2.3934786319732666,1516363,5.655545234680176,5.655545234680176,5.655545234680176,5.655545234680176,0.42320917482832565,5.655545234680176,5.655545234680176,0
2005-11-11,BBDC3,BBDC3.SA,2.402980089187622,2.402980089187622,2.402980089187622,2.402980089187622,2.402980089187622,2426180,5.677992820739746,5.677992820739746,5.677992820739746,5.677992820739746,0.4232094271782743,5.677992820739746,5.677992820739746,0
2005-11-14,BBDC3,BBDC3.SA,2.4267287254333496,2.4267287254333496,2.4267287254333496,2.4267287254333496,2.4267287254333496,1868815,5.734114170074463,5.734114170074463,5.734114170074463,5.734114170074463,0.423209000284317,5.734114170074463,5.734114170074463,0
2005-11-16,BBDC3,BBDC3.SA,2.4246649742126465,2.4246649742126465,2.4246649742126465,2.4246649742126465,2.4246649742126465,6852321,5.729234218597412,5.729234218597412,5.729234218597412,5.729234218597412,0.42320926003374926,5.729234218597412,5.729234218597412,0
2005-11-17,BBDC3,BBDC3.SA,2.4339590072631836,2.4339590072631836,2.4339590072631836,2.4339590072631836,2.4339590072631836,1188500,5.751194953918457,5.751194953918457,5.751194953918457,5.751194953918457,0.42320926811998544,5.751194953918457,5.751194953918457,0
2005-11-18,BBDC3,BBDC3.SA,2.430859088897705,2.430859088897705,2.430859088897705,2.430859088897705,2.430859088897705,614741,5.7438740730285645,5.7438740730285645,5.7438740730285645,5.7438740730285645,0.42320898020941283,5.7438740730285645,5.7438740730285645,0
2005-11-21,BBDC3,BBDC3.SA,2.437056303024292,2.437056303024292,2.437056303024292,2.437056303024292,2.437056303024292,909817,5.758514881134033,5.758514881134033,5.758514881134033,5.758514881134033,0.4232091699560493,5.758514881134033,5.758514881134033,0
2005-11-22,BBDC3,BBDC3.SA,2.5093395709991455,2.5093395709991455,2.5093395709991455,2.5093395709991455,2.5093395709991455,7778532,5.929317951202393,5.929317951202393,5.929317951202393,5.929317951202393,0.423208806080349,5.929317951202393,5.929317951202393,0
2005-11-23,BBDC3,BBDC3.SA,2.5527122020721436,2.5527122020721436,2.5527122020721436,2.5527122020721436,2.5527122020721436,1202844,6.031799793243408,6.031799793243408,6.031799793243408,6.031799793243408,0.4232090403483873,6.031799793243408,6.031799793243408,0
2005-11-24,BBDC3,BBDC3.SA,2.5444509983062744,2.5444509983062744,2.5444509983062744,2.5444509983062744,2.5444509983062744,2012254,6.012279987335205,6.012279987335205,6.012279987335205,6.012279987335205,0.4232089995253264,6.012279987335205,6.012279987335205,0
2005-11-25,BBDC3,BBDC3.SA,2.5452792644500732,2.5452792644500732,2.5452792644500732,2.5452792644500732,2.5452792644500732,1135223,6.014232158660889,6.014232158660889,6.014232158660889,6.014232158660889,0.42320934697951496,6.014232158660889,6.014232158660889,0
2005-11-28,BBDC3,BBDC3.SA,2.560145139694214,2.560145139694214,2.560145139694214,2.560145139694214,2.560145139694214,3504028,6.049368858337402,6.049368858337402,6.049368858337402,6.049368858337402,0.42320863542082626,6.049368858337402,6.049368858337402,0
2005-11-29,BBDC3,BBDC3.SA,2.560976266860962,2.560976266860962,2.560976266860962,2.560976266860962,2.560976266860962,991783,6.051321029663086,6.051321029663086,6.051321029663086,6.051321029663086,0.4232094536560304,6.051321029663086,6.051321029663086,0
2005-11-30,BBDC3,BBDC3.SA,2.5485854148864746,2.5485854148864746,2.5485854148864746,2.5485854148864746,2.5485854148864746,1891355,6.022039890289307,6.022039890289307,6.022039890289307,6.022039890289307,0.4232096534259319,6.022039890289307,6.022039890289307,0
2005-12-01,BBDC3,BBDC3.SA,2.6229324340820312,2.6229324340820312,2.6229324340820312,2.6229324340820312,2.6229324340820312,2583964,6.197722911834717,6.197722911834717,6.197722911834717,6.197722911834717,0.42320905135553444,6.197722911834717,6.197722911834717,0
2005-12-02,BBDC3,BBDC3.SA,2.6559784412384033,2.6559784412384033,2.6559784412384033,2.6559784412384033,2.6559784412384033,4932278,6.2758049964904785,6.2758049964904785,6.2758049964904785,6.2758049964904785,0.42320920467153855,6.2758049964904785,6.2758049964904785,0
2005-12-05,BBDC3,BBDC3.SA,2.737764596939087,2.737764596939087,2.737764596939087,2.737764596939087,2.737764596939087,6477329,6.469057083129883,6.469057083129883,6.469057083129883,6.469057083129883,0.4232092191733284,6.469057083129883,6.469057083129883,0
2005-12-06,BBDC3,BBDC3.SA,2.8170735836029053,2.8170735836029053,2.8170735836029053,2.8170735836029053,2.8170735836029053,6815437,6.6564531326293945,6.6564531326293945,6.6564531326293945,6.6564531326293945,0.42320940709307164,6.6564531326293945,6.6564531326293945,0
2005-12-07,BBDC3,BBDC3.SA,2.8005499839782715,2.8005499839782715,2.8005499839782715,2.8005499839782715,2.8005499839782715,1811439,6.617412090301514,6.617412090301514,6.617412090301514,6.617412090301514,0.42320924641866575,6.617412090301514,6.617412090301514,0
2005-12-08,BBDC3,BBDC3.SA,2.6848902702331543,2.6848902702331543,2.6848902702331543,2.6848902702331543,2.6848902702331543,3022480,6.344126224517822,6.344126224517822,6.344126224517822,6.344126224517822,0.4232088352619775,6.344126224517822,6.344126224517822,0
2005-12-09,BBDC3,BBDC3.SA,2.6249966621398926,2.6249966621398926,2.6249966621398926,2.6249966621398926,2.6249966621398926,1643409,6.202603816986084,6.202603816986084,6.202603816986084,6.202603816986084,0.4232088231963538,6.202603816986084,6.202603816986084,0
2005-12-12,BBDC3,BBDC3.SA,2.6435861587524414,2.6435861587524414,2.6435861587524414,2.6435861587524414,2.6435861587524414,1364726,6.246523857116699,6.246523857116699,6.246523857116699,6.246523857116699,0.42320916708588074,6.246523857116699,6.246523857116699,0
2005-12-13,BBDC3,BBDC3.SA,2.6274759769439697,2.6274759769439697,2.6274759769439697,2.6274759769439697,2.6274759769439697,1219237,6.208459854125977,6.208459854125977,6.208459854125977,6.208459854125977,0.42320898236908455,6.208459854125977,6.208459854125977,0
2005-12-14,BBDC3,BBDC3.SA,2.6307806968688965,2.6307806968688965,2.6307806968688965,2.6307806968688965,2.6307806968688965,493842,6.216268062591553,6.216268062591553,6.216268062591553,6.216268062591553,0.42320901711116493,6.216268062591553,6.216268062591553,0
2005-12-15,BBDC3,BBDC3.SA,2.6113667488098145,2.6113667488098145,2.6113667488098145,2.6113667488098145,2.6113667488098145,1233581,6.1703948974609375,6.1703948974609375,6.1703948974609375,6.1703948974609375,0.42320901533941835,6.1703948974609375,6.1703948974609375,0
2005-12-16,BBDC3,BBDC3.SA,2.6559784412384033,2.6559784412384033,2.6559784412384033,2.6559784412384033,2.6559784412384033,3358539,6.2758049964904785,6.2758049964904785,6.2758049964904785,6.2758049964904785,0.42320920467153855,6.2758049964904785,6.2758049964904785,0
2005-12-19,BBDC3,BBDC3.SA,2.643171787261963,2.643171787261963,2.643171787261963,2.643171787261963,2.643171787261963,297125,6.245547771453857,6.245547771453857,6.245547771453857,6.245547771453857,0.42320896164511723,6.245547771453857,6.245547771453857,0
2005-12-20,BBDC3,BBDC3.SA,2.643171787261963,2.643171787261963,2.643171787261963,2.643171787261963,2.643171787261963,1049159,6.245547771453857,6.245547771453857,6.245547771453857,6.245547771453857,0.42320896164511723,6.245547771453857,6.245547771453857,0
2005-12-21,BBDC3,BBDC3.SA,2.726198434829712,2.726198434829712,2.726198434829712,2.726198434829712,2.726198434829712,2538883,6.441728115081787,6.441728115081787,6.441728115081787,6.441728115081787,0.4232091740175996,6.441728115081787,6.441728115081787,0
2005-12-22,BBDC3,BBDC3.SA,2.73445987701416,2.73445987701416,2.73445987701416,2.73445987701416,2.73445987701416,799164,6.461248874664307,6.461248874664307,6.461248874664307,6.461248874664307,0.42320918603467794,6.461248874664307,6.461248874664307,0
2005-12-23,BBDC3,BBDC3.SA,2.7365238666534424,2.7365238666534424,2.7365238666534424,2.7365238666534424,2.7365238666534424,1172107,6.466128826141357,6.466128826141357,6.466128826141357,6.466128826141357,0.4232089926186105,6.466128826141357,6.466128826141357,0
2005-12-26,BBDC3,BBDC3.SA,2.6601104736328125,2.6601104736328125,2.6601104736328125,2.6601104736328125,2.6601104736328125,391385,6.28556489944458,6.28556489944458,6.28556489944458,6.28556489944458,0.42320945152724004,6.28556489944458,6.28556489944458,0
2005-12-27,BBDC3,BBDC3.SA,2.6642398834228516,2.6642398834228516,2.6642398834228516,2.6642398834228516,2.6642398834228516,551218,6.295324802398682,6.295324802398682,6.295324802398682,6.295324802398682,0.4232092810219589,6.295324802398682,6.295324802398682,0
2005-12-28,BBDC3,BBDC3.SA,2.6229324340820312,2.6229324340820312,2.6229324340820312,2.6229324340820312,2.6229324340820312,907768,6.197722911834717,6.197722911834717,6.197722911834717,6.197722911834717,0.42320905135553444,6.197722911834717,6.197722911834717,0
2005-12-29,BBDC3,BBDC3.SA,2.663825750350952,2.663825750350952,2.663825750350952,2.663825750350952,2.663825750350952,2370854,6.294349193572998,6.294349193572998,6.294349193572998,6.294349193572998,0.42320908300907706,6.294349193572998,6.294349193572998,0
